Company Name,PDF Link
Innova Captab Ltd,https://www.bseindia.com/stockinfo/AnnPdfOpen.aspx?Pname=6736f655-4b93-4b72-ad11-42fca1a72e1b.pdf
Alembic Ltd,https://www.bseindia.com/stockinfo/AnnPdfOpen.aspx?Pname=c563fbb6-70b8-43c2-86e2-ebe3ffadb3d4.pdf
Happiest Minds Technologies Ltd,https://www.bseindia.com/stockinfo/AnnPdfOpen.aspx?Pname=3632a2f2-4e90-4e59-adec-f241851d1bab.pdf
Balkrishna Industries Ltd-,https://www.bseindia.com/stockinfo/AnnPdfOpen.aspx?Pname=340b63c6-cfb1-4928-9f8d-ffb87b3c98e9.pdf
Shanthi Gears Ltd,https://www.bseindia.com/stockinfo/AnnPdfOpen.aspx?Pname=8df3a76f-b120-43e5-9c35-88cc969e9e86.pdf
Sumitomo Chemical India Ltd,https://www.bseindia.com/stockinfo/AnnPdfOpen.aspx?Pname=ee0e8bd0-b332-4b69-b622-6272131d6332.pdf
Torrent Pharmaceuticals Ltd,https://www.bseindia.com/stockinfo/AnnPdfOpen.aspx?Pname=a5e846a9-9190-4494-a112-590cf018c735.pdf
Godrej Properties Ltd,https://www.bseindia.com/stockinfo/AnnPdfOpen.aspx?Pname=3a251043-90e5-4748-b94a-2c9f364ef43a.pdf
Balkrishna Industries Ltd-,https://www.bseindia.com/stockinfo/AnnPdfOpen.aspx?Pname=bd430b36-c588-47b2-aba0-b87b26602c94.pdf
Greaves Cotton Ltd,https://www.bseindia.com/stockinfo/AnnPdfOpen.aspx?Pname=1791c83b-2dc1-4faa-a7f2-587f9a02a9db.pdf
Pix Transmissions Ltd,https://www.bseindia.com/stockinfo/AnnPdfOpen.aspx?Pname=4add3f2a-6e70-4d4b-875d-58e30ca992eb.pdf
Voltamp Transformers Ltd,https://www.bseindia.com/stockinfo/AnnPdfOpen.aspx?Pname=08c0ce17-0f64-42f1-ba59-ee0642133ca5.pdf
Sun Pharmaceutical Industries Ltd,https://www.bseindia.com/stockinfo/AnnPdfOpen.aspx?Pname=fc38eee2-c7fa-44bb-81a2-f13c151eff8d.pdf
Ideaforge Technology Ltd,https://www.bseindia.com/stockinfo/AnnPdfOpen.aspx?Pname=8383f4a9-ec78-4300-8ac6-099dccebcc34.pdf
Sonata Software Ltd,https://www.bseindia.com/stockinfo/AnnPdfOpen.aspx?Pname=f8c9034f-041e-4a5a-a705-70eb80076e0a.pdf
Neuland Laboratories Ltd,https://www.bseindia.com/stockinfo/AnnPdfOpen.aspx?Pname=fc4dc909-f8b0-41af-992b-1772e3dc9828.pdf
Novartis India Ltd,https://www.bseindia.com/stockinfo/AnnPdfOpen.aspx?Pname=861bc8a7-45cb-46da-acaa-f25ed7c6227b.pdf
Max Healthcare Institute Ltd,https://www.bseindia.com/stockinfo/AnnPdfOpen.aspx?Pname=f0d1a0ef-ebc7-4101-9585-57327648258f.pdf
Astec Lifesciences Ltd,https://www.bseindia.com/stockinfo/AnnPdfOpen.aspx?Pname=88182045-1b04-4429-ada0-ff50f322b556.pdf
Tube Investments of India Ltd,https://www.bseindia.com/stockinfo/AnnPdfOpen.aspx?Pname=2bb6c0ae-f08f-4de4-872a-b60dc935e31a.pdf
Thermax Ltd,https://www.bseindia.com/stockinfo/AnnPdfOpen.aspx?Pname=41bfc39f-0b4e-4de3-ac29-6f2aab62dc00.pdf
Borosil Ltd,https://www.bseindia.com/stockinfo/AnnPdfOpen.aspx?Pname=beb1eb22-0663-4433-aa24-28d5ecdc88f7.pdf
Dhanuka Agritech Ltd,https://www.bseindia.com/stockinfo/AnnPdfOpen.aspx?Pname=2fa309eb-f7cb-4a00-a8d3-853ea9da14fe.pdf
Transport Corporation of India Ltd,https://www.bseindia.com/stockinfo/AnnPdfOpen.aspx?Pname=cf06ee3c-e38e-4cf2-b5d2-38c1ee3b3681.pdf
Kirloskar Brothers Ltd-,https://www.bseindia.com/stockinfo/AnnPdfOpen.aspx?Pname=b5260602-05a5-447f-8888-85ffedd79182.pdf
ICRA Ltd,https://www.bseindia.com/stockinfo/AnnPdfOpen.aspx?Pname=f13a04f0-e3d8-4207-b6cf-3671b775b54d.pdf
Privi Speciality Chemicals Ltd,https://www.bseindia.com/stockinfo/AnnPdfOpen.aspx?Pname=6a6ec9fa-d81d-4567-bb2e-68922c6d3eba.pdf
Devyani International Ltd,https://www.bseindia.com/stockinfo/AnnPdfOpen.aspx?Pname=f3a15fc7-e645-42ce-bde4-912bc2ac6a3f.pdf
Saint Gobain Sekurit India Ltd,https://www.bseindia.com/stockinfo/AnnPdfOpen.aspx?Pname=9fcb0177-f984-438a-9941-7d4b8e206ed4.pdf
Thyrocare Technologies Ltd,https://www.bseindia.com/stockinfo/AnnPdfOpen.aspx?Pname=fb8dbe33-05c4-45ef-bbfb-0255095e3de8.pdf
Punjab Chemicals & Crop Protection Ltd-,https://www.bseindia.com/stockinfo/AnnPdfOpen.aspx?Pname=8b161321-409e-441b-98bc-59b3666afa19.pdf
CreditAccess Grameen Ltd,https://www.bseindia.com/stockinfo/AnnPdfOpen.aspx?Pname=5d2f372a-5a66-4b85-9ec2-d23f011071fd.pdf
IDFC First Bank Ltd,https://www.bseindia.com/stockinfo/AnnPdfOpen.aspx?Pname=48aa2892-27ba-4f7e-bc67-be217d358d53.pdf
NESCO Ltd,https://www.bseindia.com/stockinfo/AnnPdfOpen.aspx?Pname=b63f7583-f437-473e-b572-f93522a20551.pdf
Birlanu Ltd,https://www.bseindia.com/stockinfo/AnnPdfOpen.aspx?Pname=9d8df214-8072-487b-a2b0-7516da0d8560.pdf
Indian Hume Pipe Company Ltd,https://www.bseindia.com/stockinfo/AnnPdfOpen.aspx?Pname=17e7d9ae-bc55-4b73-8648-0d3772b1e520.pdf
Artemis Medicare Services Ltd,https://www.bseindia.com/stockinfo/AnnPdfOpen.aspx?Pname=dd29d9e1-7894-45ad-a24e-b50acd6a68f1.pdf
KEI Industries Ltd,https://www.bseindia.com/stockinfo/AnnPdfOpen.aspx?Pname=da23665e-8dbb-41f0-9ff9-4eb233f5c740.pdf
Graphite India Ltd,https://www.bseindia.com/stockinfo/AnnPdfOpen.aspx?Pname=e8b23a0b-24af-4e59-bf1e-8d5fd1b1d7b1.pdf
Aditya Birla Sun Life AMC Ltd,https://www.bseindia.com/stockinfo/AnnPdfOpen.aspx?Pname=b20d7ec5-bf46-4d8a-bae8-d75d1cdf699d.pdf
ASK Automotive Ltd,https://www.bseindia.com/stockinfo/AnnPdfOpen.aspx?Pname=68681783-a84c-49b1-9bf2-5ed0bbc5836d.pdf
Redington Ltd,https://www.bseindia.com/stockinfo/AnnPdfOpen.aspx?Pname=4bc8f8ff-eca3-4723-8444-3891f9f902cd.pdf
BF Investment Ltd,https://www.bseindia.com/stockinfo/AnnPdfOpen.aspx?Pname=801d29b0-12f9-4bee-9aef-3ef9f09adbf2.pdf
Aditya Birla Real Estate Ltd,https://www.bseindia.com/stockinfo/AnnPdfOpen.aspx?Pname=939aed4e-0442-446b-ab4c-bdd853ca75b5.pdf
Indian Metals & Ferro Alloys Ltd,https://www.bseindia.com/stockinfo/AnnPdfOpen.aspx?Pname=2eab1380-0e52-49d3-a9b3-c182a74b034d.pdf
TCPL Packaging Ltd-,https://www.bseindia.com/stockinfo/AnnPdfOpen.aspx?Pname=5bd8ca74-be52-4dbc-a0f3-9c4dbd40864b.pdf
IFB Industries Ltd,https://www.bseindia.com/stockinfo/AnnPdfOpen.aspx?Pname=ca664d6f-35ee-4bf8-9d5f-722257b8c743.pdf
Tips Music Ltd,https://www.bseindia.com/stockinfo/AnnPdfOpen.aspx?Pname=ace388eb-fc46-4af1-b334-f6a4077565f1.pdf
Shriram Pistons & Rings Ltd,https://www.bseindia.com/stockinfo/AnnPdfOpen.aspx?Pname=4c2a002c-7c2b-4bbf-b794-4c44c69c24cc.pdf
Central Bank of India,https://www.bseindia.com/stockinfo/AnnPdfOpen.aspx?Pname=6f1d4fe4-85a2-4736-ab24-1f059599bf8f.pdf
Zydus Wellness Ltd-,https://www.bseindia.com/stockinfo/AnnPdfOpen.aspx?Pname=e9f82c4d-57a8-424f-acd1-7e99c4fb173b.pdf
Poonawalla Fincorp Ltd,https://www.bseindia.com/stockinfo/AnnPdfOpen.aspx?Pname=d215282c-98e5-4d24-bfc6-9f5e95072965.pdf
Welspun Specialty Solutions Ltd,https://www.bseindia.com/stockinfo/AnnPdfOpen.aspx?Pname=c2b3900c-744f-4cb2-9e49-4e5fac9fb36a.pdf
Bosch Ltd,https://www.bseindia.com/stockinfo/AnnPdfOpen.aspx?Pname=c693a611-e440-4397-b178-831f4524ab2a.pdf
Apollo Tyres Ltd,https://www.bseindia.com/stockinfo/AnnPdfOpen.aspx?Pname=99433f77-ec3b-49a1-af1e-5bc9332d59b1.pdf
Safari Industries India Ltd,https://www.bseindia.com/stockinfo/AnnPdfOpen.aspx?Pname=53d5d189-20b1-4e37-a6e9-b18e9e576d4b.pdf
Safari Industries India Ltd,https://www.bseindia.com/stockinfo/AnnPdfOpen.aspx?Pname=e1794490-f485-42d4-b179-b4487f7e4552.pdf
Great Eastern Shipping Company Ltd,https://www.bseindia.com/stockinfo/AnnPdfOpen.aspx?Pname=39c70031-aab5-4b69-a990-516114e0a88a.pdf
Fiem Industries Ltd,https://www.bseindia.com/stockinfo/AnnPdfOpen.aspx?Pname=22720934-4c3b-40df-b5e7-a0d8e9ec237b.pdf
Rishabh Instruments Ltd,https://www.bseindia.com/stockinfo/AnnPdfOpen.aspx?Pname=892059b2-4b57-447e-b78d-b836e9766a18.pdf
GOCL Corporation Ltd-,https://www.bseindia.com/stockinfo/AnnPdfOpen.aspx?Pname=432acc4d-3f62-41e0-b707-b5b15ad0315d.pdf
Precision Camshafts Ltd,https://www.bseindia.com/stockinfo/AnnPdfOpen.aspx?Pname=245626aa-0ea0-4633-8d0f-6eee963edd83.pdf
Visaka Industries Ltd,https://www.bseindia.com/stockinfo/AnnPdfOpen.aspx?Pname=91b8a8e4-c0de-48c0-b92a-700f9fbcede8.pdf
Avadh Sugar & Energy Ltd,https://www.bseindia.com/stockinfo/AnnPdfOpen.aspx?Pname=4dc6a206-41ab-4966-9dcf-1ba61af9545d.pdf
GMM Pfaudler Ltd,https://www.bseindia.com/stockinfo/AnnPdfOpen.aspx?Pname=7d71cc9e-c630-4989-9b33-cf12137c6abc.pdf
Welspun Corp Ltd,https://www.bseindia.com/stockinfo/AnnPdfOpen.aspx?Pname=9661cf1d-9938-4dbc-9a87-d9a03accf3fc.pdf
Symphony Ltd,https://www.bseindia.com/stockinfo/AnnPdfOpen.aspx?Pname=be63ce6e-1854-4bcb-abc4-f25e41f8c6b5.pdf
Bajaj Electricals Ltd-,https://www.bseindia.com/stockinfo/AnnPdfOpen.aspx?Pname=ca5f6b9c-09d8-4aa6-9324-b28c85439fa9.pdf
Dabur India Ltd,https://www.bseindia.com/stockinfo/AnnPdfOpen.aspx?Pname=e0f12e32-ca1e-4226-acfe-5d1f98c9c6c8.pdf
Page Industries Ltd,https://www.bseindia.com/stockinfo/AnnPdfOpen.aspx?Pname=fa5b7565-50e5-4648-ab6b-ce9ccbe47259.pdf
Apar Industries Ltd,https://www.bseindia.com/stockinfo/AnnPdfOpen.aspx?Pname=2568cf02-d934-4150-8d93-6a1ca141fda1.pdf
Steelcast Ltd,https://www.bseindia.com/stockinfo/AnnPdfOpen.aspx?Pname=16af2c8c-8bc0-4582-85fe-d98b76501a3b.pdf
Bliss GVS Pharma Ltd,https://www.bseindia.com/stockinfo/AnnPdfOpen.aspx?Pname=a09f05c5-8c0c-4ab5-9305-8c448e7ded9c.pdf
Greenlam Industries Ltd,https://www.bseindia.com/stockinfo/AnnPdfOpen.aspx?Pname=dc1e04ab-003e-4616-a042-724fa5d09369.pdf
Navin Fluorine International Ltd-,https://www.bseindia.com/stockinfo/AnnPdfOpen.aspx?Pname=11a4e7cc-2eec-48d8-8203-2a2a4365ad8e.pdf
Laxmi Organic Industries Ltd,https://www.bseindia.com/stockinfo/AnnPdfOpen.aspx?Pname=dd764024-036d-4a35-95a0-99d5ac1a7cd3.pdf
Cholamandalam Investment and Finance Company Ltd,https://www.bseindia.com/stockinfo/AnnPdfOpen.aspx?Pname=72687367-3a22-4292-b67a-6ab6728b0e3a.pdf
Kotak Mahindra Bank Ltd,https://www.bseindia.com/stockinfo/AnnPdfOpen.aspx?Pname=231d48a0-905d-4979-bee1-f855c401d4e8.pdf
SKF India Ltd,https://www.bseindia.com/stockinfo/AnnPdfOpen.aspx?Pname=f6344532-3129-4975-92ac-efdaad4cb14c.pdf
UTI Asset Management Company Ltd,https://www.bseindia.com/stockinfo/AnnPdfOpen.aspx?Pname=c994cfc0-70c6-42b1-b4e8-ff5e3d0a0c90.pdf
JSW Holdings Ltd,https://www.bseindia.com/stockinfo/AnnPdfOpen.aspx?Pname=aa5bffad-a094-49e5-a6ff-33b5301ead0d.pdf
HEG Ltd,https://www.bseindia.com/stockinfo/AnnPdfOpen.aspx?Pname=d76966cf-453b-4538-955b-1eacdf758a4b.pdf
Eveready Industries India Ltd,https://www.bseindia.com/stockinfo/AnnPdfOpen.aspx?Pname=bb07cf09-d168-4b29-a155-901a61fd95fd.pdf
Sundaram-Clayton Ltd,https://www.bseindia.com/stockinfo/AnnPdfOpen.aspx?Pname=78194a77-e783-41b0-a955-c2200a1f9ca6.pdf
Macrotech Developers Ltd,https://www.bseindia.com/stockinfo/AnnPdfOpen.aspx?Pname=352bfbc9-853a-4417-a503-f6b24b5331b8.pdf
Satin Creditcare Network Ltd,https://www.bseindia.com/stockinfo/AnnPdfOpen.aspx?Pname=5b835484-1e0e-4b35-b0f0-a99209531e64.pdf
KPIT Technologies Ltd,https://www.bseindia.com/stockinfo/AnnPdfOpen.aspx?Pname=8807df4f-2ff1-489a-93f9-d214b988e969.pdf
Torrent Power Ltd,https://www.bseindia.com/stockinfo/AnnPdfOpen.aspx?Pname=6ea68d8b-59ad-4ab2-b16a-96a4463d5de0.pdf
Ugro Capital Ltd,https://www.bseindia.com/stockinfo/AnnPdfOpen.aspx?Pname=0194e978-0c5d-4310-9cee-4a2674ba68ee.pdf
Centum Electronics Ltd,https://www.bseindia.com/stockinfo/AnnPdfOpen.aspx?Pname=d99d31aa-791e-41ef-91e3-9f0c628b4574.pdf
Cosmo First Ltd,https://www.bseindia.com/stockinfo/AnnPdfOpen.aspx?Pname=10bda087-c8b7-45a5-8ab6-9465adb127e8.pdf
Prataap Snacks Ltd,https://www.bseindia.com/stockinfo/AnnPdfOpen.aspx?Pname=989a7a54-5125-4123-9cf2-b2d3a3f6f81f.pdf
NOCIL Ltd,https://www.bseindia.com/stockinfo/AnnPdfOpen.aspx?Pname=95c4828f-63a1-44e7-b23a-fa9c2e21c1cd.pdf
Ipca Laboratories Ltd,https://www.bseindia.com/stockinfo/AnnPdfOpen.aspx?Pname=dd9f645e-4750-4110-bb36-d11d158b443f.pdf
Hester Biosciences Ltd,https://www.bseindia.com/stockinfo/AnnPdfOpen.aspx?Pname=4f33fd53-b576-4aaa-a8de-97eb4fb10038.pdf
Birlasoft Ltd,https://www.bseindia.com/stockinfo/AnnPdfOpen.aspx?Pname=ac94259b-fceb-484b-b5ca-70550e60dcb6.pdf
Strides Pharma Science Ltd,https://www.bseindia.com/stockinfo/AnnPdfOpen.aspx?Pname=aa19a3da-8bed-4d61-ba82-56e54a144c84.pdf
Pidilite Industries Ltd,https://www.bseindia.com/stockinfo/AnnPdfOpen.aspx?Pname=138f69e2-b60e-4a6e-8e85-41580a74c437.pdf
Kirloskar Ferrous Industries Ltd,https://www.bseindia.com/stockinfo/AnnPdfOpen.aspx?Pname=a13ee9bb-3c51-4a36-8a74-75cd231bf687.pdf
TD Power Systems Ltd,https://www.bseindia.com/stockinfo/AnnPdfOpen.aspx?Pname=a94941cc-feaa-4039-84f3-daada50fc6fe.pdf
Samhi Hotels Ltd,https://www.bseindia.com/stockinfo/AnnPdfOpen.aspx?Pname=9ddcc3d1-cf45-4bc7-8666-c32ac6067bc9.pdf
Igarashi Motors India Ltd,https://www.bseindia.com/stockinfo/AnnPdfOpen.aspx?Pname=90ef8449-8956-441e-8d4f-d14b67ee360a.pdf
Orient Cement Ltd,https://www.bseindia.com/stockinfo/AnnPdfOpen.aspx?Pname=bc4a619e-df14-43fe-84cb-bef7e0251375.pdf
JB Chemicals & Pharmaceuticals Ltd,https://www.bseindia.com/stockinfo/AnnPdfOpen.aspx?Pname=93a29e1b-77f5-46e9-a0cc-d6344a27bde0.pdf
Kirloskar Oil Engines Ltd,https://www.bseindia.com/stockinfo/AnnPdfOpen.aspx?Pname=4df2ccdc-b815-4951-bd81-9dd404746b39.pdf
Centrum Capital Ltd,https://www.bseindia.com/stockinfo/AnnPdfOpen.aspx?Pname=684e8bf8-87aa-40da-b0d8-b838597a07c0.pdf
Marico Ltd,https://www.bseindia.com/stockinfo/AnnPdfOpen.aspx?Pname=cb5d4a6c-01b4-492e-9d2d-fc356697eff5.pdf
Blue Star Ltd,https://www.bseindia.com/stockinfo/AnnPdfOpen.aspx?Pname=b5e6c6a8-af45-47fb-8a3c-c11ca4d2c607.pdf
Shree Cement Ltd,https://www.bseindia.com/stockinfo/AnnPdfOpen.aspx?Pname=134d2879-cbd7-4734-86a7-65af2eb1eff6.pdf
Vaibhav Global Ltd,https://www.bseindia.com/stockinfo/AnnPdfOpen.aspx?Pname=10bacc5d-c9b8-4ef3-9fb0-acff356d73db.pdf
EIH Associated Hotels Ltd-,https://www.bseindia.com/stockinfo/AnnPdfOpen.aspx?Pname=026fcf0f-05a1-4fba-b5fa-fe75ec5467dc.pdf
Hawkins Cookers Ltd-,https://www.bseindia.com/stockinfo/AnnPdfOpen.aspx?Pname=5916de27-9a17-47e0-8988-4c376e52c5b7.pdf
Hero MotoCorp Ltd,https://www.bseindia.com/stockinfo/AnnPdfOpen.aspx?Pname=b011512a-39ad-4975-a47b-55091cddac32.pdf
Siyaram Silk Mills Ltd-,https://www.bseindia.com/stockinfo/AnnPdfOpen.aspx?Pname=b9ce0695-0ea1-42f9-be45-3fd5014a6f2b.pdf
VRL Logistics Ltd,https://www.bseindia.com/stockinfo/AnnPdfOpen.aspx?Pname=952f0eb3-bdfe-4140-99ea-b46e0a2a0382.pdf
V-Guard Industries Ltd,https://www.bseindia.com/stockinfo/AnnPdfOpen.aspx?Pname=264fe5f0-f7ed-4928-b5b2-a87de5152c21.pdf
Bajaj Auto Ltd,https://www.bseindia.com/stockinfo/AnnPdfOpen.aspx?Pname=7c32b00e-2e5b-4d65-b318-5f9f2492dcbd.pdf
EIH Ltd,https://www.bseindia.com/stockinfo/AnnPdfOpen.aspx?Pname=032c3aa3-abd3-431a-b867-eb28fca04f2c.pdf
DLF Ltd,https://www.bseindia.com/stockinfo/AnnPdfOpen.aspx?Pname=2611347f-a345-4b8b-a65c-eb6116261e62.pdf
Raymond Lifestyle Ltd,https://www.bseindia.com/stockinfo/AnnPdfOpen.aspx?Pname=468109e7-7647-4562-8b6d-af870e1162f0.pdf
Raymond Ltd,https://www.bseindia.com/stockinfo/AnnPdfOpen.aspx?Pname=08b6973a-2e2d-47e8-aba0-5905c74f4b3d.pdf
HDFC Bank Ltd,https://www.bseindia.com/stockinfo/AnnPdfOpen.aspx?Pname=de066255-8ad1-4a3f-89da-3318a4d8dcb7.pdf
Sharda Cropchem Ltd,https://www.bseindia.com/stockinfo/AnnPdfOpen.aspx?Pname=d86c77d3-09b9-413d-bc86-f0984f09e1e9.pdf
Jtekt India Ltd,https://www.bseindia.com/stockinfo/AnnPdfOpen.aspx?Pname=8d217ec4-d0e6-413a-b54e-01c3f607b8ea.pdf
BASF India Ltd,https://www.bseindia.com/stockinfo/AnnPdfOpen.aspx?Pname=5e917cec-995e-4887-b325-a7ac3ccad86c.pdf
UNO Minda Ltd-,https://www.bseindia.com/stockinfo/AnnPdfOpen.aspx?Pname=410dc27f-b318-4b49-b724-02088bb142e7.pdf
Fortis Healthcare Ltd,https://www.bseindia.com/stockinfo/AnnPdfOpen.aspx?Pname=86d392d2-816c-426f-8278-219405d97f5c.pdf
Punjab & Sind Bank,https://www.bseindia.com/stockinfo/AnnPdfOpen.aspx?Pname=34cfdbda-e097-491f-971b-bca390506407.pdf
Pricol Ltd,https://www.bseindia.com/stockinfo/AnnPdfOpen.aspx?Pname=02764aff-2308-445a-b28e-6ccedb34fe0a.pdf
Ugar Sugar Works Ltd-,https://www.bseindia.com/stockinfo/AnnPdfOpen.aspx?Pname=5fcb29fa-a14a-4f08-9090-e0d3be7431c7.pdf
MRF Ltd,https://www.bseindia.com/stockinfo/AnnPdfOpen.aspx?Pname=be898ab1-410a-46b7-bfc9-6e5aafebde2f.pdf
Alldigi Tech Ltd,https://www.bseindia.com/stockinfo/AnnPdfOpen.aspx?Pname=0a202313-7e75-4812-b9d1-9456064d5487.pdf
PTC India Ltd,https://www.bseindia.com/stockinfo/AnnPdfOpen.aspx?Pname=b547a14f-fd72-41d3-8f52-beba629413ee.pdf
JK Tyre & Industries Ltd,https://www.bseindia.com/stockinfo/AnnPdfOpen.aspx?Pname=7a14d622-685c-43a0-a59c-423a55ec4b52.pdf
Kokuyo Camlin Ltd-,https://www.bseindia.com/stockinfo/AnnPdfOpen.aspx?Pname=3e1d7209-f94c-464e-a391-e828a0de0146.pdf
TBO TEK Ltd,https://www.bseindia.com/stockinfo/AnnPdfOpen.aspx?Pname=6446b334-a6f8-4b61-b425-6bb71f3cbf1a.pdf
Esab India Ltd,https://www.bseindia.com/stockinfo/AnnPdfOpen.aspx?Pname=b55563a7-4135-4e7f-a0a8-78c6e1797963.pdf
MM Forgings Ltd-,https://www.bseindia.com/stockinfo/AnnPdfOpen.aspx?Pname=5c306313-5dda-4167-9df3-0b3e9a45dc3c.pdf
Divis Laboratories Ltd,https://www.bseindia.com/stockinfo/AnnPdfOpen.aspx?Pname=9025bae6-ed1c-41e0-85e7-33682bc1edd0.pdf
IG Petrochemicals Ltd,https://www.bseindia.com/stockinfo/AnnPdfOpen.aspx?Pname=b92bca91-e0ac-4c98-b599-c6f92aef9393.pdf
DCB Bank Ltd,https://www.bseindia.com/stockinfo/AnnPdfOpen.aspx?Pname=39b278f1-3175-445f-bbc3-ccdab1c20c8c.pdf
United Breweries Ltd-,https://www.bseindia.com/stockinfo/AnnPdfOpen.aspx?Pname=02798e53-8d48-4cd4-b36c-dd025fa291ea.pdf
EID Parry India Ltd,https://www.bseindia.com/stockinfo/AnnPdfOpen.aspx?Pname=3055c1e3-5eba-4c5f-b721-b0034674b071.pdf
Go Digit General Insurance Ltd,https://www.bseindia.com/stockinfo/AnnPdfOpen.aspx?Pname=61c60ae2-bb3d-4ad9-a672-758c05be995b.pdf
Bajaj Holdings & Investment Ltd,https://www.bseindia.com/stockinfo/AnnPdfOpen.aspx?Pname=e2830639-f65e-4ca5-a232-36c0a5007b74.pdf
Godrej Agrovet Ltd,https://www.bseindia.com/stockinfo/AnnPdfOpen.aspx?Pname=166fc058-a076-44f6-807e-56c4b6313fb0.pdf
Greenpanel Industries Ltd,https://www.bseindia.com/stockinfo/AnnPdfOpen.aspx?Pname=c6f5be14-d945-420b-ba03-f8e900168073.pdf
TTK Prestige Ltd,https://www.bseindia.com/stockinfo/AnnPdfOpen.aspx?Pname=15d824de-f769-44ea-ac3d-40227e0675a1.pdf
Dwarikesh Sugar Industries Ltd,https://www.bseindia.com/stockinfo/AnnPdfOpen.aspx?Pname=29790f48-b975-4f78-864f-b4347bd8a779.pdf
WPIL Ltd,https://www.bseindia.com/stockinfo/AnnPdfOpen.aspx?Pname=55270c27-e867-47ea-9de4-8e9b61a2963d.pdf
Fairchem Organics Ltd,https://www.bseindia.com/stockinfo/AnnPdfOpen.aspx?Pname=5811be46-e5d7-448f-8353-a34a109a7b99.pdf
Arvind SmartSpaces Ltd,https://www.bseindia.com/stockinfo/AnnPdfOpen.aspx?Pname=8ca10913-0f76-4e09-918b-6180157584c9.pdf
Bharat Forge Ltd,https://www.bseindia.com/stockinfo/AnnPdfOpen.aspx?Pname=8c009297-983c-460c-87ff-2ca9885538c7.pdf
DCM Shriram Industries Ltd-,https://www.bseindia.com/stockinfo/AnnPdfOpen.aspx?Pname=e6ddb7ec-dcc0-4641-8d0d-912073977593.pdf
Uflex Ltd,https://www.bseindia.com/stockinfo/AnnPdfOpen.aspx?Pname=93579ca1-555e-455b-a1d2-66b6b1afa5a0.pdf
Praj Industries Ltd,https://www.bseindia.com/stockinfo/AnnPdfOpen.aspx?Pname=d4b663c2-6f5d-46ab-8c99-3c14b8af60fe.pdf
PTC India Financial Services Ltd,https://www.bseindia.com/stockinfo/AnnPdfOpen.aspx?Pname=0dacb2f5-9aad-48e1-b8e8-49fc2b906554.pdf
Data Patterns (India) Ltd,https://www.bseindia.com/stockinfo/AnnPdfOpen.aspx?Pname=94063700-fcfe-42fa-bda3-a5c83f582d05.pdf
Balaji Amines Ltd-,https://www.bseindia.com/stockinfo/AnnPdfOpen.aspx?Pname=a9aa0bd6-7673-4322-ba34-85cf685d211c.pdf
UNO Minda Ltd-,https://www.bseindia.com/stockinfo/AnnPdfOpen.aspx?Pname=33e66529-463f-43a7-b6a2-e1a5063e4cca.pdf
Prism Johnson Ltd,https://www.bseindia.com/stockinfo/AnnPdfOpen.aspx?Pname=52928004-cd82-424d-bb94-5505bb2a9a9a.pdf
Dhunseri Ventures Ltd-,https://www.bseindia.com/stockinfo/AnnPdfOpen.aspx?Pname=ff0a17df-b3c9-49ad-a10b-f223e58d4611.pdf
Mankind Pharma Ltd,https://www.bseindia.com/stockinfo/AnnPdfOpen.aspx?Pname=5017ff3b-3b1f-4e40-8504-66f6b3a3c4f0.pdf
Andhra Paper Ltd,https://www.bseindia.com/stockinfo/AnnPdfOpen.aspx?Pname=4a4580a4-8c0e-4529-a53d-7d1eda2624e3.pdf
Cummins India Ltd,https://www.bseindia.com/stockinfo/AnnPdfOpen.aspx?Pname=c81a5ab1-eb1c-4935-9048-42a62678afc5.pdf
Chalet Hotels Ltd,https://www.bseindia.com/stockinfo/AnnPdfOpen.aspx?Pname=04fd42c2-744a-4d8c-aa09-754c178c30ed.pdf
Tamilnad Mercantile Bank Ltd,https://www.bseindia.com/stockinfo/AnnPdfOpen.aspx?Pname=bfda820b-7cfd-4e09-93b3-0af00b007be9.pdf
ITD Cementation India Ltd,https://www.bseindia.com/stockinfo/AnnPdfOpen.aspx?Pname=ab974ae3-9e69-4be7-8a59-dc03c21b0795.pdf
Carborundum Universal Ltd,https://www.bseindia.com/stockinfo/AnnPdfOpen.aspx?Pname=15b2a835-000f-4285-b5a1-3889d73bd32b.pdf
Sapphire Foods India Ltd,https://www.bseindia.com/stockinfo/AnnPdfOpen.aspx?Pname=d961bdec-e9fc-4a59-87bf-7e3f3bbd932e.pdf
Radico Khaitan Ltd,https://www.bseindia.com/stockinfo/AnnPdfOpen.aspx?Pname=7d6d9017-c825-444b-ba30-d2622ddad5e6.pdf
Usha Martin Ltd,https://www.bseindia.com/stockinfo/AnnPdfOpen.aspx?Pname=e1056ccf-ba49-4962-8595-282d15bc4acd.pdf
Shilchar Technologies Ltd,https://www.bseindia.com/stockinfo/AnnPdfOpen.aspx?Pname=7194c875-f95b-4de1-adaf-12c83e02a7e9.pdf
Hercules Hoists Ltd,https://www.bseindia.com/stockinfo/AnnPdfOpen.aspx?Pname=6d65e954-fe56-40f7-9813-f2e48a10d338.pdf
Updater Services Ltd,https://www.bseindia.com/stockinfo/AnnPdfOpen.aspx?Pname=50cc1205-6c4a-4cb5-bae5-29f47b1cb062.pdf
DCM Shriram Ltd,https://www.bseindia.com/stockinfo/AnnPdfOpen.aspx?Pname=28eb694a-28a5-4002-a587-bdb23e5c9028.pdf
Marksans Pharma Ltd,https://www.bseindia.com/stockinfo/AnnPdfOpen.aspx?Pname=eb68b392-24d6-426d-8a02-5d60bbae1c0a.pdf
Zydus Lifesciences Ltd,https://www.bseindia.com/stockinfo/AnnPdfOpen.aspx?Pname=6a7d8a6d-dc6b-4069-ba84-9bf033eab1b0.pdf
Insecticides (India) Ltd,https://www.bseindia.com/stockinfo/AnnPdfOpen.aspx?Pname=63ef3b6a-9189-4477-b8a9-cfdcf2aa1b9a.pdf
Arvind Ltd,https://www.bseindia.com/stockinfo/AnnPdfOpen.aspx?Pname=d822e954-da3a-40f9-8836-96d6369c116e.pdf
Saksoft Ltd,https://www.bseindia.com/stockinfo/AnnPdfOpen.aspx?Pname=66015b7d-1181-4b73-b8ec-f81f10a8341a.pdf
Godrej Consumer Products Ltd,https://www.bseindia.com/stockinfo/AnnPdfOpen.aspx?Pname=79bc8a13-3ff7-4890-96c5-f7dda64078c0.pdf
Sequent Scientific Ltd,https://www.bseindia.com/stockinfo/AnnPdfOpen.aspx?Pname=669d1521-e23c-4b72-ac7e-d522a2aaf900.pdf
Precision Wires India Ltd,https://www.bseindia.com/stockinfo/AnnPdfOpen.aspx?Pname=8a2d3485-2cc6-4c99-b876-dd303d7d5354.pdf
Granules India Ltd-,https://www.bseindia.com/stockinfo/AnnPdfOpen.aspx?Pname=98ce5d8e-b79e-47ad-a3e0-8b3e50fcedb2.pdf
The Ramco Cements Ltd,https://www.bseindia.com/stockinfo/AnnPdfOpen.aspx?Pname=ff19433b-a403-4c8e-9528-ffbec9d94f5e.pdf
Matrimony.com Ltd,https://www.bseindia.com/stockinfo/AnnPdfOpen.aspx?Pname=df543d80-80c1-43d4-848a-dc77146253e9.pdf
Mukand Ltd,https://www.bseindia.com/stockinfo/AnnPdfOpen.aspx?Pname=89270e80-2327-4c8e-86d0-5818d2e1eb9e.pdf
AU Small Finance Bank Ltd,https://www.bseindia.com/stockinfo/AnnPdfOpen.aspx?Pname=97a675c4-5745-4eaa-b586-10b9d0efad6c.pdf
Wockhardt Ltd,https://www.bseindia.com/stockinfo/AnnPdfOpen.aspx?Pname=058cfc7b-5273-47df-80f4-ec9b9ef64077.pdf
Bharti Airtel Ltd,https://www.bseindia.com/stockinfo/AnnPdfOpen.aspx?Pname=fb6dabcf-112a-41d7-8e6d-83e358153c89.pdf
Tasty Bite Eatables Ltd,https://www.bseindia.com/stockinfo/AnnPdfOpen.aspx?Pname=fe02f4b0-fbdd-4548-8b72-d4580b8fd9e0.pdf
Reliance Infrastructure Ltd,https://www.bseindia.com/stockinfo/AnnPdfOpen.aspx?Pname=d65c9f5c-08cc-4989-a8a3-62816035f7e1.pdf
Reliance Power Ltd,https://www.bseindia.com/stockinfo/AnnPdfOpen.aspx?Pname=86b2dd4d-dd47-41a7-89ef-b80e96f76777.pdf
Camlin Fine Sciences Ltd,https://www.bseindia.com/stockinfo/AnnPdfOpen.aspx?Pname=d2fb16b9-8a71-43af-8279-e23746fa1f58.pdf
Seamec Ltd,https://www.bseindia.com/stockinfo/AnnPdfOpen.aspx?Pname=88e58385-84cb-4e55-8cb4-dd0e6c434798.pdf
Biocon Ltd,https://www.bseindia.com/stockinfo/AnnPdfOpen.aspx?Pname=36ab8f6c-bf2b-4e67-b623-82c19604bb1f.pdf
Kirloskar Industries Ltd,https://www.bseindia.com/stockinfo/AnnPdfOpen.aspx?Pname=359c3587-c134-4de8-a6a0-975a0c4ad77a.pdf
KEC International Ltd,https://www.bseindia.com/stockinfo/AnnPdfOpen.aspx?Pname=34900a0b-b548-4452-90b2-2ade3cca3bdd.pdf
Gloster Ltd,https://www.bseindia.com/stockinfo/AnnPdfOpen.aspx?Pname=89b0072b-4f53-462e-89c2-9de9cfb6cf94.pdf
Gandhar Oil Refinery (India) Ltd,https://www.bseindia.com/stockinfo/AnnPdfOpen.aspx?Pname=dd5801e9-01f1-4fcc-914d-3afa832e1a03.pdf
Cholamandalam Financial Holdings Ltd,https://www.bseindia.com/stockinfo/AnnPdfOpen.aspx?Pname=65a24553-30cd-45d4-8e8b-d7ff0c8e3ad8.pdf
Adf Foods Ltd-,https://www.bseindia.com/stockinfo/AnnPdfOpen.aspx?Pname=31b1a03b-388d-4a14-b2ff-4c43bdf8d9ad.pdf
Cello World Ltd,https://www.bseindia.com/stockinfo/AnnPdfOpen.aspx?Pname=72c463e4-1c61-4e11-8683-9e79d8f2b786.pdf
Man Infraconstruction Ltd,https://www.bseindia.com/stockinfo/AnnPdfOpen.aspx?Pname=eb7cc0db-72af-4242-8734-746ab0828fb8.pdf
Elgi Equipments Ltd,https://www.bseindia.com/stockinfo/AnnPdfOpen.aspx?Pname=a57e4d20-8b88-4052-bf31-dbb6812ad850.pdf
Rane Holdings Ltd,https://www.bseindia.com/stockinfo/AnnPdfOpen.aspx?Pname=9fd11c57-5fdd-42d9-980a-e671a933b0a0.pdf
Galaxy Surfactants Ltd,https://www.bseindia.com/stockinfo/AnnPdfOpen.aspx?Pname=4b78e95f-f5db-4450-b0e1-a377d54518ee.pdf
Bombay Dyeing & Manufacturing Company Ltd,https://www.bseindia.com/stockinfo/AnnPdfOpen.aspx?Pname=3418b655-30d3-4a05-a6ec-cfe3a7bc975d.pdf
Bata India Ltd,https://www.bseindia.com/stockinfo/AnnPdfOpen.aspx?Pname=b7eb023f-9528-4573-982f-7b0381d9c9dc.pdf
Ashok Leyland Ltd,https://www.bseindia.com/stockinfo/AnnPdfOpen.aspx?Pname=454cde69-6d7b-4145-bcb3-96a348839fe1.pdf
S H Kelkar and Company Ltd,https://www.bseindia.com/stockinfo/AnnPdfOpen.aspx?Pname=2bc42bd7-d95d-47cb-92c1-7851477c212e.pdf
Bajel Projects Ltd,https://www.bseindia.com/stockinfo/AnnPdfOpen.aspx?Pname=1ced8ae9-1d18-4688-ace5-99c15a0f6857.pdf
Abbott India Ltd,https://www.bseindia.com/stockinfo/AnnPdfOpen.aspx?Pname=25fef0ef-4d3f-4f5b-a629-31e8823e187f.pdf
Godrej Industries Ltd,https://www.bseindia.com/stockinfo/AnnPdfOpen.aspx?Pname=5125e6ff-daf1-4af8-9646-c70025af0ead.pdf
Endurance Technologies Ltd,https://www.bseindia.com/stockinfo/AnnPdfOpen.aspx?Pname=5df1a875-e936-45c2-b076-96073e6fab46.pdf
Century Enka Ltd,https://www.bseindia.com/stockinfo/AnnPdfOpen.aspx?Pname=6909dd5c-92dc-49e7-93a5-c50c8bbb3fe1.pdf
Xchanging Solutions Ltd,https://www.bseindia.com/stockinfo/AnnPdfOpen.aspx?Pname=d1dc2171-3c76-42df-9cba-bb9b3a8431a7.pdf
Chemplast Sanmar Ltd,https://www.bseindia.com/stockinfo/AnnPdfOpen.aspx?Pname=6aee0b03-f961-4c48-ad86-f0fb7b82c2a2.pdf
Sun Pharma Advanced Research Company Ltd,https://www.bseindia.com/stockinfo/AnnPdfOpen.aspx?Pname=d95c2947-a9d6-4649-a795-46aa7e232f02.pdf
Praveg Ltd,https://www.bseindia.com/stockinfo/AnnPdfOpen.aspx?Pname=54b06af5-ded0-4614-9e93-cd86f9a22c0b.pdf
Automotive Axles Ltd,https://www.bseindia.com/stockinfo/AnnPdfOpen.aspx?Pname=2c809ed8-4f61-469c-8d6f-56a784ac88cd.pdf
Rossell India Ltd,https://www.bseindia.com/stockinfo/AnnPdfOpen.aspx?Pname=8ead3b5a-724d-4a39-a927-bb37a075ca07.pdf
Ramco Systems Ltd,https://www.bseindia.com/stockinfo/AnnPdfOpen.aspx?Pname=9f7bbee7-172a-4a86-8791-8b134bcbe94e.pdf
Sasken Technologies Ltd,https://www.bseindia.com/stockinfo/AnnPdfOpen.aspx?Pname=c99235b5-db06-4556-9180-6d264073a5b8.pdf
JM Financial Ltd-,https://www.bseindia.com/stockinfo/AnnPdfOpen.aspx?Pname=ec5f60d3-2041-4c29-a386-4ba5131f2464.pdf
Amber Enterprises India Ltd,https://www.bseindia.com/stockinfo/AnnPdfOpen.aspx?Pname=4b92ba61-b856-4f32-8f61-7ecff507f58f.pdf
Fermenta Biotech Ltd,https://www.bseindia.com/stockinfo/AnnPdfOpen.aspx?Pname=16053d6a-3021-4f3d-b0cf-feb2e4db7c35.pdf
Godrej Industries Ltd,https://www.bseindia.com/stockinfo/AnnPdfOpen.aspx?Pname=c8b7f77f-0ddd-49f5-92f5-3af3c7379e94.pdf
Avenue Supermarts Ltd,https://www.bseindia.com/stockinfo/AnnPdfOpen.aspx?Pname=4df65db1-f386-4271-abeb-6003afb1357a.pdf
Lupin Ltd,https://www.bseindia.com/stockinfo/AnnPdfOpen.aspx?Pname=86d99263-372c-421a-9411-ef2fc8fe8a06.pdf
Avanti Feeds Ltd-,https://www.bseindia.com/stockinfo/AnnPdfOpen.aspx?Pname=7d260fdd-db64-4689-8a9f-24621a105208.pdf
Bajaj Consumer Care Ltd,https://www.bseindia.com/stockinfo/AnnPdfOpen.aspx?Pname=4bed9e89-9c91-4878-b573-e4adab2f3719.pdf
Britannia Industries Ltd,https://www.bseindia.com/stockinfo/AnnPdfOpen.aspx?Pname=e62d7b16-01a8-4576-ad09-9b351e3e06e1.pdf
TVS Supply Chain Solutions Ltd,https://www.bseindia.com/stockinfo/AnnPdfOpen.aspx?Pname=f7ade744-d186-4509-817a-975e5fcfbfad.pdf
La Opala RG Ltd,https://www.bseindia.com/stockinfo/AnnPdfOpen.aspx?Pname=f4c20906-ce66-4e8e-a879-36f4055ee53f.pdf
Kama Holdings Ltd-,https://www.bseindia.com/stockinfo/AnnPdfOpen.aspx?Pname=6e9899a4-949b-437b-a01a-57970b31a85b.pdf
Alkem Laboratories Ltd,https://www.bseindia.com/stockinfo/AnnPdfOpen.aspx?Pname=e437ed77-67e1-4fc6-a9e4-d369554884e4.pdf
Disa India Ltd,https://www.bseindia.com/stockinfo/AnnPdfOpen.aspx?Pname=d7828a99-70cc-48b8-bbc5-9676d1061284.pdf
Linde India Ltd,https://www.bseindia.com/stockinfo/AnnPdfOpen.aspx?Pname=e315b04b-082d-4f81-ab0e-1d49ca464479.pdf
GIC Housing Finance Ltd,https://www.bseindia.com/stockinfo/AnnPdfOpen.aspx?Pname=898e5db1-13e9-44e9-9149-6512410d3fe9.pdf
Bombay Burmah Trading Corporation Ltd,https://www.bseindia.com/stockinfo/AnnPdfOpen.aspx?Pname=c27c9762-94e5-49e2-9e9d-574dbc02dd49.pdf
Amara Raja Energy & Mobility Ltd,https://www.bseindia.com/stockinfo/AnnPdfOpen.aspx?Pname=d2e4f1b0-976e-4453-943d-b0413bf4019d.pdf
Manappuram Finance Ltd,https://www.bseindia.com/stockinfo/AnnPdfOpen.aspx?Pname=2bb63e51-2943-4b4e-89d8-4f320e745cb6.pdf
Hindustan Construction Company Ltd,https://www.bseindia.com/stockinfo/AnnPdfOpen.aspx?Pname=f63ead7b-89d1-4317-9264-97c7a7e709cb.pdf
AVT Natural Products Ltd,https://www.bseindia.com/stockinfo/AnnPdfOpen.aspx?Pname=32241d7b-c5cf-4034-967c-9cc56e419a62.pdf
Timex Group India Ltd-,https://www.bseindia.com/stockinfo/AnnPdfOpen.aspx?Pname=f629d47d-7a85-4963-b059-8f367fe89c0a.pdf
Ramco Industries Ltd,https://www.bseindia.com/stockinfo/AnnPdfOpen.aspx?Pname=09674ffd-7779-4cfb-b1b7-0b116e906ac8.pdf
Blue Dart Express Ltd,https://www.bseindia.com/stockinfo/AnnPdfOpen.aspx?Pname=bb1db7ee-ce1f-4f9c-80c8-27c4f20d2a89.pdf
Aegis Logistics Ltd,https://www.bseindia.com/stockinfo/AnnPdfOpen.aspx?Pname=99245420-4e7e-44be-8054-c9ea840e374e.pdf
Nava Ltd,https://www.bseindia.com/stockinfo/AnnPdfOpen.aspx?Pname=1f1ab297-b897-4ea8-985a-0cc3b4c5ac50.pdf
Berger Paints India Ltd,https://www.bseindia.com/stockinfo/AnnPdfOpen.aspx?Pname=4c6cfc93-31ae-4e42-8a94-75a2fb33bf9b.pdf
PI Industries Ltd,https://www.bseindia.com/stockinfo/AnnPdfOpen.aspx?Pname=4823734c-d4c1-4fbd-99a6-62e0274c5bfc.pdf
Grasim Industries Ltd,https://www.bseindia.com/stockinfo/AnnPdfOpen.aspx?Pname=cbb17ae3-612c-4287-bc75-afcd04fd066a.pdf
India Cements Ltd,https://www.bseindia.com/stockinfo/AnnPdfOpen.aspx?Pname=7d2c9038-07c2-4858-bbeb-396a0adde971.pdf
VA Tech Wabag Ltd,https://www.bseindia.com/stockinfo/AnnPdfOpen.aspx?Pname=2b34afc9-e92f-48d4-8912-775aa861ce68.pdf
Timken India Ltd,https://www.bseindia.com/stockinfo/AnnPdfOpen.aspx?Pname=442f2091-6b51-4afc-a586-e08fa2a04903.pdf
Aditya Birla Capital Ltd,https://www.bseindia.com/stockinfo/AnnPdfOpen.aspx?Pname=3a40eb30-81d3-41bb-a149-6be79501fad2.pdf
Rajratan Global Wire Ltd,https://www.bseindia.com/stockinfo/AnnPdfOpen.aspx?Pname=c81d43a0-d288-4d64-90a7-3b3f897d3f84.pdf
Kovai Medical Center & Hospital Ltd,https://www.bseindia.com/stockinfo/AnnPdfOpen.aspx?Pname=5b8ab579-26a9-4cd9-a6cb-37aa58a7a7b5.pdf
Unimech Aerospace and Manufacturing Ltd,https://www.bseindia.com/stockinfo/AnnPdfOpen.aspx?Pname=4174926e-f571-4753-8a0d-e05b7f56a3c6.pdf
AstraZeneca Pharma India Ltd,https://www.bseindia.com/stockinfo/AnnPdfOpen.aspx?Pname=7c0d24b5-c506-482a-9170-54db90ca9ca1.pdf
City Union Bank Ltd,https://www.bseindia.com/stockinfo/AnnPdfOpen.aspx?Pname=9412fdea-2172-4c45-b101-46294bce8ee8.pdf
Metropolis Healthcare Ltd,https://www.bseindia.com/stockinfo/AnnPdfOpen.aspx?Pname=4c2b71cd-836b-4e11-b776-4585395c0469.pdf
Repro India Ltd,https://www.bseindia.com/stockinfo/AnnPdfOpen.aspx?Pname=bb421640-3471-49f9-ae96-fcbaa2b55ce1.pdf
GE Power India Ltd,https://www.bseindia.com/stockinfo/AnnPdfOpen.aspx?Pname=4f061a22-aa91-475f-a268-8dc9a6d0f95f.pdf
Grauer & Weil India Ltd-,https://www.bseindia.com/stockinfo/AnnPdfOpen.aspx?Pname=79a3c252-14fb-4d16-911d-0b79963a1ba2.pdf
Vishnu Chemicals Ltd,https://www.bseindia.com/stockinfo/AnnPdfOpen.aspx?Pname=ea9d64a4-e5d3-4b98-b58a-2993cb8f4ee0.pdf
Bayer CropScience Ltd,https://www.bseindia.com/stockinfo/AnnPdfOpen.aspx?Pname=e84b8c6d-61d2-4618-aa3b-406ccb7aec5b.pdf
CCL Products (India) Ltd,https://www.bseindia.com/stockinfo/AnnPdfOpen.aspx?Pname=d3537652-9cc2-4e96-bacf-a9ff8cf34728.pdf
Dish TV India Ltd,https://www.bseindia.com/stockinfo/AnnPdfOpen.aspx?Pname=2d452edf-3376-4338-9ac6-e74b1643eb10.pdf
Deepak Nitrite Ltd-,https://www.bseindia.com/stockinfo/AnnPdfOpen.aspx?Pname=51efcaf7-a305-4714-969c-125477cd4428.pdf
Hitachi Energy India Ltd,https://www.bseindia.com/stockinfo/AnnPdfOpen.aspx?Pname=da9de3f9-ef8c-4ec8-9a85-a5a1c8a8509d.pdf
Kalyani Steels Ltd,https://www.bseindia.com/stockinfo/AnnPdfOpen.aspx?Pname=8e606118-0ed9-4cfa-84e2-e3596aa75367.pdf
Eternal Ltd,https://www.bseindia.com/stockinfo/AnnPdfOpen.aspx?Pname=7ead86ed-ca36-4e60-979f-5d9fd4cd1f73.pdf
Globus Spirits Ltd,https://www.bseindia.com/stockinfo/AnnPdfOpen.aspx?Pname=d484e9cd-44c9-4e17-9326-c9da7c8e57e2.pdf
LG Balakrishnan & Bros Ltd,https://www.bseindia.com/stockinfo/AnnPdfOpen.aspx?Pname=72308a21-1aff-459b-b1ac-cdca7f90c900.pdf
RailTel Corporation of India Ltd,https://www.bseindia.com/stockinfo/AnnPdfOpen.aspx?Pname=48e0562f-aaae-42b8-a2b2-fc9a5fef3f70.pdf
NGL Fine Chem Ltd,https://www.bseindia.com/stockinfo/AnnPdfOpen.aspx?Pname=9da6e56c-6687-4370-8e83-8eee133e038c.pdf
India Pesticides Ltd,https://www.bseindia.com/stockinfo/AnnPdfOpen.aspx?Pname=18140be6-0269-4eab-8192-d271e79fda37.pdf
Transworld Shipping Lines Ltd,https://www.bseindia.com/stockinfo/AnnPdfOpen.aspx?Pname=eddf26b4-47a8-41b1-a7fe-52350ad64aeb.pdf
Fine Organic Industries Ltd,https://www.bseindia.com/stockinfo/AnnPdfOpen.aspx?Pname=73607dae-4fe3-457f-9713-d6c0f9a595be.pdf
Can Fin Homes Ltd,https://www.bseindia.com/stockinfo/AnnPdfOpen.aspx?Pname=b34e7682-9e6a-4bcd-88cb-92e9401fb1f6.pdf
Bharti Hexacom Ltd,https://www.bseindia.com/stockinfo/AnnPdfOpen.aspx?Pname=b2ec0cab-cd48-480f-b2e5-4a65264299e2.pdf
InterGlobe Aviation Ltd,https://www.bseindia.com/stockinfo/AnnPdfOpen.aspx?Pname=5bf7b8df-2b30-4e1e-a520-ea051c134813.pdf
TVS Motor Company Ltd,https://www.bseindia.com/stockinfo/AnnPdfOpen.aspx?Pname=adc3e93f-b32f-4f2b-a08c-91f0b18c6aeb.pdf
Bharat Heavy Electricals Ltd,https://www.bseindia.com/stockinfo/AnnPdfOpen.aspx?Pname=c60c4660-b005-47f1-9a51-b07cdb1e4b55.pdf
TVS Holdings Ltd,https://www.bseindia.com/stockinfo/AnnPdfOpen.aspx?Pname=1cce8cf2-0ad3-447a-b593-e8ba2f49bef2.pdf
Yes Bank Ltd,https://www.bseindia.com/stockinfo/AnnPdfOpen.aspx?Pname=d4758344-6860-41f6-b811-b22c1c3da8b0.pdf
Excel Industries Ltd,https://www.bseindia.com/stockinfo/AnnPdfOpen.aspx?Pname=84bb3ccf-36e1-43e1-a791-878b7a26c339.pdf
PNB Housing Finance Ltd,https://www.bseindia.com/stockinfo/AnnPdfOpen.aspx?Pname=bcc8936d-80e1-48af-bb68-8e8b0c391277.pdf
UltraTech Cement Ltd,https://www.bseindia.com/stockinfo/AnnPdfOpen.aspx?Pname=a3fa3c06-68a4-408b-9d3e-089ebd48d102.pdf
Hindustan Petroleum Corporation Ltd,https://www.bseindia.com/stockinfo/AnnPdfOpen.aspx?Pname=97e05cc2-45ba-415d-843a-ddbf0a25ce9a.pdf
Wonderla Holidays Ltd,https://www.bseindia.com/stockinfo/AnnPdfOpen.aspx?Pname=d48ea5df-b293-4a9c-9a7e-980433a6dd10.pdf
The Anup Engineering Ltd,https://www.bseindia.com/stockinfo/AnnPdfOpen.aspx?Pname=31c1bd7e-a427-495c-91bc-aca970e9ea64.pdf
Oriental Aromatics Ltd-,https://www.bseindia.com/stockinfo/AnnPdfOpen.aspx?Pname=95b6369f-3057-479a-9b25-871be7f4157a.pdf
Eicher Motors Ltd,https://www.bseindia.com/stockinfo/AnnPdfOpen.aspx?Pname=2c745f12-4715-4138-a7b4-d0f815caca9c.pdf
Expleo Solutions Ltd,https://www.bseindia.com/stockinfo/AnnPdfOpen.aspx?Pname=d6180c4e-0562-4c61-9f03-5e5475245695.pdf
Sterlite Technologies Ltd,https://www.bseindia.com/stockinfo/AnnPdfOpen.aspx?Pname=8a377dc8-a268-4db9-9bb0-f209488c67f3.pdf
Abans Financial Services Ltd,https://www.bseindia.com/stockinfo/AnnPdfOpen.aspx?Pname=ab368fc0-728f-4b82-a03c-b22c0e35769e.pdf
Indo Count Industries Ltd,https://www.bseindia.com/stockinfo/AnnPdfOpen.aspx?Pname=db4af686-9920-4995-b220-90d567bdb6d3.pdf
Hindalco Industries Ltd,https://www.bseindia.com/stockinfo/AnnPdfOpen.aspx?Pname=4e11c6f6-92f5-4dd4-8369-b5c770b30ae9.pdf
Restaurant Brands Asia Ltd,https://www.bseindia.com/stockinfo/AnnPdfOpen.aspx?Pname=d02c6424-06b2-4a1a-a81e-2ab22f0d099d.pdf
H.G. Infra Engineering Ltd,https://www.bseindia.com/stockinfo/AnnPdfOpen.aspx?Pname=f6b53063-b4c1-44da-bcfb-f82c4ecdef65.pdf
Brigade Enterprises Ltd,https://www.bseindia.com/stockinfo/AnnPdfOpen.aspx?Pname=7a04144c-a8cd-41b4-8055-3e7e2725c7c3.pdf
Flair Writing Industries Ltd,https://www.bseindia.com/stockinfo/AnnPdfOpen.aspx?Pname=693baad3-9e19-4db9-b6b5-1640e81b6b25.pdf
Repco Home Finance Ltd,https://www.bseindia.com/stockinfo/AnnPdfOpen.aspx?Pname=477f3fe7-b215-43c8-a7b3-a5e784a412fc.pdf
Sterling and Wilson Renewable Energy Ltd,https://www.bseindia.com/stockinfo/AnnPdfOpen.aspx?Pname=4233273a-a17b-4f17-8e5c-f6bbcd5e278d.pdf
South Indian Bank Ltd,https://www.bseindia.com/stockinfo/AnnPdfOpen.aspx?Pname=f442f714-b45b-4a4f-94a3-ef1117478d6f.pdf
IKIO Technologies Ltd,https://www.bseindia.com/stockinfo/AnnPdfOpen.aspx?Pname=30bad74b-8cd0-4696-a39c-ac83dac4d6a3.pdf
Swiggy Ltd,https://www.bseindia.com/stockinfo/AnnPdfOpen.aspx?Pname=2232e5aa-900c-42c1-a796-20872ebc5a6d.pdf
Raghav Productivity Enhancers Ltd,https://www.bseindia.com/stockinfo/AnnPdfOpen.aspx?Pname=0e809257-7df2-4a65-ab83-1e4af524cdf2.pdf
Ceat Ltd,https://www.bseindia.com/stockinfo/AnnPdfOpen.aspx?Pname=79660c61-0b65-44ea-a770-ff12c3e867df.pdf
Mangalam Cement Ltd,https://www.bseindia.com/stockinfo/AnnPdfOpen.aspx?Pname=d1a4b103-f59f-43d9-b41c-82979b0f8e10.pdf
ZF Commercial Vehicle Control Systems India Ltd,https://www.bseindia.com/stockinfo/AnnPdfOpen.aspx?Pname=cf80ab5b-086f-43e9-8795-558c37946b00.pdf
Aptus Value Housing Finance India Ltd,https://www.bseindia.com/stockinfo/AnnPdfOpen.aspx?Pname=dd60ded9-2dbe-4a6e-a681-0e1a4857ec0b.pdf
Varroc Engineering Ltd,https://www.bseindia.com/stockinfo/AnnPdfOpen.aspx?Pname=51f9cde3-2363-4d2d-99ba-1b82b5265c3f.pdf
Lloyds Engineering Works Ltd,https://www.bseindia.com/stockinfo/AnnPdfOpen.aspx?Pname=8fcc0af1-785e-4c9c-a0b7-6fe53889c8cf.pdf
Bannari Amman Sugars Ltd,https://www.bseindia.com/stockinfo/AnnPdfOpen.aspx?Pname=9506d6a0-e222-4eec-ae1b-94111dfcd958.pdf
Hindustan Aeronautics Ltd,https://www.bseindia.com/stockinfo/AnnPdfOpen.aspx?Pname=7adabbd4-07a9-48e6-bd58-ea2ba8256c2b.pdf
Everest Kanto Cylinder Ltd,https://www.bseindia.com/stockinfo/AnnPdfOpen.aspx?Pname=b87452fb-f53e-47e4-bbeb-c2481f5c5cf6.pdf
Bhagiradha Chemicals & Industries Ltd,https://www.bseindia.com/stockinfo/AnnPdfOpen.aspx?Pname=b98199da-627e-4212-ba5b-9ce2601b3c7a.pdf
Suven Life Sciences Ltd,https://www.bseindia.com/stockinfo/AnnPdfOpen.aspx?Pname=200c7bee-f412-4a91-ac46-f342b53129ad.pdf
Life Insurance Corporation of India,https://www.bseindia.com/stockinfo/AnnPdfOpen.aspx?Pname=4f87dd96-936c-4657-b8f5-a7828217b606.pdf
Mangalore Chemicals & Fertilizers Ltd,https://www.bseindia.com/stockinfo/AnnPdfOpen.aspx?Pname=030bd6ab-1e42-4ffd-b4bf-5a0f9486dc72.pdf
West Coast Paper Mills Ltd,https://www.bseindia.com/stockinfo/AnnPdfOpen.aspx?Pname=c188348e-29fc-4dee-97a1-d3fef5ee43fa.pdf
Bandhan Bank Ltd,https://www.bseindia.com/stockinfo/AnnPdfOpen.aspx?Pname=5fbc8946-2e54-4ee0-8404-0fe633c0ad9d.pdf
CMS Info Systems Ltd,https://www.bseindia.com/stockinfo/AnnPdfOpen.aspx?Pname=a406ccc5-7874-4feb-8fe5-ac5fcdd97e3e.pdf
Paras Defence and Space Technologies Ltd,https://www.bseindia.com/stockinfo/AnnPdfOpen.aspx?Pname=2f64ab42-1ea7-4d62-b85b-522629d96758.pdf
Minda Corporation Ltd,https://www.bseindia.com/stockinfo/AnnPdfOpen.aspx?Pname=d07bce09-5c34-4c3a-a25a-de9e3ad152f6.pdf
Gland Pharma Ltd,https://www.bseindia.com/stockinfo/AnnPdfOpen.aspx?Pname=44acd327-2dbb-42ea-833b-f988fdbf1206.pdf
IOL Chemicals & Pharmaceuticals Ltd,https://www.bseindia.com/stockinfo/AnnPdfOpen.aspx?Pname=c8c1d884-e802-4f50-9782-8b7fa1f5ecc4.pdf
Greenply Industries Ltd,https://www.bseindia.com/stockinfo/AnnPdfOpen.aspx?Pname=563201f1-e2a6-4ffc-bda4-8138cb873efa.pdf
DCB Bank Ltd,https://www.bseindia.com/stockinfo/AnnPdfOpen.aspx?Pname=d48f52f8-fe85-4ab7-9d52-20c89350f232.pdf
Bharat Petroleum Corporation Ltd,https://www.bseindia.com/stockinfo/AnnPdfOpen.aspx?Pname=96d978e1-69cd-495c-8eef-8111079a7624.pdf
Den Networks Ltd,https://www.bseindia.com/stockinfo/AnnPdfOpen.aspx?Pname=1d80006c-8ebd-444a-9b48-547d727365e7.pdf
SBI Cards and Payment Services Ltd,https://www.bseindia.com/stockinfo/AnnPdfOpen.aspx?Pname=5b7e8c5e-4736-407c-90c9-e602c0236616.pdf
Niva Bupa Health Insurance Company Ltd,https://www.bseindia.com/stockinfo/AnnPdfOpen.aspx?Pname=e6435169-12a1-41dd-ac67-651eeaebb3bb.pdf
Ola Electric Mobility Ltd,https://www.bseindia.com/stockinfo/AnnPdfOpen.aspx?Pname=52b08772-4a39-4fbd-bba0-3ef9c1a5b9c2.pdf
Utkarsh Small Finance Bank Ltd,https://www.bseindia.com/stockinfo/AnnPdfOpen.aspx?Pname=5de3b559-f963-4d4e-b3a8-d41fa11b5a02.pdf
Mahanagar Gas Ltd,https://www.bseindia.com/stockinfo/AnnPdfOpen.aspx?Pname=b7f62719-9d4c-4e51-8cf3-d232fab08ac7.pdf
ZEN Technologies Ltd,https://www.bseindia.com/stockinfo/AnnPdfOpen.aspx?Pname=1c3f795c-0d87-4b60-90a3-78c0b3804b7d.pdf
Hatsun Agro Product Ltd,https://www.bseindia.com/stockinfo/AnnPdfOpen.aspx?Pname=5147b83d-8320-4e1a-87dd-d4dede294399.pdf
NCC Ltd,https://www.bseindia.com/stockinfo/AnnPdfOpen.aspx?Pname=8895c03d-b116-444a-940d-ef7b506c56e7.pdf
Veedol Corporation Ltd,https://www.bseindia.com/stockinfo/AnnPdfOpen.aspx?Pname=a644aef2-2459-4c28-9e05-6c9ca81756d4.pdf
Trident Ltd,https://www.bseindia.com/stockinfo/AnnPdfOpen.aspx?Pname=2fad3880-bf9a-47aa-b618-d1b20c4e6e5e.pdf
Electrosteel Castings Ltd,https://www.bseindia.com/stockinfo/AnnPdfOpen.aspx?Pname=4672dfb3-3465-400c-8d37-2f04503fb23c.pdf
Jubilant FoodWorks Ltd,https://www.bseindia.com/stockinfo/AnnPdfOpen.aspx?Pname=5427027e-04cf-4edd-9f81-44a2f1f2a5d8.pdf
Hindustan Zinc Ltd,https://www.bseindia.com/stockinfo/AnnPdfOpen.aspx?Pname=38b4bdd9-4799-4c2b-a32c-91486882e7ec.pdf
Vodafone Idea Ltd,https://www.bseindia.com/stockinfo/AnnPdfOpen.aspx?Pname=e0303515-de2f-4702-8c7b-f00662e822d7.pdf
Lumax Industries Ltd,https://www.bseindia.com/stockinfo/AnnPdfOpen.aspx?Pname=641a6674-0588-4cb0-88b9-1404a1b0bc42.pdf
Lumax Auto Technologies Ltd,https://www.bseindia.com/stockinfo/AnnPdfOpen.aspx?Pname=ad9b5e76-6a77-446d-a862-22a42000921e.pdf
Info Edge (India) Ltd,https://www.bseindia.com/stockinfo/AnnPdfOpen.aspx?Pname=ddc43203-ec04-4e85-8e23-2bbcf4361bc3.pdf
5paisa Capital Ltd,https://www.bseindia.com/stockinfo/AnnPdfOpen.aspx?Pname=ca61eaa1-c5d0-41da-81b5-02ad881aee2f.pdf
Arvind Fashions Ltd,https://www.bseindia.com/stockinfo/AnnPdfOpen.aspx?Pname=c51f5c95-7d3f-4c1c-80ad-560933b0be21.pdf
Chambal Fertilisers & Chemicals Ltd,https://www.bseindia.com/stockinfo/AnnPdfOpen.aspx?Pname=14a39e26-1b13-4611-9681-698bb4538332.pdf
Sai Silks (Kalamandir) Ltd,https://www.bseindia.com/stockinfo/AnnPdfOpen.aspx?Pname=aeea10a7-b97a-4afd-9419-44b51432fce4.pdf
Chennai Petroleum Corporation Ltd,https://www.bseindia.com/stockinfo/AnnPdfOpen.aspx?Pname=f5c8287e-e957-4252-bbf1-933e043e5df5.pdf
REC Ltd,https://www.bseindia.com/stockinfo/AnnPdfOpen.aspx?Pname=80b37781-d471-4059-9bd4-3565e171f547.pdf
CSB Bank Ltd,https://www.bseindia.com/stockinfo/AnnPdfOpen.aspx?Pname=e4e22617-1fea-45d2-a3fc-49f020b083d0.pdf
Astral Ltd,https://www.bseindia.com/stockinfo/AnnPdfOpen.aspx?Pname=0abe5c5a-84d3-4f7d-bd79-76b26c9c8d3a.pdf
Kuantum Papers Ltd,https://www.bseindia.com/stockinfo/AnnPdfOpen.aspx?Pname=b044c22c-772b-4e73-9f08-cf773718b949.pdf
Jammu & Kashmir Bank Ltd,https://www.bseindia.com/stockinfo/AnnPdfOpen.aspx?Pname=0d797469-2b60-4cfc-855d-066c13e3882a.pdf
FSN E-Commerce Ventures Ltd,https://www.bseindia.com/stockinfo/AnnPdfOpen.aspx?Pname=4300e5eb-d720-4de7-a992-864eb208bf79.pdf
HCL Technologies Ltd,https://www.bseindia.com/stockinfo/AnnPdfOpen.aspx?Pname=3e2eefe5-b432-4464-a334-c92749deddb0.pdf
Northern Arc Capital Ltd,https://www.bseindia.com/stockinfo/AnnPdfOpen.aspx?Pname=ac5fd2ad-3286-466e-a8cc-aff892a854ea.pdf
Power Grid Corporation of India Ltd,https://www.bseindia.com/stockinfo/AnnPdfOpen.aspx?Pname=b3a8b4e0-2d58-4f9a-b38b-9b5c9d2922be.pdf
Coal India Ltd,https://www.bseindia.com/stockinfo/AnnPdfOpen.aspx?Pname=94e6afb0-ab09-41d7-8377-07d692584406.pdf
Khaitan Chemicals & Fertilizers Ltd,https://www.bseindia.com/stockinfo/AnnPdfOpen.aspx?Pname=122f5cfc-7a9f-4626-a57d-e8ec81dfc5f6.pdf
Shyam Metalics and Energy Ltd,https://www.bseindia.com/stockinfo/AnnPdfOpen.aspx?Pname=5318bc17-e137-4754-a2a5-3efd341db872.pdf
3M India Ltd,https://www.bseindia.com/stockinfo/AnnPdfOpen.aspx?Pname=e8a6812e-db9c-4fdb-b9a8-88902e33cfbd.pdf
Relaxo Footwears Ltd-,https://www.bseindia.com/stockinfo/AnnPdfOpen.aspx?Pname=a79cb115-16a7-4106-b5f4-e23e9f4da3e9.pdf
Ram Ratna Wires Ltd-,https://www.bseindia.com/stockinfo/AnnPdfOpen.aspx?Pname=721bcccd-c414-427c-8b07-f93c0736d785.pdf
Senco Gold Ltd,https://www.bseindia.com/stockinfo/AnnPdfOpen.aspx?Pname=a463b886-05d5-4513-b093-a6f2ad1903db.pdf
Jana Small Finance Bank Ltd,https://www.bseindia.com/stockinfo/AnnPdfOpen.aspx?Pname=bf17c389-c8cf-43ba-9f77-5c07611c10d8.pdf
Sundrop Brands Ltd,https://www.bseindia.com/stockinfo/AnnPdfOpen.aspx?Pname=1993a1d7-d740-485b-82c5-d844018b29c3.pdf
JK Paper Ltd,https://www.bseindia.com/stockinfo/AnnPdfOpen.aspx?Pname=cb48ff9f-aece-4316-978d-dd801af460b1.pdf
Emami Ltd-,https://www.bseindia.com/stockinfo/AnnPdfOpen.aspx?Pname=905ab531-40d9-4827-ab43-4eaa8acfe179.pdf
Jio Financial Services Ltd,https://www.bseindia.com/stockinfo/AnnPdfOpen.aspx?Pname=2ff232cb-4364-493a-a638-931d30766651.pdf
Sportking India Ltd,https://www.bseindia.com/stockinfo/AnnPdfOpen.aspx?Pname=d0dcbedf-836f-4aa2-b360-e3aa6d574673.pdf
Lloyds Enterprises Ltd,https://www.bseindia.com/stockinfo/AnnPdfOpen.aspx?Pname=5a5ff77f-4459-4c17-a69a-8112bb0bd497.pdf
Netweb Technologies India Ltd,https://www.bseindia.com/stockinfo/AnnPdfOpen.aspx?Pname=fecf2a5c-c721-4ccd-b430-4da7988cf6c7.pdf
Action Construction Equipment Ltd,https://www.bseindia.com/stockinfo/AnnPdfOpen.aspx?Pname=0d78b745-1303-4843-8512-ea21f0c42c83.pdf
HMA Agro Industries Ltd,https://www.bseindia.com/stockinfo/AnnPdfOpen.aspx?Pname=7562f0de-6899-4509-a08e-1520a195c676.pdf
Quess Corp Ltd,https://www.bseindia.com/stockinfo/AnnPdfOpen.aspx?Pname=86c2b4f0-9094-40a3-8867-3f81a97f8594.pdf
LIC Housing Finance Ltd,https://www.bseindia.com/stockinfo/AnnPdfOpen.aspx?Pname=da362305-09f6-4e0e-8957-9062ae3e348c.pdf
Shree Digvijay Cement Company Ltd-,https://www.bseindia.com/stockinfo/AnnPdfOpen.aspx?Pname=d7d62d13-149c-48a2-b08e-06614f6b1bf3.pdf
One 97 Communications Ltd,https://www.bseindia.com/stockinfo/AnnPdfOpen.aspx?Pname=02e04f94-e9c7-4daa-bb59-dfbed2a695ac.pdf
Jubilant Pharmova Ltd,https://www.bseindia.com/stockinfo/AnnPdfOpen.aspx?Pname=57abf49c-f5fa-4432-a09c-e137ee87b952.pdf
ICICI Bank Ltd,https://www.bseindia.com/stockinfo/AnnPdfOpen.aspx?Pname=fbb78fae-91d5-4556-9e76-e9582a6d8d8a.pdf
Bharat Electronics Ltd,https://www.bseindia.com/stockinfo/AnnPdfOpen.aspx?Pname=e66d925f-a552-4d13-b70f-6386e1fd4931.pdf
Maruti Suzuki India Ltd,https://www.bseindia.com/stockinfo/AnnPdfOpen.aspx?Pname=bf787958-642f-4d2e-8b39-4642011531dc.pdf
Jubilant Ingrevia Ltd,https://www.bseindia.com/stockinfo/AnnPdfOpen.aspx?Pname=37999578-c24b-4fa8-a058-2b9935675a49.pdf
Motherson Sumi Wiring India Ltd,https://www.bseindia.com/stockinfo/AnnPdfOpen.aspx?Pname=56c322cd-b12d-4cf6-9024-6a893b33ecea.pdf
IFGL Refractories Ltd,https://www.bseindia.com/stockinfo/AnnPdfOpen.aspx?Pname=14dc1ea6-507b-406c-9322-a21f874938e8.pdf
Samvardhana Motherson International Ltd,https://www.bseindia.com/stockinfo/AnnPdfOpen.aspx?Pname=5a8395fe-99f8-4312-9ace-787322fec1c2.pdf
KFin Technologies Ltd,https://www.bseindia.com/stockinfo/AnnPdfOpen.aspx?Pname=fda01ffb-d917-415a-880a-72aad1c67917.pdf
TV Today Network Ltd,https://www.bseindia.com/stockinfo/AnnPdfOpen.aspx?Pname=d90162c6-d95c-4097-9328-152fcbff7992.pdf
United Spirits Ltd,https://www.bseindia.com/stockinfo/AnnPdfOpen.aspx?Pname=f7a2e4ab-455d-41e2-85b1-c25421f24657.pdf
Indian Railway Finance Corporation Ltd,https://www.bseindia.com/stockinfo/AnnPdfOpen.aspx?Pname=4580cb7c-59d8-49f1-9c62-1c1f4a9ee62d.pdf
Godfrey Phillips India Ltd,https://www.bseindia.com/stockinfo/AnnPdfOpen.aspx?Pname=40ad32f4-ca8a-4198-8198-2b09e6619b8e.pdf
Jindal Drilling & Industries Ltd,https://www.bseindia.com/stockinfo/AnnPdfOpen.aspx?Pname=4ca444ef-3fd8-4982-967d-0e78263641c6.pdf
Maharashtra Seamless Ltd,https://www.bseindia.com/stockinfo/AnnPdfOpen.aspx?Pname=cf1d1e62-83eb-4938-914b-6ca6f0076d45.pdf
Gujarat Ambuja Exports Ltd,https://www.bseindia.com/stockinfo/AnnPdfOpen.aspx?Pname=c7d9414c-82cc-4931-93b2-1bdf5058fdc4.pdf
Manorama Industries Ltd,https://www.bseindia.com/stockinfo/AnnPdfOpen.aspx?Pname=ecab33c9-6c99-40a7-98d0-3b6002cbd39c.pdf
Hyundai Motor India Ltd,https://www.bseindia.com/stockinfo/AnnPdfOpen.aspx?Pname=4905b897-5b44-4304-beae-07e07ab5f2b6.pdf
Fino Payments Bank Ltd,https://www.bseindia.com/stockinfo/AnnPdfOpen.aspx?Pname=5bd13e61-a5db-4879-9e91-aaec7f9cbd80.pdf
Power Finance Corporation Ltd,https://www.bseindia.com/stockinfo/AnnPdfOpen.aspx?Pname=99eb7330-2cbd-4f0b-83f3-0f0e5e5f360d.pdf
Balrampur Chini Mills Ltd,https://www.bseindia.com/stockinfo/AnnPdfOpen.aspx?Pname=78629fc0-2497-483d-96af-af371066ac1c.pdf
Rail Vikas Nigam Ltd,https://www.bseindia.com/stockinfo/AnnPdfOpen.aspx?Pname=6bda840a-23b0-4768-867c-5a197e7220db.pdf
NMDC Steel Ltd,https://www.bseindia.com/stockinfo/AnnPdfOpen.aspx?Pname=4606550e-8b89-4599-b47c-95044f73e97f.pdf
NMDC Ltd,https://www.bseindia.com/stockinfo/AnnPdfOpen.aspx?Pname=7dc34626-2cc9-4249-a0c6-f0938a35a7c5.pdf
Apollo Hospitals Enterprise Ltd,https://www.bseindia.com/stockinfo/AnnPdfOpen.aspx?Pname=550ebf61-11e4-4de0-98ce-7e25abacd9eb.pdf
Reliance Industries Ltd,https://www.bseindia.com/stockinfo/AnnPdfOpen.aspx?Pname=648b7ceb-a0c5-4f5c-a8d9-80f687561427.pdf
Alok Industries Ltd,https://www.bseindia.com/stockinfo/AnnPdfOpen.aspx?Pname=f9cf02ad-1886-4acd-82a9-86de960649c7.pdf
Mangalore Refinery and Petrochemicals Ltd,https://www.bseindia.com/stockinfo/AnnPdfOpen.aspx?Pname=94ea4359-59cd-4254-a5b7-ecadb3c2d8eb.pdf
D. B. Corp Ltd,https://www.bseindia.com/stockinfo/AnnPdfOpen.aspx?Pname=f28cabd5-1241-4e27-92d6-2d8c8b0d3b2c.pdf
Indian Oil Corporation Ltd,https://www.bseindia.com/stockinfo/AnnPdfOpen.aspx?Pname=d8cdf118-a153-437b-9234-acad20143c2f.pdf
Gail (India) Ltd,https://www.bseindia.com/stockinfo/AnnPdfOpen.aspx?Pname=69b8ac6e-9514-4a96-b20a-f6411b1e08a1.pdf
NTPC Ltd,https://www.bseindia.com/stockinfo/AnnPdfOpen.aspx?Pname=9ad15a94-9405-4bc8-9d30-107e2cad4558.pdf
MPS Ltd,https://www.bseindia.com/stockinfo/AnnPdfOpen.aspx?Pname=f7a210b6-1dcd-4d6e-ad24-7139a51fc4e6.pdf
Rupa & Company Ltd,https://www.bseindia.com/stockinfo/AnnPdfOpen.aspx?Pname=6c73f176-8ea8-441a-85e7-dd252e3f5f63.pdf
Indian Railway Catering and Tourism Corporation Ltd,https://www.bseindia.com/stockinfo/AnnPdfOpen.aspx?Pname=30732e9a-a215-456d-95eb-f4960e5b10dc.pdf
Cantabil Retail India Ltd,https://www.bseindia.com/stockinfo/AnnPdfOpen.aspx?Pname=5d2b7461-b66a-4686-b314-6aba53ccc328.pdf
Krishna Institute of Medical Sciences Ltd,https://www.bseindia.com/stockinfo/AnnPdfOpen.aspx?Pname=9d54303c-b410-495d-9e5a-286afff541c6.pdf
SBI Life Insurance Company Ltd,https://www.bseindia.com/stockinfo/AnnPdfOpen.aspx?Pname=802be001-1ba9-4d98-bcce-9c93d94cf1d2.pdf
Federal Bank Ltd,https://www.bseindia.com/stockinfo/AnnPdfOpen.aspx?Pname=09e8d0eb-6001-4f60-ab76-3866e4c8c25a.pdf
Oil and Natural Gas Corporation Ltd,https://www.bseindia.com/stockinfo/AnnPdfOpen.aspx?Pname=4aa208e1-083c-4223-8396-11191d663e4e.pdf
Agi Greenpac Ltd,https://www.bseindia.com/stockinfo/AnnPdfOpen.aspx?Pname=a3087021-1de5-4ca8-9be8-b81c8aee2f52.pdf
Welspun Enterprises Ltd,https://www.bseindia.com/stockinfo/AnnPdfOpen.aspx?Pname=aa52549c-47c6-4ac0-b29f-ebe581436cec.pdf
Indusind Bank Ltd,https://www.bseindia.com/stockinfo/AnnPdfOpen.aspx?Pname=6787b0d0-77cf-41a1-aa9f-9a145b7733c1.pdf
Narayana Hrudayalaya Ltd,https://www.bseindia.com/stockinfo/AnnPdfOpen.aspx?Pname=a20ccc53-c538-4d06-a763-d5239ac014d2.pdf
Styrenix Performance Materials Ltd,https://www.bseindia.com/stockinfo/AnnPdfOpen.aspx?Pname=8b1389dc-9451-413d-858f-0e3e20d0d261.pdf
Indus Towers Ltd,https://www.bseindia.com/stockinfo/AnnPdfOpen.aspx?Pname=768676e0-ebd6-4028-b2f5-cc666beadeb3.pdf
MAS Financial Services Ltd,https://www.bseindia.com/stockinfo/AnnPdfOpen.aspx?Pname=6f1ed98b-883d-4089-bdd7-c42fb7c8e91f.pdf
NHPC Ltd,https://www.bseindia.com/stockinfo/AnnPdfOpen.aspx?Pname=f1da44c5-a2e9-41b0-bce4-37fbc7e51d5b.pdf
Jindal Steel & Power Ltd,https://www.bseindia.com/stockinfo/AnnPdfOpen.aspx?Pname=3b261af5-9c65-4d86-9ea8-96bd540b0525.pdf
S.P. Apparels Ltd,https://www.bseindia.com/stockinfo/AnnPdfOpen.aspx?Pname=5047612f-9ee0-4fe6-9f9b-44ee34efe707.pdf
Indigo Paints Ltd,https://www.bseindia.com/stockinfo/AnnPdfOpen.aspx?Pname=4f8a3693-a723-47bb-b25e-729001dd3f25.pdf
PCBL Chemical Ltd,https://www.bseindia.com/stockinfo/AnnPdfOpen.aspx?Pname=774eab05-e865-45d6-bca5-e2dc8436228a.pdf
Gujarat Pipavav Port Ltd,https://www.bseindia.com/stockinfo/AnnPdfOpen.aspx?Pname=5faf7dae-ad30-4e99-9ade-652b283efeb6.pdf
Naperol Investments Ltd,https://www.bseindia.com/stockinfo/AnnPdfOpen.aspx?Pname=e08207c8-8f87-4cb8-a2fa-73a2394725f0.pdf
Gillette India Ltd,https://www.bseindia.com/stockinfo/AnnPdfOpen.aspx?Pname=952f48c5-196c-412e-b78c-814a9b010bb1.pdf
Delhivery Ltd,https://www.bseindia.com/stockinfo/AnnPdfOpen.aspx?Pname=cb872cc0-7f30-40ac-a2c6-c1249dc241e9.pdf
Jay Bharat Maruti Ltd,https://www.bseindia.com/stockinfo/AnnPdfOpen.aspx?Pname=9bf4f696-1da3-4d39-a7ae-9a01359b4414.pdf
Muthoot Finance Ltd,https://www.bseindia.com/stockinfo/AnnPdfOpen.aspx?Pname=e0d634f4-4873-4377-a420-79a1cf308f8b.pdf
Jindal Stainless Ltd,https://www.bseindia.com/stockinfo/AnnPdfOpen.aspx?Pname=65fea22f-96ed-420b-9c3a-b1224fe35d01.pdf
Speciality Restaurants Ltd,https://www.bseindia.com/stockinfo/AnnPdfOpen.aspx?Pname=f285b50b-79ce-4020-b013-2d2bb33a125b.pdf
Garware Technical Fibres Ltd,https://www.bseindia.com/stockinfo/AnnPdfOpen.aspx?Pname=6ae1f48a-39ec-4555-9cd7-a8f15fb69a93.pdf
Nitin Spinners Ltd,https://www.bseindia.com/stockinfo/AnnPdfOpen.aspx?Pname=6aa88773-1789-47e6-bbe8-5c01bb68a56e.pdf
Emami Paper Mills Ltd,https://www.bseindia.com/stockinfo/AnnPdfOpen.aspx?Pname=035316ac-0ac9-4450-b0eb-da2e45c6bbd8.pdf
Pokarna Ltd,https://www.bseindia.com/stockinfo/AnnPdfOpen.aspx?Pname=a5adf91f-0e89-4a4b-9c73-dc75cf3d7465.pdf
Mitsu Chem Plast Ltd,https://www.bseindia.com/stockinfo/AnnPdfOpen.aspx?Pname=d369d611-83e7-40e9-989e-e6a40f84ea27.pdf
JBM Auto Ltd,https://www.bseindia.com/stockinfo/AnnPdfOpen.aspx?Pname=3f3a9212-d53b-484f-a2c7-1aa9fd09011f.pdf
Just Dial Ltd,https://www.bseindia.com/stockinfo/AnnPdfOpen.aspx?Pname=e41d697f-2b80-448b-949d-2cd3cc422be4.pdf
Aster DM Healthcare Ltd,https://www.bseindia.com/stockinfo/AnnPdfOpen.aspx?Pname=13d33e60-9020-4c20-8325-f757853f3544.pdf
Ajmera Realty & Infra India Ltd,https://www.bseindia.com/stockinfo/AnnPdfOpen.aspx?Pname=2c88edfb-318b-452e-9c83-5e498339eb45.pdf
Mitsu Chem Plast Ltd,https://www.bseindia.com/stockinfo/AnnPdfOpen.aspx?Pname=fcfcb535-afdb-4663-a895-ffe973173458.pdf
Ratnamani Metals & Tubes Ltd-,https://www.bseindia.com/stockinfo/AnnPdfOpen.aspx?Pname=cf1693be-4f51-4f4a-be84-800b28430ee3.pdf
Go Fashion (India) Ltd,https://www.bseindia.com/stockinfo/AnnPdfOpen.aspx?Pname=b127505e-9185-49fa-826e-4db5383ca4fd.pdf
Clean Science and Technology Ltd,https://www.bseindia.com/stockinfo/AnnPdfOpen.aspx?Pname=17b9b3b8-505b-4298-b074-09897d97d8ca.pdf
Schneider Electric Infrastructure Ltd,https://www.bseindia.com/stockinfo/AnnPdfOpen.aspx?Pname=692ba1dd-0ec3-43a4-af27-d892abe51570.pdf
RSWM Ltd,https://www.bseindia.com/stockinfo/AnnPdfOpen.aspx?Pname=b27b2c06-f9ba-4a9a-ba02-787eac47a0d5.pdf
Morepen Laboratories Ltd,https://www.bseindia.com/stockinfo/AnnPdfOpen.aspx?Pname=c8b9ffd1-c0c9-44fc-861b-d32541b05969.pdf
Shivalik Rasayan Ltd,https://www.bseindia.com/stockinfo/AnnPdfOpen.aspx?Pname=c5f12779-6f2d-424b-93fa-0953c766506a.pdf
Medicamen Biotech Ltd-,https://www.bseindia.com/stockinfo/AnnPdfOpen.aspx?Pname=bb0a4e08-dce5-4b97-905e-1686b0f46f1c.pdf
Vedant Fashions Ltd,https://www.bseindia.com/stockinfo/AnnPdfOpen.aspx?Pname=92a5d3c6-6938-4e1a-8f52-b9bf363965ec.pdf
Thomas Cook (India) Ltd,https://www.bseindia.com/stockinfo/AnnPdfOpen.aspx?Pname=7a9bbe2d-f64d-4933-9373-3d6a3cb680c0.pdf
Panama Petrochem Ltd,https://www.bseindia.com/stockinfo/AnnPdfOpen.aspx?Pname=53154eca-8ff8-494a-9ee6-4925eb3e8561.pdf
Delta Corp Ltd,https://www.bseindia.com/stockinfo/AnnPdfOpen.aspx?Pname=9be403da-539d-4cd4-bc65-91d64b7c1218.pdf
Concord Biotech Ltd,https://www.bseindia.com/stockinfo/AnnPdfOpen.aspx?Pname=d6a0ae63-568b-4e98-b39a-12823d704134.pdf
Ganesh Housing Corporation Ltd-,https://www.bseindia.com/stockinfo/AnnPdfOpen.aspx?Pname=df3af879-f26f-44db-b2d8-cf316c658baa.pdf
Procter & Gamble Hygiene and Health Care Ltd,https://www.bseindia.com/stockinfo/AnnPdfOpen.aspx?Pname=13ce985e-9978-4b9a-b255-17a08331bc3e.pdf
Gravita India Ltd,https://www.bseindia.com/stockinfo/AnnPdfOpen.aspx?Pname=abcb34e7-31cb-4a6e-84cd-ce25c41a5a37.pdf
Gujarat Narmada Valley Fertilizers & Chemicals Ltd,https://www.bseindia.com/stockinfo/AnnPdfOpen.aspx?Pname=2de97ac7-2e73-4350-884f-1003eff00a33.pdf
Vijaya Diagnostic Centre Ltd,https://www.bseindia.com/stockinfo/AnnPdfOpen.aspx?Pname=b8bcb578-dad8-4e74-a312-45146b86b7c7.pdf
Triveni Turbine Ltd,https://www.bseindia.com/stockinfo/AnnPdfOpen.aspx?Pname=2c31ec08-f8c8-4901-bb97-7a12e89e8c96.pdf
Chemcon Speciality Chemicals Ltd,https://www.bseindia.com/stockinfo/AnnPdfOpen.aspx?Pname=2fa2cd11-0407-4edb-acd0-67f5cd465399.pdf
Zinka Logistics Solutions Ltd,https://www.bseindia.com/stockinfo/AnnPdfOpen.aspx?Pname=d98e2352-e7c9-4500-b79d-636e9510c64c.pdf
Barbeque-Nation Hospitality Ltd,https://www.bseindia.com/stockinfo/AnnPdfOpen.aspx?Pname=08861bd3-91a1-41ad-b9c6-a32d58afcac3.pdf
Prince Pipes and Fittings Ltd,https://www.bseindia.com/stockinfo/AnnPdfOpen.aspx?Pname=1fb9a014-36a4-4de6-a812-25ec02cb5234.pdf
Kalyan Jewellers India Ltd,https://www.bseindia.com/stockinfo/AnnPdfOpen.aspx?Pname=fc33b5ee-762d-448a-b737-eb4a51504f67.pdf
Jayaswal Neco Industries Ltd,https://www.bseindia.com/stockinfo/AnnPdfOpen.aspx?Pname=bb5faa82-97dd-4d61-baf5-5b783c9cf925.pdf
Equitas Small Finance Bank Ltd,https://www.bseindia.com/stockinfo/AnnPdfOpen.aspx?Pname=bf010110-3e68-4e4a-bf70-00fff6521ca8.pdf
Bharat Bijlee Ltd-,https://www.bseindia.com/stockinfo/AnnPdfOpen.aspx?Pname=2317bc78-2c40-4c0e-b428-6b4ebaa81333.pdf
Whirlpool of India Ltd,https://www.bseindia.com/stockinfo/AnnPdfOpen.aspx?Pname=1c31b464-d633-4464-a137-8824eda59977.pdf
Aurobindo Pharma Ltd,https://www.bseindia.com/stockinfo/AnnPdfOpen.aspx?Pname=fe003309-4ba7-48dd-9879-f77c9134d49a.pdf
Indoco Remedies Ltd,https://www.bseindia.com/stockinfo/AnnPdfOpen.aspx?Pname=3b7b4ef0-04db-47f7-b2d8-1f610c5dafad.pdf
V2 Retail Ltd,https://www.bseindia.com/stockinfo/AnnPdfOpen.aspx?Pname=bd41fee5-3c44-4e09-b5e9-00b86f5ad929.pdf
Deep Industries Ltd,https://www.bseindia.com/stockinfo/AnnPdfOpen.aspx?Pname=0f79ae0b-8bc1-4f14-950f-efb4c449cca3.pdf
Ion Exchange India Ltd-,https://www.bseindia.com/stockinfo/AnnPdfOpen.aspx?Pname=6eebae5d-b181-48e4-a4d6-9e191afc956b.pdf
Bajaj Hindusthan Sugar Ltd,https://www.bseindia.com/stockinfo/AnnPdfOpen.aspx?Pname=72490dbf-0550-4bcd-99d7-fe102ac564b2.pdf
PVR Inox Ltd,https://www.bseindia.com/stockinfo/AnnPdfOpen.aspx?Pname=41c28cd2-722b-4761-b78a-4df3c57bd9b8.pdf
Welspun Living Ltd,https://www.bseindia.com/stockinfo/AnnPdfOpen.aspx?Pname=718bca4f-22ea-4152-9dc5-6f1f7834dd2b.pdf
RPSG Ventures Ltd,https://www.bseindia.com/stockinfo/AnnPdfOpen.aspx?Pname=184424a0-adfa-47a0-aefc-7b58bc7312eb.pdf
Faze Three Ltd-$,https://www.bseindia.com/stockinfo/AnnPdfOpen.aspx?Pname=f8a4e302-f0f4-406e-af26-c55bbbb10745.pdf
GE Vernova T&D India Ltd,https://www.bseindia.com/stockinfo/AnnPdfOpen.aspx?Pname=9e930353-8a7e-4487-94e3-22d1c29b176e.pdf
Saregama India Ltd,https://www.bseindia.com/stockinfo/AnnPdfOpen.aspx?Pname=a65c8949-6745-43e1-8a31-879b8120881b.pdf
Rashi Peripherals Ltd,https://www.bseindia.com/stockinfo/AnnPdfOpen.aspx?Pname=cfdaf8fb-862c-46af-882e-8ebbd8d30b9a.pdf
360 ONE WAM LTD,https://www.bseindia.com/stockinfo/AnnPdfOpen.aspx?Pname=40560e5c-3cb2-44e7-86c1-9720e5f3dac1.pdf
CESC Ltd,https://www.bseindia.com/stockinfo/AnnPdfOpen.aspx?Pname=7fd00496-fcd0-4f01-9293-50dc962dd8f0.pdf
Kopran Ltd,https://www.bseindia.com/stockinfo/AnnPdfOpen.aspx?Pname=f2b848a7-98ca-4e17-bfa8-33fd50499616.pdf
Gabriel India Ltd-,https://www.bseindia.com/stockinfo/AnnPdfOpen.aspx?Pname=f3f75505-5f6d-4109-93f6-0d637286ec2f.pdf
Westlife Foodworld Ltd,https://www.bseindia.com/stockinfo/AnnPdfOpen.aspx?Pname=b2a58c6a-7ee8-4e18-893c-1db5a233c299.pdf
Five-Star Business Finance Ltd,https://www.bseindia.com/stockinfo/AnnPdfOpen.aspx?Pname=b9df8aca-18dc-418d-83fb-0b47c0265f81.pdf
Taj Gvk Hotels & Resorts Ltd,https://www.bseindia.com/stockinfo/AnnPdfOpen.aspx?Pname=a8b75817-9db7-4646-b3a2-cba88f414099.pdf
Taj Gvk Hotels & Resorts Ltd,https://www.bseindia.com/stockinfo/AnnPdfOpen.aspx?Pname=6d2c9063-71d5-49a4-a47b-1a46046c5aaf.pdf
Taj Gvk Hotels & Resorts Ltd,https://www.bseindia.com/stockinfo/AnnPdfOpen.aspx?Pname=bdc0f919-f0fe-4aa7-8bcf-65b45b77169a.pdf
Patel Engineering Ltd-,https://www.bseindia.com/stockinfo/AnnPdfOpen.aspx?Pname=73030155-a88b-439f-9b18-dccf7447df9d.pdf
Standard Glass Lining Technology Ltd,https://www.bseindia.com/stockinfo/AnnPdfOpen.aspx?Pname=65d95021-1ad6-4bc8-9643-88eac72ac3e9.pdf
Indian Energy Exchange Ltd,https://www.bseindia.com/stockinfo/AnnPdfOpen.aspx?Pname=ab71427e-1df7-4c9b-8929-48fb25101913.pdf
Radiant Cash Management Services Ltd,https://www.bseindia.com/stockinfo/AnnPdfOpen.aspx?Pname=1311c179-dc06-4046-be01-8767ed839e44.pdf
Deepak Fertilisers & Petrochemicals Corporation Ltd,https://www.bseindia.com/stockinfo/AnnPdfOpen.aspx?Pname=060e077f-ee02-4ae8-aef9-a20e185971f0.pdf
Mayur Uniquoters Ltd-,https://www.bseindia.com/stockinfo/AnnPdfOpen.aspx?Pname=a01de4b3-0681-4bc7-81e7-f4736bf2ac1f.pdf
DMCC Speciality Chemicals Ltd,https://www.bseindia.com/stockinfo/AnnPdfOpen.aspx?Pname=97bafe26-0b74-425e-9d67-ff2b077285a6.pdf
Yasho Industries Ltd,https://www.bseindia.com/stockinfo/AnnPdfOpen.aspx?Pname=19051770-d11f-4029-9231-110849e3f743.pdf
3i Infotech Ltd,https://www.bseindia.com/stockinfo/AnnPdfOpen.aspx?Pname=c14b7ee9-cbd3-479b-a244-d49d941d2326.pdf
EPL Ltd,https://www.bseindia.com/stockinfo/AnnPdfOpen.aspx?Pname=f9a0cda6-fcb7-49fe-8c44-92e9992be935.pdf
Triveni Engineering & Industries Ltd,https://www.bseindia.com/stockinfo/AnnPdfOpen.aspx?Pname=61153e05-9dd1-4ada-8cce-6544a59bf22d.pdf
VIP Industries Ltd-,https://www.bseindia.com/stockinfo/AnnPdfOpen.aspx?Pname=398935cf-ac6d-4361-9d7e-83ea63ab750d.pdf
eClerx Services Ltd,https://www.bseindia.com/stockinfo/AnnPdfOpen.aspx?Pname=4d52c8ae-c999-49fb-bc0e-d582bf0fce9d.pdf
Prestige Estates Projects Ltd,https://www.bseindia.com/stockinfo/AnnPdfOpen.aspx?Pname=b9cceed8-5ef3-4e79-8447-c5a895a7130c.pdf
Jyothy Labs Ltd,https://www.bseindia.com/stockinfo/AnnPdfOpen.aspx?Pname=887802e8-a9e6-483a-b90f-f5215c01af3b.pdf
NRB Bearings Ltd,https://www.bseindia.com/stockinfo/AnnPdfOpen.aspx?Pname=5cec3358-6366-443c-aefa-503995720e25.pdf
Surya Roshni Ltd,https://www.bseindia.com/stockinfo/AnnPdfOpen.aspx?Pname=c416eb9c-2275-470b-a35a-608f3ee51356.pdf
Vindhya Telelinks Ltd,https://www.bseindia.com/stockinfo/AnnPdfOpen.aspx?Pname=6e0711f8-1293-4d86-9466-d6f5e778cfc8.pdf
Route Mobile Ltd,https://www.bseindia.com/stockinfo/AnnPdfOpen.aspx?Pname=d046a2bb-5026-461a-b157-fb9694ab77cb.pdf
Andrew Yule & Company Ltd,https://www.bseindia.com/stockinfo/AnnPdfOpen.aspx?Pname=5cd080e8-f588-4f8d-857b-c4b83bd1d87c.pdf
Kaynes Technology India Ltd,https://www.bseindia.com/stockinfo/AnnPdfOpen.aspx?Pname=06e72163-a49d-4b50-99bb-99c17c98778a.pdf
Time Technoplast Ltd,https://www.bseindia.com/stockinfo/AnnPdfOpen.aspx?Pname=59571fca-3043-4d56-9161-0c9f89394f5d.pdf
Universal Cables Ltd,https://www.bseindia.com/stockinfo/AnnPdfOpen.aspx?Pname=3538673a-3020-45a0-8342-796458b151fe.pdf
VST Tillers Tractors Ltd-,https://www.bseindia.com/stockinfo/AnnPdfOpen.aspx?Pname=be2c06bf-b17c-4ce3-b44f-5b0c55a9e075.pdf
Asahi India Glass Ltd,https://www.bseindia.com/stockinfo/AnnPdfOpen.aspx?Pname=5c63639c-b3fa-477c-ad10-8a77c9c0dd5c.pdf
Quint Digital Ltd,https://www.bseindia.com/stockinfo/AnnPdfOpen.aspx?Pname=9bfb1fad-c492-4311-86df-cd68ea5c3f14.pdf
Astra Microwave Products Ltd,https://www.bseindia.com/stockinfo/AnnPdfOpen.aspx?Pname=9c47900f-4564-46cf-837a-97c604a46874.pdf
One Mobikwik Systems Ltd,https://www.bseindia.com/stockinfo/AnnPdfOpen.aspx?Pname=afbbd645-c438-4b72-9faf-611b6857b350.pdf
Uniphos Enterprises Ltd,https://www.bseindia.com/stockinfo/AnnPdfOpen.aspx?Pname=e799f8ee-a361-473c-a216-e9108164afa0.pdf
Paradeep Phosphates Ltd,https://www.bseindia.com/stockinfo/AnnPdfOpen.aspx?Pname=b7c65c68-2c1d-4d0d-827b-9004f20ce7b8.pdf
Jyoti Structures Ltd,https://www.bseindia.com/stockinfo/AnnPdfOpen.aspx?Pname=019e2d63-30fc-468f-83c3-58bbb03310fc.pdf
Zee Entertainment Enterprises Ltd,https://www.bseindia.com/stockinfo/AnnPdfOpen.aspx?Pname=8f649a00-923c-4fc8-9588-99104df015a8.pdf
Harsha Engineers International Ltd,https://www.bseindia.com/stockinfo/AnnPdfOpen.aspx?Pname=7c4167cb-9a50-4bea-acbd-1baf17435934.pdf
BLS E-Services Ltd,https://www.bseindia.com/stockinfo/AnnPdfOpen.aspx?Pname=8d7578e3-c456-4e06-9877-9660cfdbe06f.pdf
Suryoday Small Finance Bank Ltd,https://www.bseindia.com/stockinfo/AnnPdfOpen.aspx?Pname=a4a51cad-5bd5-4f29-8b3e-6c02b4c6661f.pdf
Multi Commodity Exchange of India Ltd,https://www.bseindia.com/stockinfo/AnnPdfOpen.aspx?Pname=50f99e0a-bd98-43a2-a05d-5bd9f14ddafe.pdf
Finolex Industries Ltd,https://www.bseindia.com/stockinfo/AnnPdfOpen.aspx?Pname=f9ad97e4-3b07-47b6-9653-516dd8e61dc3.pdf
Honda India Power Products Ltd,https://www.bseindia.com/stockinfo/AnnPdfOpen.aspx?Pname=79509d30-737d-4ca2-9382-fe7fbb0b79a9.pdf
Gokul Agro Resources Ltd,https://www.bseindia.com/stockinfo/AnnPdfOpen.aspx?Pname=24cfc4b7-2344-4c81-85bd-6c44369920ae.pdf
AIA Engineering Ltd,https://www.bseindia.com/stockinfo/AnnPdfOpen.aspx?Pname=cf46e8c1-e6cf-45af-93a0-dd2c91967b11.pdf
Mac Charles India Ltd,https://www.bseindia.com/stockinfo/AnnPdfOpen.aspx?Pname=6fc15a7d-7062-4357-90a0-a79136df8c98.pdf
Music Broadcast Ltd,https://www.bseindia.com/stockinfo/AnnPdfOpen.aspx?Pname=f95f1b1b-5ea3-4ff3-834f-acb2ea21d65b.pdf
ISGEC Heavy Engineering Ltd,https://www.bseindia.com/stockinfo/AnnPdfOpen.aspx?Pname=283207c2-9b92-4ba0-97d4-1a0538af9e8d.pdf
HFCL Ltd,https://www.bseindia.com/stockinfo/AnnPdfOpen.aspx?Pname=beaeb530-986f-42a5-91f0-4dede052a114.pdf
Aether Industries Ltd,https://www.bseindia.com/stockinfo/AnnPdfOpen.aspx?Pname=c3c87a4b-e082-46df-bb1f-74d8561f2019.pdf
Shipping Corporation of India Land and Assets Ltd,https://www.bseindia.com/stockinfo/AnnPdfOpen.aspx?Pname=762a40ab-0623-49f3-961d-525e4bdd24fc.pdf
Premier Energies Ltd,https://www.bseindia.com/stockinfo/AnnPdfOpen.aspx?Pname=cb158087-82af-475e-b737-890f3dbe6d0a.pdf
Themis Medicare Ltd,https://www.bseindia.com/stockinfo/AnnPdfOpen.aspx?Pname=2c84d33f-a55e-4eba-8dbe-dced5ee34ed6.pdf
Gujarat Themis Biosyn Ltd,https://www.bseindia.com/stockinfo/AnnPdfOpen.aspx?Pname=2b98484a-f698-48fb-951f-743c94c33554.pdf
Medplus Health Services Ltd,https://www.bseindia.com/stockinfo/AnnPdfOpen.aspx?Pname=bb7b51a4-305f-4383-ab5c-895fe29ad9f3.pdf
BLS International Services Ltd,https://www.bseindia.com/stockinfo/AnnPdfOpen.aspx?Pname=ad3d08d3-5d45-4d83-8022-6607127c8a9e.pdf
Shipping Corporation of India Ltd,https://www.bseindia.com/stockinfo/AnnPdfOpen.aspx?Pname=4e6fb956-30fe-4dad-b2c7-d09c05779f9e.pdf
Bikaji Foods International Ltd,https://www.bseindia.com/stockinfo/AnnPdfOpen.aspx?Pname=7733b137-388d-4e3e-bb30-e02f18a3dd6d.pdf
Hindustan Oil Exploration Company Ltd,https://www.bseindia.com/stockinfo/AnnPdfOpen.aspx?Pname=ef658389-cc91-4a7e-a199-2ae20f2222b7.pdf
APL Apollo Tubes Ltd,https://www.bseindia.com/stockinfo/AnnPdfOpen.aspx?Pname=4700b5fa-b5e9-4e88-98b1-18bd456e0384.pdf
Apollo Micro Systems Ltd,https://www.bseindia.com/stockinfo/AnnPdfOpen.aspx?Pname=6153cea5-24ae-406e-bdf3-3489163c8996.pdf
Rico Auto Industries Ltd,https://www.bseindia.com/stockinfo/AnnPdfOpen.aspx?Pname=a4362670-a4ed-4569-b764-e8d697b6da22.pdf
Birla Corporation Ltd,https://www.bseindia.com/stockinfo/AnnPdfOpen.aspx?Pname=e058a3e1-86c8-4381-9f67-1773addedf5a.pdf
Jash Engineering Ltd,https://www.bseindia.com/stockinfo/AnnPdfOpen.aspx?Pname=f926ce7c-f670-40d4-a20f-38366b062ebe.pdf
Shivalik Bimetal Controls Ltd,https://www.bseindia.com/stockinfo/AnnPdfOpen.aspx?Pname=065dbda1-1b1c-4cf5-ac1c-66dd4172fb20.pdf
Polyplex Corporation Ltd,https://www.bseindia.com/stockinfo/AnnPdfOpen.aspx?Pname=4cf58ce8-c872-407f-bbbd-c7254b88f45f.pdf
DIVGI TORQTRANSFER SYSTEMS Ltd,https://www.bseindia.com/stockinfo/AnnPdfOpen.aspx?Pname=da5ff069-0066-438d-b572-2bd20ad14d07.pdf
EPACK Durable Ltd,https://www.bseindia.com/stockinfo/AnnPdfOpen.aspx?Pname=a6585a8f-8b5c-48bd-99ef-95dd074b05b4.pdf
Eureka Forbes Ltd,https://www.bseindia.com/stockinfo/AnnPdfOpen.aspx?Pname=652edd27-1ee6-49ce-983a-ab905b371546.pdf
PNB Gilts Ltd,https://www.bseindia.com/stockinfo/AnnPdfOpen.aspx?Pname=b41b4f2e-af63-49e0-817c-864bfd3e17f8.pdf
Spandana Sphoorty Financial Ltd,https://www.bseindia.com/stockinfo/AnnPdfOpen.aspx?Pname=f0be92ea-744b-4fab-b251-309e93099dfa.pdf
KDDL Ltd-,https://www.bseindia.com/stockinfo/AnnPdfOpen.aspx?Pname=0d498ff2-eeb5-45e2-98ca-cd9f0c365123.pdf
Fineotex Chemical Ltd,https://www.bseindia.com/stockinfo/AnnPdfOpen.aspx?Pname=7f3f12a4-5df8-4dea-97bb-58adfd5f07db.pdf
AAVAS Financiers Ltd,https://www.bseindia.com/stockinfo/AnnPdfOpen.aspx?Pname=4dd56552-eca2-4507-963d-7a6f63869bf6.pdf
Jagran Prakashan Ltd,https://www.bseindia.com/stockinfo/AnnPdfOpen.aspx?Pname=d6c64d3b-e37a-4c87-bbc2-33eaf8ab0802.pdf
IRB Infrastructure Developers Ltd,https://www.bseindia.com/stockinfo/AnnPdfOpen.aspx?Pname=bd4013d9-9cd0-4c20-a886-5abc9dbe2554.pdf
Dilip Buildcon Ltd,https://www.bseindia.com/stockinfo/AnnPdfOpen.aspx?Pname=22480432-8c02-454f-afec-dae7b0464aa2.pdf
Mrs. Bectors Food Specialities Ltd,https://www.bseindia.com/stockinfo/AnnPdfOpen.aspx?Pname=cb788051-cee0-4ae6-bbf4-5588d95fb730.pdf
Housing & Urban Development Corporation Ltd,https://www.bseindia.com/stockinfo/AnnPdfOpen.aspx?Pname=0c8114d6-4cea-47c8-be51-323fbc58f785.pdf
Uttam Sugar Mills Ltd,https://www.bseindia.com/stockinfo/AnnPdfOpen.aspx?Pname=12eb2bcf-dd41-4556-84f9-5b5b7e274f5e.pdf
Jindal Worldwide Ltd,https://www.bseindia.com/stockinfo/AnnPdfOpen.aspx?Pname=0e452254-ab2b-4b53-8c4b-30412cb7a65c.pdf
IIFL Capital Services Ltd,https://www.bseindia.com/stockinfo/AnnPdfOpen.aspx?Pname=ca44332b-e253-4ae4-a1cc-bd554858cad4.pdf
Ethos Ltd,https://www.bseindia.com/stockinfo/AnnPdfOpen.aspx?Pname=b3e90f25-38ef-4f72-b912-797e94157aec.pdf
Titagarh Rail Systems Ltd,https://www.bseindia.com/stockinfo/AnnPdfOpen.aspx?Pname=eecc06ab-92f3-47d5-9744-5ee148448c25.pdf
Gokaldas Exports Ltd,https://www.bseindia.com/stockinfo/AnnPdfOpen.aspx?Pname=80c010ac-c004-443c-8ccb-86fe1f02694e.pdf
IRCON International Ltd,https://www.bseindia.com/stockinfo/AnnPdfOpen.aspx?Pname=f6bd8f08-2ce0-4d7e-818b-ca293690cd1c.pdf
Nirlon Ltd,https://www.bseindia.com/stockinfo/AnnPdfOpen.aspx?Pname=15ca5c69-ed9d-48a9-bd10-deb898aad53a.pdf
Max Financial Services Ltd,https://www.bseindia.com/stockinfo/AnnPdfOpen.aspx?Pname=02b5f0ed-d9bd-4afc-b9e7-ced993451f08.pdf
Brainbees Solutions Ltd,https://www.bseindia.com/stockinfo/AnnPdfOpen.aspx?Pname=6e4e9a4b-565d-45f7-be72-9360c20f7f9f.pdf
Global Health Ltd,https://www.bseindia.com/stockinfo/AnnPdfOpen.aspx?Pname=b0467cf8-d609-4ec3-8852-312242b2a206.pdf
Banco Products (India) Ltd-,https://www.bseindia.com/stockinfo/AnnPdfOpen.aspx?Pname=5fdc968e-524b-4491-876e-fbacfc5dfa4f.pdf
Steel Authority of India Ltd,https://www.bseindia.com/stockinfo/AnnPdfOpen.aspx?Pname=858fc948-3a73-401a-9a91-57d85b662b6b.pdf
Steel Authority of India Ltd,https://www.bseindia.com/stockinfo/AnnPdfOpen.aspx?Pname=168fef2a-0bfc-4578-aa42-a4c96254ab53.pdf
Urja Global Ltd,https://www.bseindia.com/stockinfo/AnnPdfOpen.aspx?Pname=37364af7-66ea-48b9-90b6-1f5573af3585.pdf
Aptech Ltd,https://www.bseindia.com/stockinfo/AnnPdfOpen.aspx?Pname=b57eaef4-b1fb-4f41-bddd-06f660b5413f.pdf
G R Infraprojects Ltd,https://www.bseindia.com/stockinfo/AnnPdfOpen.aspx?Pname=440b7ed6-7307-480c-824c-a6648f2e0ab9.pdf
Pondy Oxides & Chemicals Ltd,https://www.bseindia.com/stockinfo/AnnPdfOpen.aspx?Pname=e0dac5a2-d760-4c40-af58-228c72e85774.pdf
Renaissance Global Ltd,https://www.bseindia.com/stockinfo/AnnPdfOpen.aspx?Pname=d6376b51-365c-4e81-836a-7796d58a51b0.pdf
Rushil Decor Ltd,https://www.bseindia.com/stockinfo/AnnPdfOpen.aspx?Pname=f0a05330-fceb-4a5d-b7cb-be1d45b1b72d.pdf
Black Box Ltd,https://www.bseindia.com/stockinfo/AnnPdfOpen.aspx?Pname=924e18bd-5c0d-454b-867e-e7bf5a93b08a.pdf
Jai Balaji Industries Ltd,https://www.bseindia.com/stockinfo/AnnPdfOpen.aspx?Pname=a1322ec2-1396-4b5d-a837-605a99cc5e1e.pdf
Sharda Motor Industries Ltd,https://www.bseindia.com/stockinfo/AnnPdfOpen.aspx?Pname=ab7ed8dd-cf86-4eaa-b6ee-e68578420f6a.pdf
Hindustan Foods Ltd,https://www.bseindia.com/stockinfo/AnnPdfOpen.aspx?Pname=36232fb4-d20b-4ff1-a909-337c4520fd0d.pdf
Somany Ceramics Ltd,https://www.bseindia.com/stockinfo/AnnPdfOpen.aspx?Pname=81ee2a21-9f87-48ff-9a52-453f7bf6babf.pdf
TVS Srichakra Ltd-,https://www.bseindia.com/stockinfo/AnnPdfOpen.aspx?Pname=910a81d9-9793-4408-a3e7-faba8f92f02b.pdf
Metro Brands Ltd,https://www.bseindia.com/stockinfo/AnnPdfOpen.aspx?Pname=abdb259d-1c3d-4edb-9e20-0fa1898610e1.pdf
Entero Healthcare Solutions Ltd,https://www.bseindia.com/stockinfo/AnnPdfOpen.aspx?Pname=e4a59666-970d-4cdb-87f9-7c4c7ef2594c.pdf
Tamil Nadu Newsprint & Papers Ltd,https://www.bseindia.com/stockinfo/AnnPdfOpen.aspx?Pname=139d28fb-f221-451c-bacf-55c79165f664.pdf
Manali Petrochemicals Ltd,https://www.bseindia.com/stockinfo/AnnPdfOpen.aspx?Pname=4f39bd7a-dc75-452f-9abb-6ef428952686.pdf
Protean eGov Technologies Ltd,https://www.bseindia.com/stockinfo/AnnPdfOpen.aspx?Pname=39f795fb-34f6-4178-bdd3-6d79408df6bf.pdf
KRN Heat Exchanger And Refrigeration Ltd,https://www.bseindia.com/stockinfo/AnnPdfOpen.aspx?Pname=a25307fa-3b94-41fa-8cc9-5ffdbe106a95.pdf
Nandan Denim Ltd,https://www.bseindia.com/stockinfo/AnnPdfOpen.aspx?Pname=7f694539-6139-4823-b9be-841d36606174.pdf
India Tourism Development Corporation Ltd,https://www.bseindia.com/stockinfo/AnnPdfOpen.aspx?Pname=d67a59e3-84a7-463f-af19-ba3495c9e022.pdf
Vadilal Industries Ltd-,https://www.bseindia.com/stockinfo/AnnPdfOpen.aspx?Pname=decc5202-458f-4a89-bdfc-52538ce94c01.pdf
Everest Industries Ltd,https://www.bseindia.com/stockinfo/AnnPdfOpen.aspx?Pname=de9df217-6c7b-40f6-ad33-a92364c7f2f8.pdf
Gulshan Polyols Ltd,https://www.bseindia.com/stockinfo/AnnPdfOpen.aspx?Pname=1ab39028-6bbc-48e6-986b-8b3e777170b6.pdf
Century Plyboards (India) Ltd-,https://www.bseindia.com/stockinfo/AnnPdfOpen.aspx?Pname=8d6d7a8a-e66f-485c-a7e0-f7a9f590a091.pdf
Shanti Educational Initiatives Ltd,https://www.bseindia.com/stockinfo/AnnPdfOpen.aspx?Pname=e533b42e-e825-4282-99da-e5087d257c54.pdf
Gujarat Industries Power Company Ltd,https://www.bseindia.com/stockinfo/AnnPdfOpen.aspx?Pname=4d990eff-70f0-442f-a514-e24198359d41.pdf
Bhansali Engineering Polymers Ltd-,https://www.bseindia.com/stockinfo/AnnPdfOpen.aspx?Pname=49c0c91b-b93e-4e44-9509-b994ee7bc94d.pdf
Shilpa Medicare Ltd,https://www.bseindia.com/stockinfo/AnnPdfOpen.aspx?Pname=7c90af08-25c6-4005-bf7d-e82923440c89.pdf
Jai Corp Ltd,https://www.bseindia.com/stockinfo/AnnPdfOpen.aspx?Pname=a3c7119c-4ad3-425b-be95-562efb5b22a4.pdf
Datamatics Global Services Ltd,https://www.bseindia.com/stockinfo/AnnPdfOpen.aspx?Pname=969f7aaf-196c-40f9-8f06-ce2ef94f9df1.pdf
Tamilnadu Petroproducts Ltd,https://www.bseindia.com/stockinfo/AnnPdfOpen.aspx?Pname=34bae708-f913-4ce2-90a9-8ee7ef6e01d8.pdf
Sandur Manganese & Iron Ores Ltd,https://www.bseindia.com/stockinfo/AnnPdfOpen.aspx?Pname=57e0a11e-34fd-410c-bdd6-d2efa2e4e9fc.pdf
Garden Reach Shipbuilders & Engineers Ltd,https://www.bseindia.com/stockinfo/AnnPdfOpen.aspx?Pname=7d2f2194-0709-427c-8baf-c42ece7ac816.pdf
Tatva Chintan Pharma Chem Ltd,https://www.bseindia.com/stockinfo/AnnPdfOpen.aspx?Pname=9fea4dc6-9c8c-471f-9b80-c24998ac94e5.pdf
TeamLease Services Ltd,https://www.bseindia.com/stockinfo/AnnPdfOpen.aspx?Pname=b3f98fb5-5b19-4656-ac31-b25c1229939e.pdf
Oil India Ltd,https://www.bseindia.com/stockinfo/AnnPdfOpen.aspx?Pname=9a614176-9daa-4bac-acca-b0fcee2f1b20.pdf
Keystone Realtors Ltd,https://www.bseindia.com/stockinfo/AnnPdfOpen.aspx?Pname=613ac1f1-9f60-4d69-8669-080c1c46cd6f.pdf
Hikal Ltd,https://www.bseindia.com/stockinfo/AnnPdfOpen.aspx?Pname=df33797c-ed11-4282-8afb-583df74894d2.pdf
Choice International Ltd,https://www.bseindia.com/stockinfo/AnnPdfOpen.aspx?Pname=993b1b52-f648-4a7e-83f6-8c2afe7089ed.pdf
Responsive Industries Ltd,https://www.bseindia.com/stockinfo/AnnPdfOpen.aspx?Pname=e0c211cb-7c7c-417f-985a-291241f217e3.pdf
Kitex Garments Ltd,https://www.bseindia.com/stockinfo/AnnPdfOpen.aspx?Pname=4648b80b-76e7-4002-8a3a-c15e94c72aa1.pdf
Subros Ltd,https://www.bseindia.com/stockinfo/AnnPdfOpen.aspx?Pname=e38aad91-d59b-4b42-a47f-05ed5e8cc867.pdf
Ujaas Energy Ltd,https://www.bseindia.com/stockinfo/AnnPdfOpen.aspx?Pname=e3ed0ef9-90ac-4a8f-ba5f-dcaa9ab0f164.pdf
Tega Industries Ltd,https://www.bseindia.com/stockinfo/AnnPdfOpen.aspx?Pname=65a9d67e-20f4-4af8-b037-abc3f753a876.pdf
Godawari Power and Ispat Ltd,https://www.bseindia.com/stockinfo/AnnPdfOpen.aspx?Pname=7ae2b3d4-4594-4245-9f11-d73fff071e6a.pdf
MTAR Technologies Ltd,https://www.bseindia.com/stockinfo/AnnPdfOpen.aspx?Pname=57f631d4-3e4f-4808-80e8-7fd368363a60.pdf
Force Motors Ltd-,https://www.bseindia.com/stockinfo/AnnPdfOpen.aspx?Pname=a176a481-166a-4822-9bd6-ba1e40492c8f.pdf
Cohance Lifesciences Ltd,https://www.bseindia.com/stockinfo/AnnPdfOpen.aspx?Pname=5fe04785-5fff-43b6-845d-59a1986d1959.pdf
Orchid Pharma Ltd,https://www.bseindia.com/stockinfo/AnnPdfOpen.aspx?Pname=ed82e477-40ea-409f-ab81-3bf7d69908ae.pdf
Nahar Capital and Financial Services Ltd,https://www.bseindia.com/stockinfo/AnnPdfOpen.aspx?Pname=6c203e77-72e6-44e3-9610-3206838bd217.pdf
Sangam India Ltd,https://www.bseindia.com/stockinfo/AnnPdfOpen.aspx?Pname=104f11b0-d77c-4e45-967c-e8a1984cd51a.pdf
Zaggle Prepaid Ocean Services Ltd,https://www.bseindia.com/stockinfo/AnnPdfOpen.aspx?Pname=3dfe3c79-e113-4c1b-8ca8-d5fae1810217.pdf
Ramkrishna Forgings Ltd,https://www.bseindia.com/stockinfo/AnnPdfOpen.aspx?Pname=a41f0fb5-d226-4154-8810-258a922329b3.pdf
Bansal Wire Industries Ltd,https://www.bseindia.com/stockinfo/AnnPdfOpen.aspx?Pname=d063c2c0-7493-4a29-b47c-09c0e84e7c0b.pdf
Jyoti CNC Automation Ltd,https://www.bseindia.com/stockinfo/AnnPdfOpen.aspx?Pname=c6e7f7e9-2a0f-443b-8358-94ef1ff64f62.pdf
SG Mart Ltd,https://www.bseindia.com/stockinfo/AnnPdfOpen.aspx?Pname=d130b3c5-e186-4d3c-81b7-9acb778d5b80.pdf
Max Estates Ltd,https://www.bseindia.com/stockinfo/AnnPdfOpen.aspx?Pname=79e0c88b-0303-41e2-b9d0-c669e0b6dcb4.pdf
Alicon Castalloy Ltd,https://www.bseindia.com/stockinfo/AnnPdfOpen.aspx?Pname=39e78df8-7e1c-4f75-8d69-197c8a066069.pdf
Nahar Spinning Mills Ltd,https://www.bseindia.com/stockinfo/AnnPdfOpen.aspx?Pname=23a4a986-774c-4247-a4d9-3c3f6bede59b.pdf
National Standard (India) Ltd,https://www.bseindia.com/stockinfo/AnnPdfOpen.aspx?Pname=88ae5216-b3cb-4c43-b351-0f7afb33ea1d.pdf
Ddev Plastiks Industries Ltd,https://www.bseindia.com/stockinfo/AnnPdfOpen.aspx?Pname=86667af3-f028-4ff9-979e-42f9d9eaf01b.pdf
Ambika Cotton Mills Ltd,https://www.bseindia.com/stockinfo/AnnPdfOpen.aspx?Pname=d7970ac9-46bd-49e4-ba3a-1c3ec76a36bf.pdf
Race Eco Chain Ltd,https://www.bseindia.com/stockinfo/AnnPdfOpen.aspx?Pname=9bcfba3f-74e6-4251-bb7a-fab3ebea5a99.pdf
BCL Industries Ltd-,https://www.bseindia.com/stockinfo/AnnPdfOpen.aspx?Pname=e8558ea1-c5e1-4c72-bcfd-4dd33202c0e2.pdf
OnMobile Global Ltd,https://www.bseindia.com/stockinfo/AnnPdfOpen.aspx?Pname=59ed42ca-0bf8-4868-a6ff-d46441b8bc77.pdf
Anjani Portland Cement Ltd-,https://www.bseindia.com/stockinfo/AnnPdfOpen.aspx?Pname=335e7b51-4554-4c9d-abf5-4fd8ccdde63f.pdf
Sun TV Network Ltd,https://www.bseindia.com/stockinfo/AnnPdfOpen.aspx?Pname=b6467a49-adcf-4b71-9128-6ccef17b13dd.pdf
SG Finserve Ltd,https://www.bseindia.com/stockinfo/AnnPdfOpen.aspx?Pname=17213449-dfd4-4b02-89e2-bb805d044a9f.pdf
Sandhar Technologies Ltd,https://www.bseindia.com/stockinfo/AnnPdfOpen.aspx?Pname=31d844f3-b9f4-414f-a9b7-1a47ee911577.pdf
Texmaco Rail & Engineering Ltd,https://www.bseindia.com/stockinfo/AnnPdfOpen.aspx?Pname=8da58a01-ad39-4723-8c54-09847c369584.pdf
Heranba Industries Ltd,https://www.bseindia.com/stockinfo/AnnPdfOpen.aspx?Pname=c01c7a50-30e2-4200-b5ca-cdbd76f71274.pdf
Star Health and Allied Insurance Company Ltd,https://www.bseindia.com/stockinfo/AnnPdfOpen.aspx?Pname=c02901d2-813f-44b4-bbc9-4fe57675cfdb.pdf
Nuvama Wealth Management Ltd,https://www.bseindia.com/stockinfo/AnnPdfOpen.aspx?Pname=e91e6278-a3f0-4f47-81cf-4f6c2dff71a1.pdf
Likhitha Infrastructure Ltd,https://www.bseindia.com/stockinfo/AnnPdfOpen.aspx?Pname=0af394d2-4122-4512-8273-7b95c60b44d1.pdf
Exicom Tele-Systems Ltd,https://www.bseindia.com/stockinfo/AnnPdfOpen.aspx?Pname=4af75ec2-9f07-4392-be71-94a85854b433.pdf
Coforge Ltd,https://www.bseindia.com/stockinfo/AnnPdfOpen.aspx?Pname=0f8fd330-0e79-4b82-95ac-cc7395551655.pdf
India Nippon Electricals Ltd,https://www.bseindia.com/stockinfo/AnnPdfOpen.aspx?Pname=2edafdd1-4320-49a3-baca-88573d6c4e91.pdf
Mazagon Dock Shipbuilders Ltd,https://www.bseindia.com/stockinfo/AnnPdfOpen.aspx?Pname=4dd453be-1eec-4f2d-b48f-e0b2bf601372.pdf
NACL Industries Ltd,https://www.bseindia.com/stockinfo/AnnPdfOpen.aspx?Pname=4a510cde-d82b-4dfa-8dcc-978090e02406.pdf
Juniper Hotels Ltd,https://www.bseindia.com/stockinfo/AnnPdfOpen.aspx?Pname=037bb2c9-7fbd-4af2-b898-c810d1c41ac7.pdf
Nahar Polyfilms Ltd,https://www.bseindia.com/stockinfo/AnnPdfOpen.aspx?Pname=ecdba44d-20ba-49f4-a8d0-e4af8edb3049.pdf
Aarti Pharmalabs Ltd,https://www.bseindia.com/stockinfo/AnnPdfOpen.aspx?Pname=a000c6b6-a023-48de-82f0-2d6d61f899bf.pdf
Engineers India Ltd,https://www.bseindia.com/stockinfo/AnnPdfOpen.aspx?Pname=28d0fb44-bae6-4dfc-aa6a-801c359a39a5.pdf
Mastek Ltd,https://www.bseindia.com/stockinfo/AnnPdfOpen.aspx?Pname=b3551440-2e0f-4e3e-b9b3-fe4688149f70.pdf
Ashapura Minechem Ltd,https://www.bseindia.com/stockinfo/AnnPdfOpen.aspx?Pname=40b1637a-94d3-4f8e-ae8c-21c9eb798f4e.pdf
Hindustan Copper Ltd,https://www.bseindia.com/stockinfo/AnnPdfOpen.aspx?Pname=eeb516eb-8668-4371-8b50-f33ca311cc64.pdf
KRBL Ltd,https://www.bseindia.com/stockinfo/AnnPdfOpen.aspx?Pname=55475180-7f42-40b7-b1cb-21fde50d87b4.pdf
United Drilling Tools Ltd,https://www.bseindia.com/stockinfo/AnnPdfOpen.aspx?Pname=6724b8bc-178f-416b-8593-76822b1bcf0a.pdf
Amrutanjan Health Care Ltd-,https://www.bseindia.com/stockinfo/AnnPdfOpen.aspx?Pname=fb48fa0d-31fc-4c1f-8ebf-aed12e05b19c.pdf
J. Kumar Infraprojects Ltd,https://www.bseindia.com/stockinfo/AnnPdfOpen.aspx?Pname=20183bd4-c1de-4d56-bdf5-5d71a9bade68.pdf
Jupiter Wagons Ltd,https://www.bseindia.com/stockinfo/AnnPdfOpen.aspx?Pname=ec17cbd9-7bab-4895-af5a-e918369da5d3.pdf
Affle 3I Ltd,https://www.bseindia.com/stockinfo/AnnPdfOpen.aspx?Pname=61b4db2e-def6-4544-806e-351d845f20b9.pdf
Balmer Lawrie & Company Ltd,https://www.bseindia.com/stockinfo/AnnPdfOpen.aspx?Pname=962d1562-9b7c-40da-9d2e-b1cb97fc174f.pdf
Dhani Services Ltd,https://www.bseindia.com/stockinfo/AnnPdfOpen.aspx?Pname=7807dc44-d370-4976-82fc-100f28d1460f.pdf
Agarwal Industrial Corporation Ltd,https://www.bseindia.com/stockinfo/AnnPdfOpen.aspx?Pname=4e9958c8-dac8-4e41-82da-db36aa3475c0.pdf
Onesource Specialty Pharma Ltd,https://www.bseindia.com/stockinfo/AnnPdfOpen.aspx?Pname=fe8bd206-b566-42e6-bc1a-e66f5fe78d41.pdf
Natco Pharma Ltd,https://www.bseindia.com/stockinfo/AnnPdfOpen.aspx?Pname=df85f2c9-9cdc-44c8-af9a-f9ea55e90d23.pdf
Kaveri Seed Company Ltd,https://www.bseindia.com/stockinfo/AnnPdfOpen.aspx?Pname=2009b068-b68e-489e-81a0-bdb4e86aa75f.pdf
Skipper Ltd,https://www.bseindia.com/stockinfo/AnnPdfOpen.aspx?Pname=27884945-e198-4752-a792-ea4ebfe7f288.pdf
Olectra Greentech Ltd,https://www.bseindia.com/stockinfo/AnnPdfOpen.aspx?Pname=f2459b27-d32b-4176-8993-d0932e1c97da.pdf
Aditya Birla Fashion and Retail Ltd,https://www.bseindia.com/stockinfo/AnnPdfOpen.aspx?Pname=05fc2ee7-a84f-42b6-b505-4252365dda25.pdf
Glenmark Pharmaceuticals Ltd,https://www.bseindia.com/stockinfo/AnnPdfOpen.aspx?Pname=9a3b7d1f-6dd2-4c69-b12f-63e42c535acd.pdf
Petronet LNG Ltd,https://www.bseindia.com/stockinfo/AnnPdfOpen.aspx?Pname=be09bdf0-2e72-4eab-b077-110332bff996.pdf
Baazar Style Retail Ltd,https://www.bseindia.com/stockinfo/AnnPdfOpen.aspx?Pname=847843e2-34bf-41d6-8610-e2b3a79dc31b.pdf
Chaman Lal Setia Exports Ltd-,https://www.bseindia.com/stockinfo/AnnPdfOpen.aspx?Pname=3fbf4cfb-9329-495d-9e76-44dc01b37439.pdf
Cigniti Technologies Ltd,https://www.bseindia.com/stockinfo/AnnPdfOpen.aspx?Pname=be0e014a-c166-4186-84f6-1a86fcda257b.pdf
NIIT Ltd,https://www.bseindia.com/stockinfo/AnnPdfOpen.aspx?Pname=47bbd4fd-09cf-4888-a2b8-28a1b180f423.pdf
Campus Activewear Ltd,https://www.bseindia.com/stockinfo/AnnPdfOpen.aspx?Pname=f5a14b86-a233-434e-b268-38a2555694c3.pdf
Waaree Renewable Technologies Ltd,https://www.bseindia.com/stockinfo/AnnPdfOpen.aspx?Pname=c0ac68c0-9da9-431b-8719-e55283d3aafa.pdf
Suzlon Energy Ltd,https://www.bseindia.com/stockinfo/AnnPdfOpen.aspx?Pname=62b817f7-99fb-45ab-94f8-c1dca5fee9d5.pdf
RITES Ltd,https://www.bseindia.com/stockinfo/AnnPdfOpen.aspx?Pname=d57beaad-9e18-4158-9bb0-65a888368eca.pdf
Tarsons Products Ltd,https://www.bseindia.com/stockinfo/AnnPdfOpen.aspx?Pname=8a75d172-d4c5-4e6f-97da-e8845949fe8e.pdf
Electronics Mart India Ltd,https://www.bseindia.com/stockinfo/AnnPdfOpen.aspx?Pname=a23ada1f-e6fd-45e5-a3c2-4c9a86a76598.pdf
JTL Industries Ltd,https://www.bseindia.com/stockinfo/AnnPdfOpen.aspx?Pname=983d543f-1b81-45c2-89c2-c2cf85c15439.pdf
Le Travenues Technology Ltd,https://www.bseindia.com/stockinfo/AnnPdfOpen.aspx?Pname=aa165507-5f1e-4792-9875-72aa508bcb2b.pdf
ESAF Small Finance Bank Ltd,https://www.bseindia.com/stockinfo/AnnPdfOpen.aspx?Pname=a898e1ac-a8fc-4e40-8282-950c322af5e5.pdf
Caplin Point Laboratories Ltd,https://www.bseindia.com/stockinfo/AnnPdfOpen.aspx?Pname=c980d7ba-778e-41c1-ac32-797090e2ce19.pdf
Medi Assist Healthcare Services Ltd,https://www.bseindia.com/stockinfo/AnnPdfOpen.aspx?Pname=0561f755-e8bb-4373-99b3-0d6b4744ec4a.pdf
RBL Bank Ltd,https://www.bseindia.com/stockinfo/AnnPdfOpen.aspx?Pname=2ede9ad6-c217-46e7-b6d4-befb012e3e98.pdf
Uniparts India Ltd,https://www.bseindia.com/stockinfo/AnnPdfOpen.aspx?Pname=6a6a318f-0ce5-4e4f-8e53-066d772c8a0b.pdf
Savita Oil Technologies Ltd,https://www.bseindia.com/stockinfo/AnnPdfOpen.aspx?Pname=7161e1ce-1b09-4edf-8447-e08fe7375ce8.pdf
Gujarat State Petronet Ltd,https://www.bseindia.com/stockinfo/AnnPdfOpen.aspx?Pname=9330e1c3-bdd4-48e9-a517-743c3c1a5258.pdf
NIIT Learning Systems Ltd,https://www.bseindia.com/stockinfo/AnnPdfOpen.aspx?Pname=7f25ee90-8cd4-4001-ae4b-ddb7cf0997d9.pdf
Borosil Renewables Ltd,https://www.bseindia.com/stockinfo/AnnPdfOpen.aspx?Pname=c4f62cf5-fd12-40a2-9075-2b1ec6ad67cd.pdf
Sterling Tools Ltd-,https://www.bseindia.com/stockinfo/AnnPdfOpen.aspx?Pname=83996b5e-38a9-4fe2-9588-79c6374334a6.pdf
Power Mech Projects Ltd,https://www.bseindia.com/stockinfo/AnnPdfOpen.aspx?Pname=63230863-54ef-42b1-aa64-3a6419a9e6e1.pdf
PG Electroplast Ltd,https://www.bseindia.com/stockinfo/AnnPdfOpen.aspx?Pname=9635c974-b916-44a9-b5a0-aa101a3adba5.pdf
Garware Hi-Tech Films Ltd,https://www.bseindia.com/stockinfo/AnnPdfOpen.aspx?Pname=52695347-6196-4f17-a1e9-287e2d5f8856.pdf
Karnataka Bank Ltd,https://www.bseindia.com/stockinfo/AnnPdfOpen.aspx?Pname=a49d555b-73f3-4039-b32f-7ca775364fd8.pdf
Gujarat Gas Ltd,https://www.bseindia.com/stockinfo/AnnPdfOpen.aspx?Pname=68532916-eda8-43de-a453-9676a49f3fda.pdf
DOMS Industries Ltd,https://www.bseindia.com/stockinfo/AnnPdfOpen.aspx?Pname=0d6444d7-d9f3-46be-90e3-3b0f39f9270f.pdf
Aarti Drugs Ltd,https://www.bseindia.com/stockinfo/AnnPdfOpen.aspx?Pname=08d66d37-7ffd-42a1-8b18-8dc84cb78a50.pdf
Landmark Cars Ltd,https://www.bseindia.com/stockinfo/AnnPdfOpen.aspx?Pname=9890c526-4b8f-480e-9e97-5acfb9279258.pdf
Gujarat Mineral Development Corporation Ltd,https://www.bseindia.com/stockinfo/AnnPdfOpen.aspx?Pname=6a494553-ba1a-41df-8e3d-7677d8f1088e.pdf
Lux Industries Ltd,https://www.bseindia.com/stockinfo/AnnPdfOpen.aspx?Pname=18b59b42-dc9e-4e56-a645-b453c1cc9369.pdf
Magellanic Cloud Ltd,https://www.bseindia.com/stockinfo/AnnPdfOpen.aspx?Pname=2748bd97-fc92-474c-8605-e81a8fc38fd3.pdf
Kamdhenu Ltd,https://www.bseindia.com/stockinfo/AnnPdfOpen.aspx?Pname=e6814413-01ca-4db6-a1bc-19988c1fbcaf.pdf
Hexa Tradex Ltd,https://www.bseindia.com/stockinfo/AnnPdfOpen.aspx?Pname=412a3221-f3ec-455f-9a3f-b23c58f29ee3.pdf
MMTC Ltd,https://www.bseindia.com/stockinfo/AnnPdfOpen.aspx?Pname=af85b9b7-2626-4fc8-ae81-d8c7e6514262.pdf
Hinduja Global Solutions Ltd,https://www.bseindia.com/stockinfo/AnnPdfOpen.aspx?Pname=ffa6fe3c-1c61-40a2-ba59-727727219c76.pdf
Kewal Kiran Clothing Ltd,https://www.bseindia.com/stockinfo/AnnPdfOpen.aspx?Pname=42df13fd-6987-42e9-92ff-75a96137f158.pdf
Pitti Engineering Ltd-,https://www.bseindia.com/stockinfo/AnnPdfOpen.aspx?Pname=80e1c263-bde5-480e-9995-c0272d0793e4.pdf
Gopal Snacks Ltd,https://www.bseindia.com/stockinfo/AnnPdfOpen.aspx?Pname=1596e136-d17e-4f8d-89b7-5314582fdaaf.pdf
Sindhu Trade Links Ltd,https://www.bseindia.com/stockinfo/AnnPdfOpen.aspx?Pname=ebbb677c-cdd1-49ba-81a3-bc798923d869.pdf
Unitech Ltd,https://www.bseindia.com/stockinfo/AnnPdfOpen.aspx?Pname=4cd67679-06e6-4b1b-95a6-78dec342cb4f.pdf
63 Moons Technologies Ltd,https://www.bseindia.com/stockinfo/AnnPdfOpen.aspx?Pname=b57283ef-4f48-4e5b-96e7-1f742de75af0.pdf
Shalimar Paints Ltd-,https://www.bseindia.com/stockinfo/AnnPdfOpen.aspx?Pname=a7d0ebe6-b143-43d2-9d3a-deba61212f3b.pdf
MSTC Ltd,https://www.bseindia.com/stockinfo/AnnPdfOpen.aspx?Pname=5602f1da-4034-4900-9172-52f5961288a4.pdf
Sigachi Industries Ltd,https://www.bseindia.com/stockinfo/AnnPdfOpen.aspx?Pname=1ef6336c-7b5d-4fca-b7d1-37a4db15cab9.pdf
Jagsonpal Pharmaceuticals Ltd,https://www.bseindia.com/stockinfo/AnnPdfOpen.aspx?Pname=64f9c133-060b-4a62-9ae4-e678583e3d52.pdf
Ganesh Benzoplast Ltd,https://www.bseindia.com/stockinfo/AnnPdfOpen.aspx?Pname=7c63d629-8382-4145-b89a-1c466ec91f78.pdf
Shree Renuka Sugars Ltd,https://www.bseindia.com/stockinfo/AnnPdfOpen.aspx?Pname=3f91a273-1ecc-46b8-b6a5-144ae898befc.pdf
Allcargo Logistics Ltd,https://www.bseindia.com/stockinfo/AnnPdfOpen.aspx?Pname=2d302ede-8be6-4d07-9020-2ce2b4acd48d.pdf
Sarda Energy & Minerals Ltd-,https://www.bseindia.com/stockinfo/AnnPdfOpen.aspx?Pname=624f0508-e1bc-4943-8f13-17442acd34b8.pdf
Gujarat Alkalies and Chemicals Ltd,https://www.bseindia.com/stockinfo/AnnPdfOpen.aspx?Pname=8fa66a46-2f8f-40b3-88d6-010c18c461d1.pdf
Gujarat State Fertilizers & Chemicals Ltd,https://www.bseindia.com/stockinfo/AnnPdfOpen.aspx?Pname=853115c1-a236-4013-99b8-e1ddfaf767b8.pdf
Redtape Ltd,https://www.bseindia.com/stockinfo/AnnPdfOpen.aspx?Pname=44db32e7-9f07-4207-a24e-f3b7838ecb16.pdf
SJVN Ltd,https://www.bseindia.com/stockinfo/AnnPdfOpen.aspx?Pname=6bda71fb-55ee-451e-b917-2392c43af146.pdf
Apollo Pipes Ltd,https://www.bseindia.com/stockinfo/AnnPdfOpen.aspx?Pname=8c7c7527-3d1d-49b2-9520-3add669c158b.pdf
Carysil Ltd,https://www.bseindia.com/stockinfo/AnnPdfOpen.aspx?Pname=403197ef-6670-4dc7-8ab7-1bef6f0e5e7e.pdf
Star Cement Ltd,https://www.bseindia.com/stockinfo/AnnPdfOpen.aspx?Pname=ffdadd38-ac5b-4590-bc6c-7d80757a7d15.pdf
Venus Pipes & Tubes Ltd,https://www.bseindia.com/stockinfo/AnnPdfOpen.aspx?Pname=bc79344b-1fc3-4a33-a85d-ff8d37324080.pdf
Techno Electric & Engineering Company Ltd,https://www.bseindia.com/stockinfo/AnnPdfOpen.aspx?Pname=1605458b-b34f-436e-a64c-6f7ba2fb4870.pdf
Supriya Lifescience Ltd,https://www.bseindia.com/stockinfo/AnnPdfOpen.aspx?Pname=dd7e40e1-eb93-4e3c-b2cb-4362e0621326.pdf
Indostar Capital Finance Ltd,https://www.bseindia.com/stockinfo/AnnPdfOpen.aspx?Pname=7b285bbd-a0b3-478a-b5cb-fd9577f64857.pdf
Acutaas Chemicals Ltd,https://www.bseindia.com/stockinfo/AnnPdfOpen.aspx?Pname=69937a71-1716-4b15-9c66-30c29c954ed5.pdf
Amines & Plasticizers Ltd,https://www.bseindia.com/stockinfo/AnnPdfOpen.aspx?Pname=2212abfe-98f9-4e0a-a8c9-18f1cca696ca.pdf
Jamna Auto Industries Ltd,https://www.bseindia.com/stockinfo/AnnPdfOpen.aspx?Pname=094b02b9-87e6-4416-8130-0bdaddc0983a.pdf
Signatureglobal (India) Ltd,https://www.bseindia.com/stockinfo/AnnPdfOpen.aspx?Pname=82f91bc9-23e4-471a-83c2-e2e07f0be43a.pdf
Honasa Consumer Ltd,https://www.bseindia.com/stockinfo/AnnPdfOpen.aspx?Pname=0be57a1d-5961-4a05-b20f-2cc0adf3cef2.pdf
Gateway Distriparks Ltd,https://www.bseindia.com/stockinfo/AnnPdfOpen.aspx?Pname=fad3d1d3-06f7-4ac3-8eaa-625dc3f5b36c.pdf
General Insurance Corporation of India,https://www.bseindia.com/stockinfo/AnnPdfOpen.aspx?Pname=6f1716e1-e50b-4e3f-8673-6f84c1f6e8ca.pdf
Rhi Magnesita India Ltd,https://www.bseindia.com/stockinfo/AnnPdfOpen.aspx?Pname=6926a5df-3607-41c3-99b7-e3f5f0df38c4.pdf
Dixon Technologies (India) Ltd,https://www.bseindia.com/stockinfo/AnnPdfOpen.aspx?Pname=9bcc4c8e-7802-4d9e-8829-5f589a8ddaa4.pdf
Vinati Organics Ltd-,https://www.bseindia.com/stockinfo/AnnPdfOpen.aspx?Pname=0a201f01-75a7-475f-bed2-984dc07faf41.pdf
Cupid Ltd-,https://www.bseindia.com/stockinfo/AnnPdfOpen.aspx?Pname=6ee58561-b508-486c-9d39-552b3e7d8105.pdf
National Fertilizers Ltd,https://www.bseindia.com/stockinfo/AnnPdfOpen.aspx?Pname=f663b094-4727-459f-80b5-aa5182e2b3f7.pdf
Vakrangee Ltd-,https://www.bseindia.com/stockinfo/AnnPdfOpen.aspx?Pname=0ada9929-3ea0-4619-83d2-a871d3713afe.pdf
Hathway Cable & Datacom Ltd,https://www.bseindia.com/stockinfo/AnnPdfOpen.aspx?Pname=11b8d080-5396-4af7-a94a-32905560e55f.pdf
Sastasundar Ventures Ltd,https://www.bseindia.com/stockinfo/AnnPdfOpen.aspx?Pname=a329da23-a626-4ecd-8d59-003d15aba400.pdf
Rajoo Engineers Ltd-,https://www.bseindia.com/stockinfo/AnnPdfOpen.aspx?Pname=e4f783bc-adc7-4f9d-b071-cfd78cc60c56.pdf
Sunflag Iron & Steel Company Ltd,https://www.bseindia.com/stockinfo/AnnPdfOpen.aspx?Pname=32e82864-4179-4184-9dc8-14a59d40d02c.pdf
Bharat Dynamics Ltd,https://www.bseindia.com/stockinfo/AnnPdfOpen.aspx?Pname=f7662273-f99b-4aa2-9600-fb43ac995d02.pdf
Monte Carlo Fashions Ltd,https://www.bseindia.com/stockinfo/AnnPdfOpen.aspx?Pname=ce636605-54a3-4fca-8fc5-a59f6dc895ac.pdf
Bodal Chemicals Ltd,https://www.bseindia.com/stockinfo/AnnPdfOpen.aspx?Pname=a7df3261-f9a2-4153-8fcc-e1124796d50e.pdf
Cochin Shipyard Ltd,https://www.bseindia.com/stockinfo/AnnPdfOpen.aspx?Pname=e564de3d-3a7b-44ac-b2b6-f139a597a247.pdf
Hindware Home Innovation Ltd,https://www.bseindia.com/stockinfo/AnnPdfOpen.aspx?Pname=1b050565-3b02-4927-b823-4115a2037e3b.pdf
IRM Energy Ltd,https://www.bseindia.com/stockinfo/AnnPdfOpen.aspx?Pname=6ae912ed-8e38-4bd6-8601-6d17042202c1.pdf
Quick Heal Technologies Ltd,https://www.bseindia.com/stockinfo/AnnPdfOpen.aspx?Pname=aa71bbcc-2799-4a8d-ade1-470dac4bb9f2.pdf
Vardhman Special Steels Ltd,https://www.bseindia.com/stockinfo/AnnPdfOpen.aspx?Pname=863865cb-6a18-4ee7-80c3-6879699669fc.pdf
Dynamatic Technologies Ltd-,https://www.bseindia.com/stockinfo/AnnPdfOpen.aspx?Pname=dfb50c98-daf5-4017-b79a-3328002b4c7c.pdf
Blue Jet Healthcare Ltd,https://www.bseindia.com/stockinfo/AnnPdfOpen.aspx?Pname=ca217dc8-6edc-417e-9392-4645798ae197.pdf
Goldiam International Ltd,https://www.bseindia.com/stockinfo/AnnPdfOpen.aspx?Pname=098c396d-353b-4d52-9b95-ec0ad89456e6.pdf
Vardhman Textiles Ltd,https://www.bseindia.com/stockinfo/AnnPdfOpen.aspx?Pname=bf9d3793-7b41-4efc-9594-a1ba82712b64.pdf
Allcargo Gati Ltd,https://www.bseindia.com/stockinfo/AnnPdfOpen.aspx?Pname=5c686d61-652b-440c-bf56-0bb650ab88b9.pdf
Sree Rayalaseema Hi-Strength Hypo Ltd,https://www.bseindia.com/stockinfo/AnnPdfOpen.aspx?Pname=9320eba7-a4cd-4279-a886-9c217c7de8f2.pdf
Bharat Wire Ropes Ltd,https://www.bseindia.com/stockinfo/AnnPdfOpen.aspx?Pname=3f62c98b-4a68-4ecb-828e-a94308487218.pdf
Goodluck India Ltd,https://www.bseindia.com/stockinfo/AnnPdfOpen.aspx?Pname=f9b74073-5f47-42b7-b7e7-5b82b541fc29.pdf
Vardhman Holdings Ltd,https://www.bseindia.com/stockinfo/AnnPdfOpen.aspx?Pname=8bfdef19-b3f0-41ec-a312-895be8a021cf.pdf
Stanley Lifestyles Ltd,https://www.bseindia.com/stockinfo/AnnPdfOpen.aspx?Pname=25261150-de01-43a9-8ca6-4e2f09981663.pdf
Dredging Corporation of India Ltd,https://www.bseindia.com/stockinfo/AnnPdfOpen.aspx?Pname=9017b9b8-eb4f-4108-92ec-4502be98262b.pdf
National Aluminium Company Ltd,https://www.bseindia.com/stockinfo/AnnPdfOpen.aspx?Pname=0fd1a952-fe21-4819-af42-7ee2c600b215.pdf
RACL Geartech Ltd,https://www.bseindia.com/stockinfo/AnnPdfOpen.aspx?Pname=04e76a67-2fae-4be2-a869-950cf0740cba.pdf
Rhetan TMT Ltd,https://www.bseindia.com/stockinfo/AnnPdfOpen.aspx?Pname=a288904a-2859-4655-a843-311ad8271052.pdf
CarTrade Tech Ltd,https://www.bseindia.com/stockinfo/AnnPdfOpen.aspx?Pname=fec73dad-f897-4e2d-b795-476b06ecf177.pdf
Axiscades Technologies Ltd,https://www.bseindia.com/stockinfo/AnnPdfOpen.aspx?Pname=39f5020f-5f65-41a1-93b3-9fa606b18891.pdf
Edelweiss Financial Services Ltd,https://www.bseindia.com/stockinfo/AnnPdfOpen.aspx?Pname=5187f8f9-7bb0-4c5d-b4d0-643a5a0492ff.pdf
Hi-Tech Pipes Ltd,https://www.bseindia.com/stockinfo/AnnPdfOpen.aspx?Pname=335da9bb-c576-48fe-9207-67273e73eb9b.pdf
Krsnaa Diagnostics Ltd,https://www.bseindia.com/stockinfo/AnnPdfOpen.aspx?Pname=31731b05-257f-45b7-8dce-bbb50842ded7.pdf
Popular Vehicles and Services Ltd,https://www.bseindia.com/stockinfo/AnnPdfOpen.aspx?Pname=acc43749-5a4a-45fb-8907-7fa864a77385.pdf
Solara Active Pharma Sciences Ltd,https://www.bseindia.com/stockinfo/AnnPdfOpen.aspx?Pname=8bbffa58-b59b-4de4-8e6d-13b9dfcd0aef.pdf
Marathon Nextgen Realty Ltd,https://www.bseindia.com/stockinfo/AnnPdfOpen.aspx?Pname=5272967f-5803-41f4-aaa6-d71aea8683d2.pdf
Monarch Networth Capital Ltd,https://www.bseindia.com/stockinfo/AnnPdfOpen.aspx?Pname=e826454b-7477-43a5-af05-23e4f8d762e9.pdf
DCM Nouvelle Ltd,https://www.bseindia.com/stockinfo/AnnPdfOpen.aspx?Pname=85876e47-3b61-4b53-a54e-9d23aed51b92.pdf
Dee Development Engineers Ltd,https://www.bseindia.com/stockinfo/AnnPdfOpen.aspx?Pname=ad39d8bb-6a66-4e06-a105-0f6f739e7b4a.pdf
Waaree Energies Ltd,https://www.bseindia.com/stockinfo/AnnPdfOpen.aspx?Pname=7169381c-a23e-419b-8c06-157ef3f87787.pdf
Valiant Organics Ltd,https://www.bseindia.com/stockinfo/AnnPdfOpen.aspx?Pname=0ac32934-8f07-44a5-bb50-07c9ebc69c7b.pdf
Sanghvi Movers Ltd,https://www.bseindia.com/stockinfo/AnnPdfOpen.aspx?Pname=97bc62de-5234-4f30-afe0-0d4f8b44bcc9.pdf
NBCC (India) Ltd,https://www.bseindia.com/stockinfo/AnnPdfOpen.aspx?Pname=d5bb055e-fff4-4cb6-88e8-9f27756cdf84.pdf
HeidelbergCement India Ltd,https://www.bseindia.com/stockinfo/AnnPdfOpen.aspx?Pname=be1129e8-8612-422f-a196-c936978802bb.pdf
Hemisphere Properties India Ltd,https://www.bseindia.com/stockinfo/AnnPdfOpen.aspx?Pname=4665bf44-3f86-4242-9fba-bb1344d0b1ea.pdf
Hemisphere Properties India Ltd,https://www.bseindia.com/stockinfo/AnnPdfOpen.aspx?Pname=984e7df9-67c4-42c1-aa4f-28ff0bfba773.pdf
HealthCare Global Enterprises Ltd,https://www.bseindia.com/stockinfo/AnnPdfOpen.aspx?Pname=3aed3c9b-777d-4d20-9e99-2d57bb34e3ea.pdf
Piccadily Agro Industries Ltd,https://www.bseindia.com/stockinfo/AnnPdfOpen.aspx?Pname=4efe351b-bca0-45c0-a022-b56725c9a6ac.pdf
Vishal Mega Mart Ltd,https://www.bseindia.com/stockinfo/AnnPdfOpen.aspx?Pname=9a75eae0-f705-4f5b-a891-4c2214a6a2d8.pdf
Stove Kraft Ltd,https://www.bseindia.com/stockinfo/AnnPdfOpen.aspx?Pname=12a69f4c-1215-43d2-aec3-788ad38f95e4.pdf
Heranba Industries Ltd,https://www.bseindia.com/stockinfo/AnnPdfOpen.aspx?Pname=a51ac7e1-c4c9-4a4e-a138-3f2e7539c5a5.pdf
EKI Energy Services Ltd,https://www.bseindia.com/stockinfo/AnnPdfOpen.aspx?Pname=29518cd9-dae2-44e6-adaf-c1120a7bdd22.pdf
Shaily Engineering Plastics Ltd,https://www.bseindia.com/stockinfo/AnnPdfOpen.aspx?Pname=5529a223-a593-4e18-927a-c0759da68a68.pdf
Filatex India Ltd-,https://www.bseindia.com/stockinfo/AnnPdfOpen.aspx?Pname=94d55a46-5254-433e-9b80-6065761a4a2a.pdf
Syrma SGS Technology Ltd,https://www.bseindia.com/stockinfo/AnnPdfOpen.aspx?Pname=cd1ef0a8-1afa-4969-9406-7f58d895a87e.pdf
KMC Speciality Hospitals (India) Ltd,https://www.bseindia.com/stockinfo/AnnPdfOpen.aspx?Pname=484237cc-fcde-4d94-968e-02a76486f34c.pdf
Tarc Ltd,https://www.bseindia.com/stockinfo/AnnPdfOpen.aspx?Pname=47d83350-55ec-4ea6-9d73-7cdbfd142e83.pdf
Jeena Sikho Lifecare Ltd,https://www.bseindia.com/stockinfo/AnnPdfOpen.aspx?Pname=d7d6e8b1-7844-4fcd-bd1f-8fd594a657cc.pdf
JK Lakshmi Cement Ltd,https://www.bseindia.com/stockinfo/AnnPdfOpen.aspx?Pname=20f099ab-8991-4f4c-b2e4-7f30c2f169e0.pdf
Yatra Online Ltd,https://www.bseindia.com/stockinfo/AnnPdfOpen.aspx?Pname=6cbb204d-4211-4e4f-81ab-d4d749d35110.pdf
Ramky Infrastructure Ltd,https://www.bseindia.com/stockinfo/AnnPdfOpen.aspx?Pname=d1edf0a4-3741-4942-8472-ac5490670fe1.pdf
Avalon Technologies Ltd,https://www.bseindia.com/stockinfo/AnnPdfOpen.aspx?Pname=9440a077-bf74-4dfc-af74-f9829f33e7c1.pdf
Capital India Finance Ltd,https://www.bseindia.com/stockinfo/AnnPdfOpen.aspx?Pname=c90dab04-a5b4-4ce0-a45e-b3b9632fd527.pdf
Dishman Carbogen Amcis Ltd,https://www.bseindia.com/stockinfo/AnnPdfOpen.aspx?Pname=2e61ce75-e349-4625-87a7-8c145bbe81ef.pdf
Neogen Chemicals Ltd,https://www.bseindia.com/stockinfo/AnnPdfOpen.aspx?Pname=8b8c9b6b-8f20-44a4-8f51-cce4969989ec.pdf
RateGain Travel Technologies Ltd,https://www.bseindia.com/stockinfo/AnnPdfOpen.aspx?Pname=63c9f362-d12e-4385-b04a-63e1db379990.pdf
Shakti Pumps India Ltd-,https://www.bseindia.com/stockinfo/AnnPdfOpen.aspx?Pname=1383dc12-8c23-4ce7-9dcf-e706cf2489e7.pdf
Himatsingka Seide Ltd,https://www.bseindia.com/stockinfo/AnnPdfOpen.aspx?Pname=0738b573-7dc3-48b3-9669-cc99413dad00.pdf
Diamond Power Infrastructure Ltd-,https://www.bseindia.com/stockinfo/AnnPdfOpen.aspx?Pname=713cf841-81ee-4538-9881-17656dccf1bf.pdf
Poly Medicure Ltd,https://www.bseindia.com/stockinfo/AnnPdfOpen.aspx?Pname=1311f997-f902-4422-bb25-21a14708c357.pdf
Vidhi Specialty Food Ingredients Ltd-$,https://www.bseindia.com/stockinfo/AnnPdfOpen.aspx?Pname=9cf6ccdd-eae9-41bd-9910-2c4000c7b9f6.pdf
Federal-Mogul Goetze (India) Ltd,https://www.bseindia.com/stockinfo/AnnPdfOpen.aspx?Pname=c93f1890-9e29-45e8-ba33-92002025651b.pdf
Anupam Rasayan India Ltd,https://www.bseindia.com/stockinfo/AnnPdfOpen.aspx?Pname=2508d106-5789-4df1-b241-391007023ac4.pdf
Shriram Properties Ltd,https://www.bseindia.com/stockinfo/AnnPdfOpen.aspx?Pname=c6831383-3a09-4455-bbe6-39afaa8d11e6.pdf
Antony Waste Handling Cell Ltd,https://www.bseindia.com/stockinfo/AnnPdfOpen.aspx?Pname=0b98683d-8867-4ed0-bf84-e3eb7f9e71fd.pdf
Lemon Tree Hotels Ltd,https://www.bseindia.com/stockinfo/AnnPdfOpen.aspx?Pname=aaa09021-8479-494d-b51f-3b879645219b.pdf
SML Isuzu Ltd,https://www.bseindia.com/stockinfo/AnnPdfOpen.aspx?Pname=2186dfd4-b4e8-4ce7-b386-152ef5531be7.pdf
JNK India Ltd,https://www.bseindia.com/stockinfo/AnnPdfOpen.aspx?Pname=49193e60-f4d6-4ea6-8fec-6549284ce692.pdf
Ganesha Ecosphere Ltd,https://www.bseindia.com/stockinfo/AnnPdfOpen.aspx?Pname=9b59d215-8d02-44dc-ad51-31ae5b405e20.pdf
KNR Constructions Ltd,https://www.bseindia.com/stockinfo/AnnPdfOpen.aspx?Pname=2a27cc61-3130-45e0-af4b-91cdc8c9c69a.pdf
TANFAC Industries Ltd-,https://www.bseindia.com/stockinfo/AnnPdfOpen.aspx?Pname=10b4e189-0547-4f15-9c37-9542cb76b29e.pdf
Sansera Engineering Ltd,https://www.bseindia.com/stockinfo/AnnPdfOpen.aspx?Pname=6fd7ac57-deb0-4d88-95f1-480066240791.pdf
Technocraft Industries (India) Ltd,https://www.bseindia.com/stockinfo/AnnPdfOpen.aspx?Pname=7495a1bd-a1de-4d2d-bf77-6c32d78264e1.pdf
Navneet Education Ltd,https://www.bseindia.com/stockinfo/AnnPdfOpen.aspx?Pname=53abd56b-f15e-4754-9c4a-14c0e7a9a4b3.pdf
Man Industries (India) Ltd-,https://www.bseindia.com/stockinfo/AnnPdfOpen.aspx?Pname=01cff35a-1b7e-4065-b0de-50afe7400b9d.pdf
Capri Global Capital Ltd,https://www.bseindia.com/stockinfo/AnnPdfOpen.aspx?Pname=0e7653ad-f89f-445d-a9e4-de742dc52f1a.pdf
Patanjali Foods Ltd,https://www.bseindia.com/stockinfo/AnnPdfOpen.aspx?Pname=b441b1f2-2572-47ad-af3a-e1efd5b4c556.pdf
India Glycols Ltd,https://www.bseindia.com/stockinfo/AnnPdfOpen.aspx?Pname=d692d40a-16fb-45e7-9113-191ca728ce8c.pdf
Ceigall India Ltd,https://www.bseindia.com/stockinfo/AnnPdfOpen.aspx?Pname=9fc4bb44-1254-4a4e-b7e4-7f52dc572fbd.pdf
TGV Sraac Ltd,https://www.bseindia.com/stockinfo/AnnPdfOpen.aspx?Pname=fd6b55ee-0cea-4105-aa56-79262d5a6ac5.pdf
Stylam Industries Ltd,https://www.bseindia.com/stockinfo/AnnPdfOpen.aspx?Pname=4a19eb80-77f2-452d-8207-24443f896a71.pdf
Ester Industries Ltd,https://www.bseindia.com/stockinfo/AnnPdfOpen.aspx?Pname=b4edc793-bc36-43f9-8f36-01543e2b559e.pdf
Arman Financial Services Ltd,https://www.bseindia.com/stockinfo/AnnPdfOpen.aspx?Pname=612c1d32-8fb5-4d10-abea-096b0d1c4929.pdf
HLE Glascoat Ltd,https://www.bseindia.com/stockinfo/AnnPdfOpen.aspx?Pname=b418cd30-0c4f-4d02-a27f-ac0b796932ef.pdf
K.P. Energy Ltd,https://www.bseindia.com/stockinfo/AnnPdfOpen.aspx?Pname=517f5c53-92c5-4dbe-be49-e41960e90232.pdf
Paisalo Digital Ltd,https://www.bseindia.com/stockinfo/AnnPdfOpen.aspx?Pname=0eb7273f-f846-4da1-8439-9d7f46674264.pdf
Gujarat Fluorochemicals Ltd,https://www.bseindia.com/stockinfo/AnnPdfOpen.aspx?Pname=c8ce03d9-c569-4732-a4be-9de12a12da3f.pdf
Embassy Developments Ltd,https://www.bseindia.com/stockinfo/AnnPdfOpen.aspx?Pname=7f24f301-3f57-4017-a3c2-1ae56a572850.pdf
Balu Forge Industries Ltd,https://www.bseindia.com/stockinfo/AnnPdfOpen.aspx?Pname=9bec0137-b7c8-4565-866f-b9b90c1003f6.pdf
Zee Media Corporation Ltd,https://www.bseindia.com/stockinfo/AnnPdfOpen.aspx?Pname=6e33df38-dab2-48f6-9b3f-a2fa05734072.pdf
GTPL Hathway Ltd,https://www.bseindia.com/stockinfo/AnnPdfOpen.aspx?Pname=e32da198-5a27-4d2e-9dac-6df2e59cac72.pdf
PB Fintech Ltd,https://www.bseindia.com/stockinfo/AnnPdfOpen.aspx?Pname=e2683c1d-03b0-4b9d-8fbf-41227c6ff037.pdf
Gallantt Ispat Ltd,https://www.bseindia.com/stockinfo/AnnPdfOpen.aspx?Pname=8c642620-4e3a-413c-8696-5787b48cc41d.pdf
Finolex Cables Ltd,https://www.bseindia.com/stockinfo/AnnPdfOpen.aspx?Pname=bc2817d0-b9dd-4a28-af03-cc1b18759ebf.pdf
Bajaj Healthcare Ltd,https://www.bseindia.com/stockinfo/AnnPdfOpen.aspx?Pname=df485739-a811-428d-afcd-ef3d3ab8cca3.pdf
DCX Systems Ltd,https://www.bseindia.com/stockinfo/AnnPdfOpen.aspx?Pname=c05da3b0-a036-4e8b-8b2c-70080facdaf8.pdf
Moschip Technologies Ltd,https://www.bseindia.com/stockinfo/AnnPdfOpen.aspx?Pname=f5a04c54-c6e4-4ebe-ab66-2e7d86f46318.pdf
Syncom Formulations India Ltd-,https://www.bseindia.com/stockinfo/AnnPdfOpen.aspx?Pname=b876dda2-7d33-44d8-8a0a-24793c0c97a6.pdf
PTC Industries Ltd,https://www.bseindia.com/stockinfo/AnnPdfOpen.aspx?Pname=475c1b59-47d6-4c5e-90fc-bb269d5b5bd7.pdf
Veritas (India) Ltd,https://www.bseindia.com/stockinfo/AnnPdfOpen.aspx?Pname=e6cfc3f7-5828-44ec-91d9-2eb221feae4c.pdf
Inox Green Energy Services Ltd,https://www.bseindia.com/stockinfo/AnnPdfOpen.aspx?Pname=0ba86ec6-864d-489f-871f-453f61dfb700.pdf
BEML Ltd,https://www.bseindia.com/stockinfo/AnnPdfOpen.aspx?Pname=f90b5d70-d085-49f2-b4b3-13825bf36e8c.pdf
GEM Enviro Management Ltd,https://www.bseindia.com/stockinfo/AnnPdfOpen.aspx?Pname=ad2842e3-213c-424b-a1da-1fda634e6fa4.pdf
Salasar Techno Engineering Ltd,https://www.bseindia.com/stockinfo/AnnPdfOpen.aspx?Pname=4b8295a6-8f88-454b-aceb-f896dfd34653.pdf
KPI Green Energy Ltd,https://www.bseindia.com/stockinfo/AnnPdfOpen.aspx?Pname=cf43d24b-a48a-4bfa-973c-7279c6ed7a49.pdf
RattanIndia Power Ltd,https://www.bseindia.com/stockinfo/AnnPdfOpen.aspx?Pname=13c4172d-11c6-4d92-a8e9-b45204443d5d.pdf
Rattanindia Enterprises Ltd,https://www.bseindia.com/stockinfo/AnnPdfOpen.aspx?Pname=556a0ca5-b2f5-4460-bdf5-2cb7695690a1.pdf
Authum Investment & Infrastructure Ltd,https://www.bseindia.com/stockinfo/AnnPdfOpen.aspx?Pname=054ca932-044f-417d-aa79-4d916bdba1d2.pdf
Jyoti Resins & Adhesives Ltd,https://www.bseindia.com/stockinfo/AnnPdfOpen.aspx?Pname=7c8581c1-6dd3-4503-a163-ffc42d7b3933.pdf
Inox Wind Ltd,https://www.bseindia.com/stockinfo/AnnPdfOpen.aspx?Pname=f4397615-13e3-43f7-be86-a4bdabde7ae9.pdf
Apeejay Surrendra Park Hotels Ltd,https://www.bseindia.com/stockinfo/AnnPdfOpen.aspx?Pname=6ae16535-cc4d-49ce-ae75-a983faaf0b32.pdf
NLC India Ltd,https://www.bseindia.com/stockinfo/AnnPdfOpen.aspx?Pname=7068d817-b26c-4518-b23c-d59e0d354c03.pdf
Ahluwalia Contracts (India) Ltd,https://www.bseindia.com/stockinfo/AnnPdfOpen.aspx?Pname=53bf3f67-42f8-4adb-b799-9166182d28dd.pdf
Asian Star Company Ltd-,https://www.bseindia.com/stockinfo/AnnPdfOpen.aspx?Pname=a85ed682-d799-4359-9b27-8d57d7a75080.pdf
Genesys International Corporation Ltd,https://www.bseindia.com/stockinfo/AnnPdfOpen.aspx?Pname=465cbc20-d048-4d92-a37f-fc82f30722fb.pdf
Satia Industries Ltd,https://www.bseindia.com/stockinfo/AnnPdfOpen.aspx?Pname=ab3ac855-d86f-4a7a-b62c-812c652eac92.pdf
Raj Rayon Industries Ltd-,https://www.bseindia.com/stockinfo/AnnPdfOpen.aspx?Pname=a023f443-316f-4dd7-816f-1b51629d7fec.pdf
Dreamfolks Services Ltd,https://www.bseindia.com/stockinfo/AnnPdfOpen.aspx?Pname=c7a460c5-492d-425f-bb17-0f35260b5a91.pdf
Ahluwalia Contracts (India) Ltd,https://www.bseindia.com/stockinfo/AnnPdfOpen.aspx?Pname=9664ae73-cdd2-487b-8cf5-e25c2143a6b3.pdf
Kiri Industries Ltd,https://www.bseindia.com/stockinfo/AnnPdfOpen.aspx?Pname=2524d43b-1ff2-4541-8d2c-28b3e44e735e.pdf
PSP Projects Ltd,https://www.bseindia.com/stockinfo/AnnPdfOpen.aspx?Pname=50a150c9-e3f1-4d0e-8863-6de827af5318.pdf
Bengal & Assam Company Ltd,https://www.bseindia.com/stockinfo/AnnPdfOpen.aspx?Pname=cc8924c9-ec76-44b2-a8d3-fc541f707654.pdf
Media Matrix Worldwide Ltd,https://www.bseindia.com/stockinfo/AnnPdfOpen.aspx?Pname=0648dc17-0279-462c-9737-c7017e9ef917.pdf
Genus Power Infrastructures Ltd-,https://www.bseindia.com/stockinfo/AnnPdfOpen.aspx?Pname=924955b2-21c3-4178-8ea7-9fc06f4f8eef.pdf
Black Rose Industries Ltd,https://www.bseindia.com/stockinfo/AnnPdfOpen.aspx?Pname=a5eabe11-92ca-4b85-b98a-f92538d6ed9e.pdf
Optiemus Infracom Ltd,https://www.bseindia.com/stockinfo/AnnPdfOpen.aspx?Pname=41622572-ef2f-4427-99ee-588aa8550d9a.pdf
Jain Irrigation Systems Ltd,https://www.bseindia.com/stockinfo/AnnPdfOpen.aspx?Pname=7b6221a3-0835-42b3-ada7-129994b3c8c3.pdf
Rolex Rings Ltd,https://www.bseindia.com/stockinfo/AnnPdfOpen.aspx?Pname=7e2b1af3-c7da-4484-996b-9bf94df22d9b.pdf
Best Agrolife Ltd,https://www.bseindia.com/stockinfo/AnnPdfOpen.aspx?Pname=1ea0edda-80a8-46aa-810c-349a96bf52f7.pdf
Ashiana Housing Ltd-,https://www.bseindia.com/stockinfo/AnnPdfOpen.aspx?Pname=32d349d6-b2d9-45a6-ac7b-b661dd10bb37.pdf
Kajaria Ceramics Ltd,https://www.bseindia.com/stockinfo/AnnPdfOpen.aspx?Pname=61ad4c1b-7a46-4dac-8e33-6e6661db8240.pdf
Ashoka Buildcon Ltd,https://www.bseindia.com/stockinfo/AnnPdfOpen.aspx?Pname=60b9ad73-842e-4f32-a0df-306aad545580.pdf
EMS Ltd,https://www.bseindia.com/stockinfo/AnnPdfOpen.aspx?Pname=f1cfb47c-e43b-419a-afd8-e1adf5e5bc61.pdf
Rama Steel Tubes Ltd,https://www.bseindia.com/stockinfo/AnnPdfOpen.aspx?Pname=12340572-b755-4f89-b1df-9e6f8bb68ff8.pdf
Steel Strips Wheels Ltd-,https://www.bseindia.com/stockinfo/AnnPdfOpen.aspx?Pname=bf76a207-a9db-4005-8d0a-a57b8335e345.pdf
Bigbloc Construction Ltd,https://www.bseindia.com/stockinfo/AnnPdfOpen.aspx?Pname=e43b6356-f8c9-4bf5-816a-fe78f9f36d85.pdf
Autoline Industries Ltd,https://www.bseindia.com/stockinfo/AnnPdfOpen.aspx?Pname=ce8ae182-b2d6-45ff-a8aa-02c5fc983f92.pdf
Paramount Communications Ltd-,https://www.bseindia.com/stockinfo/AnnPdfOpen.aspx?Pname=c0ba43cc-2263-49fd-8c71-ce47f5520bbf.pdf
Subex Ltd,https://www.bseindia.com/stockinfo/AnnPdfOpen.aspx?Pname=4d67cadf-daba-40fc-bf92-9732c9251c6e.pdf
Bharat Global Developers Ltd,https://www.bseindia.com/stockinfo/AnnPdfOpen.aspx?Pname=67d57d80-5c2c-4912-bb91-99333fcc5e96.pdf
SEPC Ltd,https://www.bseindia.com/stockinfo/AnnPdfOpen.aspx?Pname=270afe5c-503d-4f5b-b174-4ab4e175d06e.pdf
Paisalo Digital Ltd,https://www.bseindia.com/stockinfo/AnnPdfOpen.aspx?Pname=d1c5845c-8785-440f-a96c-8255756e6985.pdf
GRM Overseas Ltd,https://www.bseindia.com/stockinfo/AnnPdfOpen.aspx?Pname=122d5956-7ad6-4636-a3e0-5d446fbe6e51.pdf
Dolat Algotech Ltd,https://www.bseindia.com/stockinfo/AnnPdfOpen.aspx?Pname=9b5e5b0a-3b18-4992-ade5-58d303b4e2f8.pdf
DCW Ltd,https://www.bseindia.com/stockinfo/AnnPdfOpen.aspx?Pname=16ea7549-413a-4adf-bc72-4fb3f1788d15.pdf
Mufin Green Finance Ltd,https://www.bseindia.com/stockinfo/AnnPdfOpen.aspx?Pname=3944010f-9a03-4a41-9f20-f02b71c5b60e.pdf
Gulf Oil Lubricants India Ltd,https://www.bseindia.com/stockinfo/AnnPdfOpen.aspx?Pname=ba9bed7f-14d3-4bec-b96c-05db2ec36b5d.pdf
HPL Electric & Power Ltd,https://www.bseindia.com/stockinfo/AnnPdfOpen.aspx?Pname=29e47859-caa8-4917-b034-345fb686cadf.pdf
D.P. Abhushan Ltd,https://www.bseindia.com/stockinfo/AnnPdfOpen.aspx?Pname=1248e1ff-0ef6-4a1c-9c00-776846613b8c.pdf
GMR Airports Ltd,https://www.bseindia.com/stockinfo/AnnPdfOpen.aspx?Pname=56cf77d1-f071-4326-a718-92ba07fd1f13.pdf
GMR Power and Urban Infra Ltd,https://www.bseindia.com/stockinfo/AnnPdfOpen.aspx?Pname=3a88108c-0d17-4583-a21c-86e122aed908.pdf
Fedbank Financial Services Ltd,https://www.bseindia.com/stockinfo/AnnPdfOpen.aspx?Pname=b474fe66-8d84-4bc0-83e2-b8dbdabc7059.pdf
Arihant Capital Markets Ltd,https://www.bseindia.com/stockinfo/AnnPdfOpen.aspx?Pname=3a6665af-3f68-4a62-bc4b-c2226d2586c9.pdf
Infibeam Avenues Ltd,https://www.bseindia.com/stockinfo/AnnPdfOpen.aspx?Pname=f0aa7c56-1e88-45a2-9eb6-84012236b60b.pdf
Shree Pushkar Chemicals & Fertilisers Ltd,https://www.bseindia.com/stockinfo/AnnPdfOpen.aspx?Pname=976d8ad3-b0a0-4d0d-b09d-bef874ee347d.pdf
Sudarshan Chemical Industries Ltd,https://www.bseindia.com/stockinfo/AnnPdfOpen.aspx?Pname=ad83ea75-b54d-4065-86a9-630834ca113b.pdf
Heubach Colorants India Ltd,https://www.bseindia.com/stockinfo/AnnPdfOpen.aspx?Pname=b6f1019c-f0ac-4c25-94ca-6cdb7620a41a.pdf
Imagicaaworld Entertainment Ltd,https://www.bseindia.com/stockinfo/AnnPdfOpen.aspx?Pname=1106ab65-503b-4e7d-8e6d-ca9945711766.pdf
Rajnish Wellness Ltd,https://www.bseindia.com/stockinfo/AnnPdfOpen.aspx?Pname=0ce0dfe8-c4e9-4ec0-b854-0dd9a39bae78.pdf
Wardwizard Innovations & Mobility Ltd,https://www.bseindia.com/stockinfo/AnnPdfOpen.aspx?Pname=fdda417f-1d4c-4390-9440-de7138c1ad2a.pdf
Aurionpro Solutions Ltd,https://www.bseindia.com/stockinfo/AnnPdfOpen.aspx?Pname=980ab3a0-2c6e-442a-bc19-c81c8ccede99.pdf
Parag Milk Foods Ltd,https://www.bseindia.com/stockinfo/AnnPdfOpen.aspx?Pname=88a1e4ba-2bb2-4db3-9825-a9d6060d0ef9.pdf
Omaxe Ltd,https://www.bseindia.com/stockinfo/AnnPdfOpen.aspx?Pname=11042cff-588f-40ce-a826-cf71d01145f8.pdf
Prime Focus Ltd,https://www.bseindia.com/stockinfo/AnnPdfOpen.aspx?Pname=479e7307-db0c-4d71-97ec-9b18ed7e7c05.pdf
Puravankara Ltd,https://www.bseindia.com/stockinfo/AnnPdfOpen.aspx?Pname=e095d701-6eed-4906-8141-5e136072d5b9.pdf
Prakash Industries Ltd,https://www.bseindia.com/stockinfo/AnnPdfOpen.aspx?Pname=4929a4af-f282-4623-a161-2fb5b16df64e.pdf
Gufic Biosciences Ltd,https://www.bseindia.com/stockinfo/AnnPdfOpen.aspx?Pname=e6b40b09-6a37-4c40-bc73-5695e68de8fb.pdf
Vishnu Prakash R Punglia Ltd,https://www.bseindia.com/stockinfo/AnnPdfOpen.aspx?Pname=f89165ea-4a9f-4040-9710-81fdb9a14974.pdf
KIOCL Ltd,https://www.bseindia.com/stockinfo/AnnPdfOpen.aspx?Pname=9cecda78-6e61-46f3-a498-cb7a654e1d92.pdf
Share India Securities Ltd,https://www.bseindia.com/stockinfo/AnnPdfOpen.aspx?Pname=25697373-7e1f-4a4b-9b61-52643f5c55bd.pdf
PNC Infratech Ltd,https://www.bseindia.com/stockinfo/AnnPdfOpen.aspx?Pname=5e247a6c-be60-4f6a-9413-d574d17530c5.pdf
Hariom Pipe Industries Ltd,https://www.bseindia.com/stockinfo/AnnPdfOpen.aspx?Pname=5e1663d4-b8b2-42f7-825a-2f6ddb47a602.pdf
Maithan Alloys Ltd,https://www.bseindia.com/stockinfo/AnnPdfOpen.aspx?Pname=0ab18a31-38c9-45fb-9abe-2569b6c86190.pdf
Moil Ltd,https://www.bseindia.com/stockinfo/AnnPdfOpen.aspx?Pname=ba159f22-bbcc-48c9-9d23-232031855710.pdf
Shalby Ltd,https://www.bseindia.com/stockinfo/AnnPdfOpen.aspx?Pname=44eeb8df-74fd-4156-b522-41485db94675.pdf
Kingfa Science & Technology (India) Ltd-,https://www.bseindia.com/stockinfo/AnnPdfOpen.aspx?Pname=e5a15ba7-3c6f-4f92-8e1a-d3b46568d1be.pdf
Steel Exchange India Ltd,https://www.bseindia.com/stockinfo/AnnPdfOpen.aspx?Pname=ac0a3ab9-dce8-4192-8199-75d9b7af4e77.pdf
Som Distilleries & Breweries Ltd,https://www.bseindia.com/stockinfo/AnnPdfOpen.aspx?Pname=7a1b3ea7-6b0e-4960-b371-df7600b7c0cd.pdf
Swan Corp Ltd,https://www.bseindia.com/stockinfo/AnnPdfOpen.aspx?Pname=087a0d76-a821-4178-8726-d753da92abc8.pdf
Axita Cotton Ltd,https://www.bseindia.com/stockinfo/AnnPdfOpen.aspx?Pname=839c7b29-6ba9-4362-994c-393acd552e05.pdf
The Phoenix Mills Ltd,https://www.bseindia.com/stockinfo/AnnPdfOpen.aspx?Pname=d27de8c5-59fa-493e-a512-1ccafaf198ed.pdf
Fischer Medical Ventures Ltd,https://www.bseindia.com/stockinfo/AnnPdfOpen.aspx?Pname=00691b80-6723-4a4d-98a9-6274267c2c0b.pdf
Mold-Tek Packaging Ltd,https://www.bseindia.com/stockinfo/AnnPdfOpen.aspx?Pname=1b5e846d-aae8-408f-8009-e2bd4061de46.pdf
Mishra Dhatu Nigam Ltd,https://www.bseindia.com/stockinfo/AnnPdfOpen.aspx?Pname=7fbe2114-4860-4e98-8811-ab1ecdc8de6c.pdf
Nazara Technologies Ltd,https://www.bseindia.com/stockinfo/AnnPdfOpen.aspx?Pname=58bd616f-ef36-4980-8417-f9b2479fbbb7.pdf
Apex Frozen Foods Ltd,https://www.bseindia.com/stockinfo/AnnPdfOpen.aspx?Pname=f95cc483-6a98-4951-b189-9bbaf6e88084.pdf
Premier Explosives Ltd,https://www.bseindia.com/stockinfo/AnnPdfOpen.aspx?Pname=72390b90-da4b-463a-ae9f-089665a79d19.pdf
Veranda Learning Solutions Ltd,https://www.bseindia.com/stockinfo/AnnPdfOpen.aspx?Pname=50a1e895-8c1d-48fd-ae11-54c5756bd489.pdf
Easy Trip Planners Ltd,https://www.bseindia.com/stockinfo/AnnPdfOpen.aspx?Pname=acfa7d10-21cc-4acd-925e-2e54cb60bbac.pdf
Insolation Energy Ltd,https://www.bseindia.com/stockinfo/AnnPdfOpen.aspx?Pname=0214c771-84b1-40db-89f3-82bf628fd85b.pdf
SMS Pharmaceuticals Ltd,https://www.bseindia.com/stockinfo/AnnPdfOpen.aspx?Pname=866ca3e0-0074-4d2f-a9a2-df256b6b1f67.pdf
Religare Enterprises Ltd,https://www.bseindia.com/stockinfo/AnnPdfOpen.aspx?Pname=25a41d2e-ed43-4a59-b969-021ea74032f1.pdf
Sri Adhikari Brothers Television Network Ltd,https://www.bseindia.com/stockinfo/AnnPdfOpen.aspx?Pname=f59d3f94-1c32-4c1e-8abd-cc78b4d7d06a.pdf
Sammaan Capital Ltd,https://www.bseindia.com/stockinfo/AnnPdfOpen.aspx?Pname=71a808fd-c88f-469a-8fd0-656672d515cb.pdf
Sunteck Realty Ltd,https://www.bseindia.com/stockinfo/AnnPdfOpen.aspx?Pname=22df2737-3a53-468a-a0dd-d72ab5a75b39.pdf
Websol Energy System Ltd,https://www.bseindia.com/stockinfo/AnnPdfOpen.aspx?Pname=a0023014-dfc5-4fde-ae98-b910692e808a.pdf
Jaiprakash Associates Ltd,https://www.bseindia.com/stockinfo/AnnPdfOpen.aspx?Pname=07090755-5a3b-43af-bfc4-69120baed625.pdf
Roto Pumps Ltd,https://www.bseindia.com/stockinfo/AnnPdfOpen.aspx?Pname=a6569a58-f602-47b3-ba80-d7e91c4c6a72.pdf
Signpost India Ltd,https://www.bseindia.com/stockinfo/AnnPdfOpen.aspx?Pname=2d639250-97ed-40a5-908c-7d70c950cf5b.pdf
Pennar Industries Ltd-,https://www.bseindia.com/stockinfo/AnnPdfOpen.aspx?Pname=aad08aed-70b8-4bb6-9f68-f4dbac5575f3.pdf
Primo Chemicals Ltd,https://www.bseindia.com/stockinfo/AnnPdfOpen.aspx?Pname=aba33d62-529f-4812-9ea4-697565983f32.pdf
Panacea Biotec Ltd,https://www.bseindia.com/stockinfo/AnnPdfOpen.aspx?Pname=027ec2ea-cf2d-4587-85af-1e788d15cf2c.pdf
PC Jeweller Ltd,https://www.bseindia.com/stockinfo/AnnPdfOpen.aspx?Pname=e5673902-2908-4193-8065-8d4e8cc5409d.pdf
Azad Engineering Ltd,https://www.bseindia.com/stockinfo/AnnPdfOpen.aspx?Pname=7e871d6d-058a-4a9f-939a-69e1ff619e4a.pdf
Confidence Petroleum India Ltd,https://www.bseindia.com/stockinfo/AnnPdfOpen.aspx?Pname=5081dab2-cda4-4235-a598-db27459ed77c.pdf
Tilaknagar Industries Ltd-,https://www.bseindia.com/stockinfo/AnnPdfOpen.aspx?Pname=7d38fd3d-3a5b-48c7-ae78-280dc093a8de.pdf
Eraaya Lifespaces Ltd,https://www.bseindia.com/stockinfo/AnnPdfOpen.aspx?Pname=2dbde0f5-40dc-4610-83c6-fc562a769a25.pdf
Yatharth Hospital & Trauma Care Services Ltd,https://www.bseindia.com/stockinfo/AnnPdfOpen.aspx?Pname=a5c5c62d-56ff-42bd-8dd6-795b937aecf3.pdf
Filatex Fashions Ltd,https://www.bseindia.com/stockinfo/AnnPdfOpen.aspx?Pname=fb2c91d0-4d4b-472c-a26e-1e93119b31d0.pdf
Elpro International Ltd,https://www.bseindia.com/stockinfo/AnnPdfOpen.aspx?Pname=98ea0f3f-7b1b-41df-bbd5-ed1c84f619f2.pdf
TCC Concept Ltd,https://www.bseindia.com/stockinfo/AnnPdfOpen.aspx?Pname=16ffd8bd-c348-4b3d-ba61-d5d036f0477c.pdf
LT Foods Ltd,https://www.bseindia.com/stockinfo/AnnPdfOpen.aspx?Pname=fd6c293f-f951-4fb0-9e1a-4b27fca027d5.pdf
Kellton Tech Solutions Ltd,https://www.bseindia.com/stockinfo/AnnPdfOpen.aspx?Pname=4d4b95fe-6423-4933-8f8a-60f80db33244.pdf
Valor Estate Ltd,https://www.bseindia.com/stockinfo/AnnPdfOpen.aspx?Pname=ceea2409-c39d-474d-ad3e-5214b759d13b.pdf
EFC (I) Ltd,https://www.bseindia.com/stockinfo/AnnPdfOpen.aspx?Pname=5096aad6-b324-4928-a2bf-74d7facad2e0.pdf
Jindal Poly Films Ltd,https://www.bseindia.com/stockinfo/AnnPdfOpen.aspx?Pname=d4ccfab2-5fdf-4930-bb6d-1b3be28e9e8e.pdf
Nagarjuna Fertilizers and Chemicals Ltd,https://www.bseindia.com/stockinfo/AnnPdfOpen.aspx?Pname=770e56ae-c8ce-4249-9d99-582ee0d69b5b.pdf
PB Fintech Ltd,https://www.bseindia.com/stockinfo/AnnPdfOpen.aspx?Pname=d9eb0d88-1775-4893-b0dd-313c3702c26d.pdf
Rashtriya Chemicals and Fertilizers Ltd,https://www.bseindia.com/stockinfo/AnnPdfOpen.aspx?Pname=3a589d36-e426-43e0-bac2-1637a27a8247.pdf
Mahanagar Telephone Nigam Ltd,https://www.bseindia.com/stockinfo/AnnPdfOpen.aspx?Pname=8caf240e-371e-40e1-96f8-fde9779e31b1.pdf
IFCI Ltd,https://www.bseindia.com/stockinfo/AnnPdfOpen.aspx?Pname=36a6b196-b202-4f90-9e69-3f30b998e7aa.pdf
Kennametal India Ltd-,https://www.bseindia.com/stockinfo/AnnPdfOpen.aspx?Pname=6214a873-3f82-4ce4-bca3-66c2f342e776.pdf
HMT Ltd,https://www.bseindia.com/stockinfo/AnnPdfOpen.aspx?Pname=dd3731c2-d6d3-489e-8d6c-de9f5807d044.pdf
BF Utilities Ltd-,https://www.bseindia.com/stockinfo/AnnPdfOpen.aspx?Pname=bc4df6e5-e2ee-4f03-9283-f42b6a89735e.pdf
TRANSFORMERS AND RECTIFIERS (INDIA) LTD.,https://www.bseindia.com/stockinfo/AnnPdfOpen.aspx?Pname=62f386f4-c8a7-41d1-b89f-8b5f8c629bc7.pdf
Craftsman Automation Ltd,https://www.bseindia.com/stockinfo/AnnPdfOpen.aspx?Pname=cfd27ed0-2dd7-49eb-9629-7c91fbddae3f.pdf
TATA CONSULTANCY SERVICES LTD.,https://www.bseindia.com/stockinfo/AnnPdfOpen.aspx?Pname=1ec57734-63db-4473-8409-778d60a77c31.pdf
DCB Bank Limited,https://www.bseindia.com/stockinfo/AnnPdfOpen.aspx?Pname=999767a1-0cd7-49dd-9a39-c044d8d98dd5.pdf
RELIANCE INDUSTRIAL INFRASTRUCTURE LTD.,https://www.bseindia.com/stockinfo/AnnPdfOpen.aspx?Pname=ce38f4e2-5d7b-48e1-89d9-3f0ee9d7ff63.pdf
TRENT LTD.,https://www.bseindia.com/stockinfo/AnnPdfOpen.aspx?Pname=2d63a085-6536-4e9b-8f6f-ed65e46f3259.pdf
INOX India Ltd,https://www.bseindia.com/stockinfo/AnnPdfOpen.aspx?Pname=d30ec29e-7edf-4ff4-ba1b-f31fc6fd4b4a.pdf
BANK OF MAHARASHTRA,https://www.bseindia.com/stockinfo/AnnPdfOpen.aspx?Pname=86dd2140-28d3-4178-8d35-20003189260f.pdf
Tata Consumer Products Ltd,https://www.bseindia.com/stockinfo/AnnPdfOpen.aspx?Pname=14726bc1-859b-457f-a9fe-13fdd8c70c36.pdf
SUPREME INDUSTRIES LTD.,https://www.bseindia.com/stockinfo/AnnPdfOpen.aspx?Pname=c625e536-f127-44aa-a5e5-bc1d88d9cf74.pdf
HINDUSTAN UNILEVER LTD.,https://www.bseindia.com/stockinfo/AnnPdfOpen.aspx?Pname=b51157a9-1cd9-46d2-9e2d-09cf64fbbe3f.pdf
INDIAN HOTELS CO.LTD.,https://www.bseindia.com/stockinfo/AnnPdfOpen.aspx?Pname=826d5b91-ca9f-48e0-9c19-56a2fb0adb28.pdf
IndiaMART InterMESH Ltd,https://www.bseindia.com/stockinfo/AnnPdfOpen.aspx?Pname=af5b9763-3184-4933-8dfc-d19799d37593.pdf
Anand Rathi Wealth Ltd,https://www.bseindia.com/stockinfo/AnnPdfOpen.aspx?Pname=db024c00-8acf-4fa3-ac9d-e1cf5785359d.pdf
INDIAN BANK,https://www.bseindia.com/stockinfo/AnnPdfOpen.aspx?Pname=5e18cf39-57b6-44fc-b06b-9dd575ed0f3c.pdf
JINDAL SAW LTD.,https://www.bseindia.com/stockinfo/AnnPdfOpen.aspx?Pname=99480108-9b66-4890-9a46-d599c1f8af7a.pdf
Tata Technologies Ltd,https://www.bseindia.com/stockinfo/AnnPdfOpen.aspx?Pname=37f954e0-888f-4503-be14-1540cc741d60.pdf
STATE BANK OF INDIA,https://www.bseindia.com/stockinfo/AnnPdfOpen.aspx?Pname=ca2d3166-75ea-4054-a59d-dbf4ee02fbcd.pdf
eMudhra Ltd,https://www.bseindia.com/stockinfo/AnnPdfOpen.aspx?Pname=c3ad7e64-5dba-488f-a204-4a739c48a8a2.pdf
Jana Small Finance Bank Ltd,https://www.bseindia.com/stockinfo/AnnPdfOpen.aspx?Pname=91937147-5ce1-4f0b-ab7c-3d4c27e6e945.pdf
NELCO LTD.,https://www.bseindia.com/stockinfo/AnnPdfOpen.aspx?Pname=03ca59d4-b156-4ffd-8dfd-a2d6cac3d95f.pdf
Himadri Speciality Chemical Ltd,https://www.bseindia.com/stockinfo/AnnPdfOpen.aspx?Pname=e4a9fd7c-cd6a-4f7c-9611-b2c719c3b369.pdf
India Shelter Finance Corporation Ltd,https://www.bseindia.com/stockinfo/AnnPdfOpen.aspx?Pname=3201f2fe-cb43-46b5-b6d8-8ae734ea886d.pdf
Adani Green Energy Ltd,https://www.bseindia.com/stockinfo/AnnPdfOpen.aspx?Pname=2d48a0eb-362f-49ec-b229-4d6dab2da788.pdf
NEW DELHI TELEVISION LTD.,https://www.bseindia.com/stockinfo/AnnPdfOpen.aspx?Pname=04f57f04-9326-4e7f-918f-ac1c7e83e1dc.pdf
ADANI PORTS AND SPECIAL ECONOMIC ZONE LTD.,https://www.bseindia.com/stockinfo/AnnPdfOpen.aspx?Pname=1717610b-31df-4068-b6eb-8cd8814a1de5.pdf
Home First Finance Company India Ltd,https://www.bseindia.com/stockinfo/AnnPdfOpen.aspx?Pname=0e1f5a69-2901-4d25-b3b6-281a25b207b9.pdf
AMBUJA CEMENTS LTD.,https://www.bseindia.com/stockinfo/AnnPdfOpen.aspx?Pname=9f531fdf-3e10-4727-8561-ac927c393770.pdf
ACC LTD.,https://www.bseindia.com/stockinfo/AnnPdfOpen.aspx?Pname=2d3771ab-49f5-490a-aa71-6205d8bf22e4.pdf
SANGHI INDUSTRIES LTD.,https://www.bseindia.com/stockinfo/AnnPdfOpen.aspx?Pname=04601319-67d7-408f-b90f-7b47f66529ac.pdf
RALLIS INDIA LTD.,https://www.bseindia.com/stockinfo/AnnPdfOpen.aspx?Pname=d76a392f-e71a-4f09-bff7-df8fef4beb2b.pdf
ADANI ENTERPRISES LTD.,https://www.bseindia.com/stockinfo/AnnPdfOpen.aspx?Pname=90de7c2b-f213-4312-aee0-f70734896513.pdf
L&T Finance Ltd,https://www.bseindia.com/stockinfo/AnnPdfOpen.aspx?Pname=1beafa93-f889-4bb6-8a7c-5705b5fddd20.pdf
Craftsman Automation Ltd,https://www.bseindia.com/stockinfo/AnnPdfOpen.aspx?Pname=4d3a52ad-128d-4352-ba70-942e5ed44426.pdf
Shankara Building Products Ltd,https://www.bseindia.com/stockinfo/AnnPdfOpen.aspx?Pname=7a936121-57c1-4d3f-a3bd-015db8de467b.pdf
Adani Total Gas Ltd,https://www.bseindia.com/stockinfo/AnnPdfOpen.aspx?Pname=524964de-9f52-46bb-9db1-f9ffc3c84da2.pdf
TATA MOTORS LTD.,https://www.bseindia.com/stockinfo/AnnPdfOpen.aspx?Pname=0f56632e-aa91-4671-919d-64e2d20b5ea0.pdf
TATA TELESERVICES (MAHARASHTRA) LTD.,https://www.bseindia.com/stockinfo/AnnPdfOpen.aspx?Pname=78158de0-4703-47a6-a615-ea17f8fbda9d.pdf
Bajaj Hindusthan Sugar Limited,https://www.bseindia.com/stockinfo/AnnPdfOpen.aspx?Pname=22b317f3-6617-4cc7-b053-ab80c1c744ea.pdf
SMC Global Securities Ltd,https://www.bseindia.com/stockinfo/AnnPdfOpen.aspx?Pname=52ffe5b7-abf5-4191-8119-db985ab8cde3.pdf
ASIAN PAINTS LTD.,https://www.bseindia.com/stockinfo/AnnPdfOpen.aspx?Pname=690c0fa0-67fd-4a5f-a9ce-7403dc0ba92a.pdf
CANARA BANK,https://www.bseindia.com/stockinfo/AnnPdfOpen.aspx?Pname=98edc548-aa35-4662-a8ad-f768154c6c10.pdf
Greenpanel Industries Ltd,https://www.bseindia.com/stockinfo/AnnPdfOpen.aspx?Pname=ef813d49-639e-4b45-8aef-c33ded22a72b.pdf
ELECON ENGINEERING CO.LTD.,https://www.bseindia.com/stockinfo/AnnPdfOpen.aspx?Pname=0bdfcccd-3ef1-4eff-a33c-01b375061de7.pdf
Adani Wilmar Ltd,https://www.bseindia.com/stockinfo/AnnPdfOpen.aspx?Pname=4ecf8f4b-1568-4685-9e4d-3fc4083c6098.pdf
Sula Vineyards Ltd,https://www.bseindia.com/stockinfo/AnnPdfOpen.aspx?Pname=b6e63e40-19b2-4c02-81f9-be1dc0693ea6.pdf
ICICI Lombard General Insurance Company Ltd,https://www.bseindia.com/stockinfo/AnnPdfOpen.aspx?Pname=2e65da15-5cb8-4cb6-a976-d38e0005199a.pdf
ADANI POWER LTD.,https://www.bseindia.com/stockinfo/AnnPdfOpen.aspx?Pname=ef1c92e9-60b4-48eb-acad-1dff5fc84d05.pdf
LTIMindtree Ltd,https://www.bseindia.com/stockinfo/AnnPdfOpen.aspx?Pname=b2066d10-96bc-4e4b-924e-58533f7e3a12.pdf
SAGAR CEMENTS LTD.-,https://www.bseindia.com/stockinfo/AnnPdfOpen.aspx?Pname=0f6bd040-f066-43c1-a2ec-a5341fffa821.pdf
BANK OF INDIA,https://www.bseindia.com/stockinfo/AnnPdfOpen.aspx?Pname=d7845c89-dfef-460b-bf93-275764388d82.pdf
TATA CHEMICALS LTD.,https://www.bseindia.com/stockinfo/AnnPdfOpen.aspx?Pname=01335ef5-fa6c-4f41-8c3b-477c78925242.pdf
L&T Technology Services Ltd,https://www.bseindia.com/stockinfo/AnnPdfOpen.aspx?Pname=7be1a427-409d-4296-bd92-9f609d26539a.pdf
DWARIKESH SUGAR INDUSTRIES LTD.,https://www.bseindia.com/stockinfo/AnnPdfOpen.aspx?Pname=3dbec035-1aa9-4613-9dfc-a4684f6e1c22.pdf
Intellect Design Arena Ltd,https://www.bseindia.com/stockinfo/AnnPdfOpen.aspx?Pname=65da18d1-52e6-4f22-8d7f-a24d6fa1e7fd.pdf
Sona BLW Precision Forgings Ltd,https://www.bseindia.com/stockinfo/AnnPdfOpen.aspx?Pname=fc38dc1b-61b6-40fc-a010-b5944b9824fa.pdf
Dr. Lal PathLabs Ltd,https://www.bseindia.com/stockinfo/AnnPdfOpen.aspx?Pname=cb2f9680-8638-4274-a956-d6b172398bcc.pdf
ICICI Prudential Life Insurance Company Ltd,https://www.bseindia.com/stockinfo/AnnPdfOpen.aspx?Pname=bf76f454-b4c9-49ba-a8b2-09b560aae9f1.pdf
GLAXOSMITHKLINE PHARMACEUTICALS LTD.,https://www.bseindia.com/stockinfo/AnnPdfOpen.aspx?Pname=fc7c6cf1-05c8-4f13-b2ab-b2517212cc72.pdf
SRF LTD.,https://www.bseindia.com/stockinfo/AnnPdfOpen.aspx?Pname=864f878c-cbc1-43b3-8fda-fa39ab44dea3.pdf
SBFC Finance Ltd,https://www.bseindia.com/stockinfo/AnnPdfOpen.aspx?Pname=9610a1d6-66e6-4bbb-84e0-82605bed53e1.pdf
Dalmia Bharat Ltd,https://www.bseindia.com/stockinfo/AnnPdfOpen.aspx?Pname=addbc2f8-753f-4e00-b291-b97311c5ba6e.pdf
Happiest Minds Technologies Ltd,https://www.bseindia.com/stockinfo/AnnPdfOpen.aspx?Pname=dede1df3-4b67-4b24-8e00-5dfdd3abb104.pdf
BHANSALI ENGINEERING POLYMERS LTD.-,https://www.bseindia.com/stockinfo/AnnPdfOpen.aspx?Pname=0cec421e-e0e2-4381-b9a7-5cd94e0ce5ec.pdf
SUPREME PETROCHEM LTD.,https://www.bseindia.com/stockinfo/AnnPdfOpen.aspx?Pname=ebdecd9f-a06b-4a49-863b-e2d3c441e44f.pdf
Tejas Networks Ltd,https://www.bseindia.com/stockinfo/AnnPdfOpen.aspx?Pname=1f17b1e5-ad0a-492d-a76a-4c2a3f142b7a.pdf
Archean Chemical Industries Ltd,https://www.bseindia.com/stockinfo/AnnPdfOpen.aspx?Pname=f2aba5ae-442a-4456-8ae1-be5fc25fc4e0.pdf
JUST DIAL LTD.,https://www.bseindia.com/stockinfo/AnnPdfOpen.aspx?Pname=7bd74566-bc9b-4ec4-ba37-286e7223dbfc.pdf
RAYMOND LTD.,https://www.bseindia.com/stockinfo/AnnPdfOpen.aspx?Pname=78516c38-b4bb-46fa-b578-be0c058c5815.pdf
KANSAI NEROLAC PAINTS LTD.,https://www.bseindia.com/stockinfo/AnnPdfOpen.aspx?Pname=895d361c-1394-4c1d-b072-39453fdc8ee5.pdf
ORIENT GREEN POWER COMPANY LTD.,https://www.bseindia.com/stockinfo/AnnPdfOpen.aspx?Pname=ea75cc40-9421-4561-a7ec-8cc6c6b517f9.pdf
WOCKHARDT LTD.,https://www.bseindia.com/stockinfo/AnnPdfOpen.aspx?Pname=7ec2dd80-c569-417c-85ef-4a0535f5c4d7.pdf
PUNJAB NATIONAL BANK,https://www.bseindia.com/stockinfo/AnnPdfOpen.aspx?Pname=bf85ce9b-97c4-46c8-a838-9d42bbfbe423.pdf
Computer Age Management Services Ltd,https://www.bseindia.com/stockinfo/AnnPdfOpen.aspx?Pname=706fa459-6a43-4d80-a74e-c311888aa6df.pdf
INDIAN OVERSEAS BANK,https://www.bseindia.com/stockinfo/AnnPdfOpen.aspx?Pname=546befdf-2c19-48f5-baed-44aa3e8fe852.pdf
ALKYL AMINES CHEMICALS LTD.-,https://www.bseindia.com/stockinfo/AnnPdfOpen.aspx?Pname=a51ae441-e8e7-4033-9441-c82c061adee1.pdf
Dodla Dairy Ltd,https://www.bseindia.com/stockinfo/AnnPdfOpen.aspx?Pname=1e9ecaff-b49f-44fb-a797-4dfa02c9c798.pdf
BANK OF BARODA,https://www.bseindia.com/stockinfo/AnnPdfOpen.aspx?Pname=80c00b49-c33f-431e-b7a3-f5c7b324dcc6.pdf
LARSEN & TOUBRO LTD.,https://www.bseindia.com/stockinfo/AnnPdfOpen.aspx?Pname=39f1ba1b-3b2e-4df4-9e78-c880859bf0df.pdf
Devyani International Ltd,https://www.bseindia.com/stockinfo/AnnPdfOpen.aspx?Pname=07047dab-2020-458e-b0ff-7daa1368a1af.pdf
SIS Ltd,https://www.bseindia.com/stockinfo/AnnPdfOpen.aspx?Pname=5d725dad-15fd-43e9-8c32-ff711f0bb4d4.pdf
JSW Energy Ltd,https://www.bseindia.com/stockinfo/AnnPdfOpen.aspx?Pname=cf75a6bb-f659-458f-bdbd-cf44f57e238c.pdf
Dhampur Bio Organics Ltd,https://www.bseindia.com/stockinfo/AnnPdfOpen.aspx?Pname=0d2e5fb7-a510-4974-954e-d3a7bc95b891.pdf
TATA INVESTMENT CORPORATION LTD.,https://www.bseindia.com/stockinfo/AnnPdfOpen.aspx?Pname=40723536-c002-4975-9538-a87ae0960354.pdf
GHCL LTD.,https://www.bseindia.com/stockinfo/AnnPdfOpen.aspx?Pname=17dcc381-4135-4612-8d36-ed400367c385.pdf
Lloyds Enterprises Ltd,https://www.bseindia.com/stockinfo/AnnPdfOpen.aspx?Pname=5fbd724c-5fdb-43d5-96ab-b5f7888c6adc.pdf
Crompton Greaves Consumer Electricals Ltd,https://www.bseindia.com/stockinfo/AnnPdfOpen.aspx?Pname=7e6bf6a4-02b8-4989-a678-ecb69018ed86.pdf
M.M.FORGINGS LTD.-,https://www.bseindia.com/stockinfo/AnnPdfOpen.aspx?Pname=87d989bd-ea3f-40f3-998d-0c8363001ad9.pdf
CERA SANITARYWARE LTD.,https://www.bseindia.com/stockinfo/AnnPdfOpen.aspx?Pname=59ea1275-523d-44dc-9177-befa3d894843.pdf
DCM Shriram Limited,https://www.bseindia.com/stockinfo/AnnPdfOpen.aspx?Pname=7e3c6f1f-25a5-445f-8fcc-bd9e8cd6fbee.pdf
AUTOMOTIVE STAMPINGS & ASSEMBLIES LTD.,https://www.bseindia.com/stockinfo/AnnPdfOpen.aspx?Pname=a67d1c2d-799e-400e-a7fa-50436e266b32.pdf
K.P.R. Mill Limited,https://www.bseindia.com/stockinfo/AnnPdfOpen.aspx?Pname=f21b05e3-08d2-47a5-aafd-211296a68708.pdf
Updater Services Ltd,https://www.bseindia.com/stockinfo/AnnPdfOpen.aspx?Pname=ed654ad6-02e5-4bce-ba1b-ae2993290c63.pdf
CARE Ratings Ltd,https://www.bseindia.com/stockinfo/AnnPdfOpen.aspx?Pname=72cfed0b-f01e-4a03-9412-494b2ce06982.pdf
VOLTAS LTD.,https://www.bseindia.com/stockinfo/AnnPdfOpen.aspx?Pname=fb6da5aa-8698-4af2-87d1-b3201c97f0b4.pdf
Epigral Ltd,https://www.bseindia.com/stockinfo/AnnPdfOpen.aspx?Pname=a5d6883a-574f-491b-91d0-c97ea58b7aa7.pdf
TATA ELXSI LTD.,https://www.bseindia.com/stockinfo/AnnPdfOpen.aspx?Pname=a1a0600b-bc1a-4bcd-92aa-9d1762bf1755.pdf
Meghmani Organics Ltd,https://www.bseindia.com/stockinfo/AnnPdfOpen.aspx?Pname=b29fb772-412d-4220-a67c-e0f3987d47fd.pdf
PIRAMAL ENTERPRISES LTD.,https://www.bseindia.com/stockinfo/AnnPdfOpen.aspx?Pname=c978909b-f5c8-42f9-8f77-5304c3f5e682.pdf
NESTLE INDIA LTD.,https://www.bseindia.com/stockinfo/AnnPdfOpen.aspx?Pname=498bcef1-8221-4e42-b9c0-d04021dc9d5a.pdf
AJANTA PHARMA LTD.,https://www.bseindia.com/stockinfo/AnnPdfOpen.aspx?Pname=33340684-161f-44c2-bcb4-85d3c39989a7.pdf
Vedanta Limited,https://www.bseindia.com/stockinfo/AnnPdfOpen.aspx?Pname=397feeb2-371c-401f-a235-2da640c05d5e.pdf
Dalmia Bharat Sugar and Industries Ltd,https://www.bseindia.com/stockinfo/AnnPdfOpen.aspx?Pname=2422f193-1e45-4b92-beae-08e03b5a73b0.pdf
BALAJI AMINES LTD.-,https://www.bseindia.com/stockinfo/AnnPdfOpen.aspx?Pname=4ef689b0-7910-4acb-a704-e672a9ecfd3f.pdf
Laurus Labs Ltd,https://www.bseindia.com/stockinfo/AnnPdfOpen.aspx?Pname=c0b5f176-b833-4c7c-87dc-367cc8144199.pdf
Titan Company Limited,https://www.bseindia.com/stockinfo/AnnPdfOpen.aspx?Pname=51c89546-c90c-45c2-8ff3-e5b034e00832.pdf
Nippon Life India Asset Management Ltd,https://www.bseindia.com/stockinfo/AnnPdfOpen.aspx?Pname=4d389cb5-e686-4ce0-a765-a0a08e41708e.pdf
Kalpataru Projects International Ltd,https://www.bseindia.com/stockinfo/AnnPdfOpen.aspx?Pname=26d97881-51e9-4379-8b0a-febbf8101d1d.pdf
360 ONE WAM LTD,https://www.bseindia.com/stockinfo/AnnPdfOpen.aspx?Pname=b9c4f761-b3a1-4c4c-b65b-9c2b3f2f13d6.pdf
Deep Industries Ltd,https://www.bseindia.com/stockinfo/AnnPdfOpen.aspx?Pname=5a59b931-b784-4f85-90e9-b5ebf6a76c27.pdf
Geojit Financial Services Ltd,https://www.bseindia.com/stockinfo/AnnPdfOpen.aspx?Pname=271489e9-86ad-4905-a5c5-dfc5de39963c.pdf
PERSISTENT SYSTEMS LTD.,https://www.bseindia.com/stockinfo/AnnPdfOpen.aspx?Pname=356d3743-a084-4799-a2dc-f5634f89bbca.pdf
Magellanic Cloud Ltd,https://www.bseindia.com/stockinfo/AnnPdfOpen.aspx?Pname=4543eb5e-45c0-484c-98e8-adb658c17f51.pdf
ALEMBIC PHARMACEUTICALS LTD.,https://www.bseindia.com/stockinfo/AnnPdfOpen.aspx?Pname=dc17e0dd-a386-4718-bb21-2e43bff7f67e.pdf
BAJAJ AUTO LTD.,https://www.bseindia.com/stockinfo/AnnPdfOpen.aspx?Pname=efe03695-dad8-4de0-9db8-09e95cb7e5a7.pdf
TATA POWER CO.LTD.,https://www.bseindia.com/stockinfo/AnnPdfOpen.aspx?Pname=ec0561ba-f907-409c-abce-f403d7821a2b.pdf
Butterfly Gandhimathi Appliances Ltd,https://www.bseindia.com/stockinfo/AnnPdfOpen.aspx?Pname=ffd47eea-2d25-4f78-bb54-926f3b203232.pdf
TATA STEEL LTD.,https://www.bseindia.com/stockinfo/AnnPdfOpen.aspx?Pname=1b0b720f-9da6-4d95-82f2-16b07d812468.pdf
HDFC Life Insurance Company Ltd,https://www.bseindia.com/stockinfo/AnnPdfOpen.aspx?Pname=15cd352d-f11b-47ee-a127-5cd238cc9bd9.pdf
Polycab India Ltd,https://www.bseindia.com/stockinfo/AnnPdfOpen.aspx?Pname=ae6da2b4-0af7-450d-801b-605a1ffb6851.pdf
Poonawalla Fincorp Ltd,https://www.bseindia.com/stockinfo/AnnPdfOpen.aspx?Pname=a062d9f0-c9f8-4e69-8a8b-3d371b0fa339.pdf
VISAKA INDUSTRIES LTD.,https://www.bseindia.com/stockinfo/AnnPdfOpen.aspx?Pname=54dcb718-5db9-44e7-8d2b-4a9d35fb0830.pdf
SHOPPERS STOP LTD.,https://www.bseindia.com/stockinfo/AnnPdfOpen.aspx?Pname=38b7319b-76a4-4bc8-94c2-f4bf0db14528.pdf
SWARAJ ENGINES LTD.,https://www.bseindia.com/stockinfo/AnnPdfOpen.aspx?Pname=67d6d74f-ab89-436f-ad53-5b03022d4ebf.pdf
WIPRO LTD.,https://www.bseindia.com/stockinfo/AnnPdfOpen.aspx?Pname=3149b780-2489-4c58-9251-9f44946135ad.pdf
RPG LIFE SCIENCES LTD.,https://www.bseindia.com/stockinfo/AnnPdfOpen.aspx?Pname=a70c243a-5842-4235-80e5-4fe5250cad6e.pdf
MAHINDRA & MAHINDRA FINANCIAL SERVICES LTD.,https://www.bseindia.com/stockinfo/AnnPdfOpen.aspx?Pname=55a80638-42ae-471f-9048-d3893bbbe41a.pdf
TATA COMMUNICATIONS LTD.,https://www.bseindia.com/stockinfo/AnnPdfOpen.aspx?Pname=bf07078c-f463-4ce9-bcb7-275d7a42866d.pdf
CENTRAL BANK OF INDIA,https://www.bseindia.com/stockinfo/AnnPdfOpen.aspx?Pname=fac0b869-bb54-4a07-b3dc-87ee752cbc1f.pdf
Nureca Ltd,https://www.bseindia.com/stockinfo/AnnPdfOpen.aspx?Pname=fee1abc6-4ea5-437a-b9c4-21ab71f3f8b5.pdf
Mahindra Logistics Ltd,https://www.bseindia.com/stockinfo/AnnPdfOpen.aspx?Pname=ca15dc69-8212-4d65-8343-204702655fe3.pdf
GRINDWELL NORTON LTD.-,https://www.bseindia.com/stockinfo/AnnPdfOpen.aspx?Pname=f96c0251-7735-4620-98a4-0766f3112229.pdf
BLUE DART EXPRESS LTD.,https://www.bseindia.com/stockinfo/AnnPdfOpen.aspx?Pname=5391eee0-e5f0-4bf9-80d5-35adc54c1d6d.pdf
Escorts Kubota Ltd,https://www.bseindia.com/stockinfo/AnnPdfOpen.aspx?Pname=f657e7ba-5f88-4d6e-970e-4de6e4fda0c3.pdf
ONWARD TECHNOLOGIES LTD.,https://www.bseindia.com/stockinfo/AnnPdfOpen.aspx?Pname=20079c88-17ee-4a99-ad2f-70d8f0d8117e.pdf
THEMIS MEDICARE LTD.,https://www.bseindia.com/stockinfo/AnnPdfOpen.aspx?Pname=9b23651f-6f1c-4c32-b473-744fb1ad7061.pdf
Sheela Foam Ltd,https://www.bseindia.com/stockinfo/AnnPdfOpen.aspx?Pname=dcca496e-61e8-4972-840c-84c5a987eeb3.pdf
Anant Raj Limited-,https://www.bseindia.com/stockinfo/AnnPdfOpen.aspx?Pname=a8e244e7-4475-4e9e-9fa4-789e5f208585.pdf
NUCLEUS SOFTWARE EXPORTS LTD.,https://www.bseindia.com/stockinfo/AnnPdfOpen.aspx?Pname=7b6505ae-0ad3-470b-bd31-ab7309c70b6e.pdf
Mahindra EPC Irrigation Ltd,https://www.bseindia.com/stockinfo/AnnPdfOpen.aspx?Pname=2b1e46ba-5d61-40a9-bf49-0eed625edf78.pdf
ORACLE FINANCIAL SERVICES SOFTWARE LTD.,https://www.bseindia.com/stockinfo/AnnPdfOpen.aspx?Pname=6ae427cc-2079-44a3-b233-d7bfa9ad5c47.pdf
BALKRISHNA INDUSTRIES LTD.-,https://www.bseindia.com/stockinfo/AnnPdfOpen.aspx?Pname=6b6f4f6a-8cde-4c8d-838c-00518460fdc2.pdf
SOLAR INDUSTRIES INDIA LTD.,https://www.bseindia.com/stockinfo/AnnPdfOpen.aspx?Pname=98d7e5db-5f59-4120-83ba-16b7dd5eab18.pdf
ORIENTAL HOTELS LTD.,https://www.bseindia.com/stockinfo/AnnPdfOpen.aspx?Pname=2e8fdf88-f77d-4776-a883-a6c214cac939.pdf
Muthoot Microfin Ltd,https://www.bseindia.com/stockinfo/AnnPdfOpen.aspx?Pname=8a04d886-2f00-46c7-b84d-be37d03273ab.pdf
Bajaj Finance Limited,https://www.bseindia.com/stockinfo/AnnPdfOpen.aspx?Pname=8301a961-6346-4401-831e-1101ae756900.pdf
GE Power India Ltd,https://www.bseindia.com/stockinfo/AnnPdfOpen.aspx?Pname=e7ef7228-afb2-48d7-aeb0-a2604f188dd4.pdf
MAHARASHTRA SCOOTERS LTD.,https://www.bseindia.com/stockinfo/AnnPdfOpen.aspx?Pname=1843c033-05d6-47ce-874e-3da5bec3e5c5.pdf
BANARAS BEADS LTD.,https://www.bseindia.com/stockinfo/AnnPdfOpen.aspx?Pname=c33b0f7e-bb57-4b75-a0a1-18444cce9da3.pdf
BAJAJ HOLDINGS & INVESTMENT LTD.,https://www.bseindia.com/stockinfo/AnnPdfOpen.aspx?Pname=d93941da-5437-4fd2-ad0e-16a97f7317e4.pdf
UNION BANK OF INDIA,https://www.bseindia.com/stockinfo/AnnPdfOpen.aspx?Pname=a4b6d480-db3e-4484-b2ed-e7acf76531ac.pdf
Arvind SmartSpaces Ltd,https://www.bseindia.com/stockinfo/AnnPdfOpen.aspx?Pname=717c62f5-6f1e-4d9a-a74a-f9e56bbf572b.pdf
KABRA EXTRUSIONTECHNIK LTD.,https://www.bseindia.com/stockinfo/AnnPdfOpen.aspx?Pname=2928ec5c-db81-4e20-bc55-7dcf4cbd8427.pdf
Newgen Software Technologies Ltd,https://www.bseindia.com/stockinfo/AnnPdfOpen.aspx?Pname=c39f8076-575c-4a50-bed0-65b8a5751e5a.pdf
J.K.CEMENT LTD.,https://www.bseindia.com/stockinfo/AnnPdfOpen.aspx?Pname=aeeebb95-f8a5-446a-943e-ec706ac97847.pdf
GUJARAT THEMIS BIOSYN LTD.,https://www.bseindia.com/stockinfo/AnnPdfOpen.aspx?Pname=8f81db4d-3a5c-4ff7-ae6c-bd15887f14a9.pdf
BAJAJ FINSERV LTD.,https://www.bseindia.com/stockinfo/AnnPdfOpen.aspx?Pname=dba9c0d4-4629-4102-87cf-cb6777e54400.pdf
NILKAMAL LTD.,https://www.bseindia.com/stockinfo/AnnPdfOpen.aspx?Pname=818f36a1-f35a-4fd4-bb3a-07096f429bb9.pdf
TECH MAHINDRA LTD.,https://www.bseindia.com/stockinfo/AnnPdfOpen.aspx?Pname=33cb8fe2-656c-4862-a413-101eddee8ba7.pdf
ITC LTD.,https://www.bseindia.com/stockinfo/AnnPdfOpen.aspx?Pname=d4e9703f-060a-4540-a44b-fc1d6da562e8.pdf
MPHASIS LTD.,https://www.bseindia.com/stockinfo/AnnPdfOpen.aspx?Pname=c36799d2-1c1b-425d-bdea-4885c4a61c8d.pdf
NELCAST LTD.,https://www.bseindia.com/stockinfo/AnnPdfOpen.aspx?Pname=d5fc53ee-4e78-4595-b961-83cbdac1e984.pdf
AXIS BANK LTD.,https://www.bseindia.com/stockinfo/AnnPdfOpen.aspx?Pname=870f4f65-7841-4a91-b472-d91921db1635.pdf
Pearl Global Industries Limited,https://www.bseindia.com/stockinfo/AnnPdfOpen.aspx?Pname=0c82a4f2-71c6-4961-8b8b-ada17528da4f.pdf
XCHANGING SOLUTIONS LTD.,https://www.bseindia.com/stockinfo/AnnPdfOpen.aspx?Pname=e334e1ae-3540-4a54-924b-f8aab850c84f.pdf
AEGIS LOGISTICS LTD.,https://www.bseindia.com/stockinfo/AnnPdfOpen.aspx?Pname=7d7ea8fd-2469-4ff7-bd4f-1852ab0227dc.pdf
XPRO INDIA LTD.,https://www.bseindia.com/stockinfo/AnnPdfOpen.aspx?Pname=63f53d06-e8c9-498f-9cf3-fa68cc94ba80.pdf
IDBI BANK LTD.,https://www.bseindia.com/stockinfo/AnnPdfOpen.aspx?Pname=89ee2f6b-2581-48b3-a96a-233e13b81a4d.pdf
TTK HEALTHCARE LTD.-,https://www.bseindia.com/stockinfo/AnnPdfOpen.aspx?Pname=b0bf2482-11b9-4f59-aa75-e35fe25691f0.pdf
CENTURY TEXTILES & INDUSTRIES LTD.,https://www.bseindia.com/stockinfo/AnnPdfOpen.aspx?Pname=72b2dd89-cae1-4f2d-8d3e-1bf873b39232.pdf
ICRA LTD.,https://www.bseindia.com/stockinfo/AnnPdfOpen.aspx?Pname=d97a0b3d-f3ea-444a-9928-49b0fdc6df9e.pdf
HEG LTD.,https://www.bseindia.com/stockinfo/AnnPdfOpen.aspx?Pname=730e0d20-4d52-4f67-bf2a-c07acf116261.pdf
Jyothy Labs Ltd,https://www.bseindia.com/stockinfo/AnnPdfOpen.aspx?Pname=fe3cc1b7-c4f8-468d-a512-f0f588eadfcf.pdf
FIRSTSOURCE SOLUTIONS LTD.,https://www.bseindia.com/stockinfo/AnnPdfOpen.aspx?Pname=2c4b8f8a-ee06-4587-8c44-782aa799ccff.pdf
KIRLOSKAR PNEUMATIC CO.LTD.,https://www.bseindia.com/stockinfo/AnnPdfOpen.aspx?Pname=31fb96f4-b34e-453d-80e7-0f665b39e3c9.pdf
Macrotech Developers Ltd,https://www.bseindia.com/stockinfo/AnnPdfOpen.aspx?Pname=75801542-8630-48da-92c3-a56a10f91548.pdf
SHREE DIGVIJAY CEMENT CO.LTD.-,https://www.bseindia.com/stockinfo/AnnPdfOpen.aspx?Pname=4231051c-4f07-41c5-b70e-e837e07f07b0.pdf
MAHINDRA & MAHINDRA LTD.,https://www.bseindia.com/stockinfo/AnnPdfOpen.aspx?Pname=1420523a-170f-4b5e-9dcb-926a00cd09ad.pdf
TORRENT PHARMACEUTICALS LTD.,https://www.bseindia.com/stockinfo/AnnPdfOpen.aspx?Pname=04d58f9a-6dcf-4a92-82aa-103289fb4d28.pdf
WENDT (INDIA) LTD.,https://www.bseindia.com/stockinfo/AnnPdfOpen.aspx?Pname=cfb3f1fb-9b3d-4b33-83ce-ed22439d651d.pdf
MAHINDRA LIFESPACE DEVELOPERS LTD.,https://www.bseindia.com/stockinfo/AnnPdfOpen.aspx?Pname=a6173fe7-d9a5-4391-8550-169bbda98a72.pdf
UTI Asset Management Company Ltd,https://www.bseindia.com/stockinfo/AnnPdfOpen.aspx?Pname=9e64499d-75f3-4edd-a24e-cf4f6df5b075.pdf
CG Power and Industrial Solutions Ltd,https://www.bseindia.com/stockinfo/AnnPdfOpen.aspx?Pname=7d0bbd98-d940-436b-bd04-a48719a91022.pdf
ZF Commercial Vehicle Control Systems India Ltd,https://www.bseindia.com/stockinfo/AnnPdfOpen.aspx?Pname=27796908-a293-4419-b5ca-b8741d6b5ced.pdf
OBEROI REALTY LTD.,https://www.bseindia.com/stockinfo/AnnPdfOpen.aspx?Pname=9d1838fb-ebde-47aa-adc2-fafa284a340f.pdf
UCO BANK,https://www.bseindia.com/stockinfo/AnnPdfOpen.aspx?Pname=bf8df2d3-6612-4092-ab64-0e1f0727af87.pdf
Utkarsh Small Finance Bank Ltd,https://www.bseindia.com/stockinfo/AnnPdfOpen.aspx?Pname=82692f4c-c28e-4cf5-9abe-4969e486ebe4.pdf
AVANTEL LTD.,https://www.bseindia.com/stockinfo/AnnPdfOpen.aspx?Pname=34b88511-c39c-4a18-b1ef-107e132f9b8d.pdf
SESHASAYEE PAPER & BOARDS LTD.,https://www.bseindia.com/stockinfo/AnnPdfOpen.aspx?Pname=cdea52c5-8391-41a6-bf7e-d7e403cb905d.pdf
Concord Biotech Ltd,https://www.bseindia.com/stockinfo/AnnPdfOpen.aspx?Pname=95631a06-d9b4-403c-97bb-07813376657c.pdf
KESORAM INDUSTRIES LTD.,https://www.bseindia.com/stockinfo/AnnPdfOpen.aspx?Pname=df12aef8-512b-48fe-9d90-492007a4bec7.pdf
Artemis Medicare Services Ltd,https://www.bseindia.com/stockinfo/AnnPdfOpen.aspx?Pname=5e91826a-2774-45a5-8be9-a5e98386845b.pdf
Advanced Enzyme Technologies Ltd,https://www.bseindia.com/stockinfo/AnnPdfOpen.aspx?Pname=229f3352-6b95-4642-94a4-8f2b5ce87af0.pdf
MAHINDRA HOLIDAYS & RESORTS INDIA LTD.,https://www.bseindia.com/stockinfo/AnnPdfOpen.aspx?Pname=e1fee1e0-016b-42b0-933b-6626bd68d8b9.pdf
SAINT-GOBAIN SEKURIT INDIA LTD.,https://www.bseindia.com/stockinfo/AnnPdfOpen.aspx?Pname=8e6abc48-52a2-46d3-b172-945bef0bf400.pdf
HINDUSTAN ZINC LTD.,https://www.bseindia.com/stockinfo/AnnPdfOpen.aspx?Pname=46d1534d-bc7d-49da-b915-badb931140cf.pdf
MIRZA INTERNATIONAL LTD.,https://www.bseindia.com/stockinfo/AnnPdfOpen.aspx?Pname=87a8e614-020c-4c6f-9a45-61eb75e147f7.pdf
APOLLO TYRES LTD.,https://www.bseindia.com/stockinfo/AnnPdfOpen.aspx?Pname=47a63e59-2400-4118-adc9-ccfac8a2d879.pdf
Piramal Pharma Ltd,https://www.bseindia.com/stockinfo/AnnPdfOpen.aspx?Pname=d00e5bf7-18a4-4896-b215-fadf58c94d5a.pdf
PIX TRANSMISSIONS LTD.,https://www.bseindia.com/stockinfo/AnnPdfOpen.aspx?Pname=a5d62a48-1c65-4263-bfe0-41cf4cb8241c.pdf
JSW Holdings Limited,https://www.bseindia.com/stockinfo/AnnPdfOpen.aspx?Pname=64d834ad-a717-45f2-9cca-d36fc05205e4.pdf
COLGATE-PALMOLIVE (INDIA) LTD.,https://www.bseindia.com/stockinfo/AnnPdfOpen.aspx?Pname=e6d7499c-9b84-47a1-870c-ae1113204af2.pdf
Thangamayil Jewellery Ltd,https://www.bseindia.com/stockinfo/AnnPdfOpen.aspx?Pname=9161f24a-e34f-46ca-9ad4-c285c9f264bc.pdf
VOLTAMP TRANSFORMERS LTD.,https://www.bseindia.com/stockinfo/AnnPdfOpen.aspx?Pname=b996c1b1-2f82-4af7-9da3-c2f8d818e146.pdf
PUNJAB & SIND BANK,https://www.bseindia.com/stockinfo/AnnPdfOpen.aspx?Pname=7d605b11-3897-4b2b-9782-aea15902e7f1.pdf
Nuvoco Vistas Corporation Ltd,https://www.bseindia.com/stockinfo/AnnPdfOpen.aspx?Pname=d297ff13-cf20-43e1-acd7-3f0d7a860b9a.pdf
DR.REDDY'S LABORATORIES LTD.,https://www.bseindia.com/stockinfo/AnnPdfOpen.aspx?Pname=b1367533-75cb-4bd7-84bd-acd4cb1e65f6.pdf
Ujjivan Small Finance Bank Ltd,https://www.bseindia.com/stockinfo/AnnPdfOpen.aspx?Pname=2d48f8bb-f997-46e8-8095-16610b0de740.pdf
Syngene International Ltd,https://www.bseindia.com/stockinfo/AnnPdfOpen.aspx?Pname=bdff5a3f-96e0-4b09-b3f5-fae1bf848ef3.pdf
Tanla Platforms Ltd,https://www.bseindia.com/stockinfo/AnnPdfOpen.aspx?Pname=5698cfff-55f5-414e-a69e-5917ad5d93bb.pdf
GIC HOUSING FINANCE LTD.,https://www.bseindia.com/stockinfo/AnnPdfOpen.aspx?Pname=85ff9a9b-03d3-4f99-8e34-82e2b60363ce.pdf
SIYARAM SILK MILLS LTD.-,https://www.bseindia.com/stockinfo/AnnPdfOpen.aspx?Pname=b54c69ab-834a-44a4-b3d4-c2d43a84bd0a.pdf
TIPS INDUSTRIES LTD.,https://www.bseindia.com/stockinfo/AnnPdfOpen.aspx?Pname=b5cecaed-aa56-42ad-b01e-4548a686e57f.pdf
V-MART RETAIL LTD.,https://www.bseindia.com/stockinfo/AnnPdfOpen.aspx?Pname=8a2160b3-15db-49c3-81d0-3b2597300db3.pdf
Godrej Properties Ltd,https://www.bseindia.com/stockinfo/AnnPdfOpen.aspx?Pname=92aac7f5-0bf6-46ca-bd01-456133174f03.pdf
PAUSHAK LTD.,https://www.bseindia.com/stockinfo/AnnPdfOpen.aspx?Pname=dc6cf72e-964f-4c7b-be55-772b4da41c9d.pdf
ADOR WELDING LTD.,https://www.bseindia.com/stockinfo/AnnPdfOpen.aspx?Pname=48dd6d0c-4c68-4d3c-837d-0a51d8321b64.pdf
BLISS GVS PHARMA LTD.,https://www.bseindia.com/stockinfo/AnnPdfOpen.aspx?Pname=59a79290-d111-4b1b-a013-ecdc1cd619b7.pdf
Precision Camshafts Ltd,https://www.bseindia.com/stockinfo/AnnPdfOpen.aspx?Pname=95ea9ed2-46a6-4e76-8fb7-43eda853bc3d.pdf
HDFC Asset Management Company Ltd,https://www.bseindia.com/stockinfo/AnnPdfOpen.aspx?Pname=72789976-2818-49d1-8401-8d0d7c93e01b.pdf
LAKSHMI MACHINE WORKS LTD.,https://www.bseindia.com/stockinfo/AnnPdfOpen.aspx?Pname=94586860-b684-4c0e-864f-2b0b08b0ee4d.pdf
GRAPHITE INDIA LTD.,https://www.bseindia.com/stockinfo/AnnPdfOpen.aspx?Pname=f9934c79-01f5-4310-9b89-f1dda877b9dc.pdf
EXIDE INDUSTRIES LTD.,https://www.bseindia.com/stockinfo/AnnPdfOpen.aspx?Pname=14f42e9d-c8ec-4163-9d5d-ec1a802ac1ac.pdf
SUVEN LIFE SCIENCES LTD.,https://www.bseindia.com/stockinfo/AnnPdfOpen.aspx?Pname=907c4886-bc72-4370-9c9b-71b31c50c86a.pdf
GIC HOUSING FINANCE LTD.,https://www.bseindia.com/stockinfo/AnnPdfOpen.aspx?Pname=d0f64220-3250-4b1a-b70f-01908a6d57b9.pdf
Lloyds Engineering Works Ltd,https://www.bseindia.com/stockinfo/AnnPdfOpen.aspx?Pname=a04485f3-6b53-4d1b-8eb5-9f61c08e4926.pdf
TCPL PACKAGING LTD.-,https://www.bseindia.com/stockinfo/AnnPdfOpen.aspx?Pname=14105db5-8930-4565-97d7-ea991946e67b.pdf
APCOTEX INDUSTRIES LTD.,https://www.bseindia.com/stockinfo/AnnPdfOpen.aspx?Pname=6cadd01b-bbf4-406c-bc0c-611f9f166e52.pdf
HIL LTD.,https://www.bseindia.com/stockinfo/AnnPdfOpen.aspx?Pname=3b05b09d-bfff-4ef6-a1c9-aea4c40a9c2f.pdf
Abans Holdings Ltd,https://www.bseindia.com/stockinfo/AnnPdfOpen.aspx?Pname=5c791a9f-a79a-429d-a76d-0fd0dbc91e83.pdf
MANGALAM CEMENT LTD.,https://www.bseindia.com/stockinfo/AnnPdfOpen.aspx?Pname=c95dba97-a645-4b96-ad21-d3ca7cb71441.pdf
JSW STEEL LTD.,https://www.bseindia.com/stockinfo/AnnPdfOpen.aspx?Pname=29b49848-d896-4e8a-a5f1-aca46e8de7ab.pdf
AU Small Finance Bank Ltd,https://www.bseindia.com/stockinfo/AnnPdfOpen.aspx?Pname=78d82b07-ecfb-4f12-a921-0ea423ab75e9.pdf
PDS Ltd,https://www.bseindia.com/stockinfo/AnnPdfOpen.aspx?Pname=51c11d90-fd48-40ee-9dd1-135f856f06f6.pdf
Cholamandalam Investment and Finance Company Ltd,https://www.bseindia.com/stockinfo/AnnPdfOpen.aspx?Pname=ac13e628-bbca-4e1e-828f-3568bc011756.pdf
Happy Forgings Ltd,https://www.bseindia.com/stockinfo/AnnPdfOpen.aspx?Pname=3ada720e-4133-4090-9628-2720e87b861b.pdf
ELGI EQUIPMENTS LTD.,https://www.bseindia.com/stockinfo/AnnPdfOpen.aspx?Pname=0b7bce47-46d2-4566-a58e-a9fa47e2b0bb.pdf
INDIAN METALS & FERRO ALLOYS LTD.,https://www.bseindia.com/stockinfo/AnnPdfOpen.aspx?Pname=b52444e7-baaf-4fe9-9b66-eca99b5e5ce8.pdf
SHANTHI GEARS LTD.,https://www.bseindia.com/stockinfo/AnnPdfOpen.aspx?Pname=66375f29-4eeb-4bd2-914a-7f921210bda3.pdf
TORRENT POWER LTD.,https://www.bseindia.com/stockinfo/AnnPdfOpen.aspx?Pname=66293a05-c116-45e6-8bad-a5a52979341a.pdf
TRANSPORT CORPORATION OF INDIA LTD.,https://www.bseindia.com/stockinfo/AnnPdfOpen.aspx?Pname=d3884e71-9ef6-4f91-9fe3-4234a75f6b81.pdf
UNITED SPIRITS LTD.,https://www.bseindia.com/stockinfo/AnnPdfOpen.aspx?Pname=ff1ddb34-a8ad-4fff-a966-1fd8bd6c9df4.pdf
NOVARTIS INDIA LTD.,https://www.bseindia.com/stockinfo/AnnPdfOpen.aspx?Pname=1075eff5-117a-4dc6-9562-118d8bbb8aee.pdf
Redington Ltd,https://www.bseindia.com/stockinfo/AnnPdfOpen.aspx?Pname=13a93a7e-a537-41cf-b25e-3088c56dc2f0.pdf
SUTLEJ TEXTILES & INDUSTRIES LTD.,https://www.bseindia.com/stockinfo/AnnPdfOpen.aspx?Pname=27a922bc-8964-4958-85cf-4d3072d1d3b1.pdf
Tube Investments of India Ltd,https://www.bseindia.com/stockinfo/AnnPdfOpen.aspx?Pname=7879507b-a470-478e-b250-bd67b0fd35d9.pdf
NEULAND LABORATORIES LTD.,https://www.bseindia.com/stockinfo/AnnPdfOpen.aspx?Pname=982831e8-0f20-45e7-9b3c-abfd63006ce6.pdf
STERLITE TECHNOLOGIES LTD.,https://www.bseindia.com/stockinfo/AnnPdfOpen.aspx?Pname=ed64e26e-cb43-4433-aaab-27641b397896.pdf
Data Patterns (India) Ltd,https://www.bseindia.com/stockinfo/AnnPdfOpen.aspx?Pname=2b7d122f-d697-4ac2-9612-c91e4b6dd587.pdf
JSW Infrastructure Ltd,https://www.bseindia.com/stockinfo/AnnPdfOpen.aspx?Pname=a30bf3f7-2170-438c-ab23-083c335d90ee.pdf
GOODYEAR INDIA LTD.,https://www.bseindia.com/stockinfo/AnnPdfOpen.aspx?Pname=4cdcdade-68c4-4f06-b62f-d63c20995ba0.pdf
ALLSEC TECHNOLOGIES LTD.,https://www.bseindia.com/stockinfo/AnnPdfOpen.aspx?Pname=fbd3e838-4018-40a9-a6bb-4eafb8975b22.pdf
DIVGI TORQTRANSFER SYSTEMS Ltd,https://www.bseindia.com/stockinfo/AnnPdfOpen.aspx?Pname=de7efba8-6dba-4b5c-85de-aab85b6d4218.pdf
ARVIND LTD.,https://www.bseindia.com/stockinfo/AnnPdfOpen.aspx?Pname=a059325b-dbe5-4329-89ef-6b5ae7bbaad1.pdf
MRF LTD.,https://www.bseindia.com/stockinfo/AnnPdfOpen.aspx?Pname=f9434d1c-da0b-4b80-a21e-af17986fe116.pdf
Birlasoft Ltd,https://www.bseindia.com/stockinfo/AnnPdfOpen.aspx?Pname=00ecf71d-d680-4095-a09f-f0538fd76ec4.pdf
Shriram Finance Ltd,https://www.bseindia.com/stockinfo/AnnPdfOpen.aspx?Pname=dae397ab-d81f-43ee-9634-998751d86109.pdf
Shriram Finance Ltd,https://www.bseindia.com/stockinfo/AnnPdfOpen.aspx?Pname=748b86c6-bb3a-44f0-b171-0214653c457a.pdf
IFGL Refractories Ltd,https://www.bseindia.com/stockinfo/AnnPdfOpen.aspx?Pname=75eb992c-73c3-4bb1-bc2f-102d2b9f999f.pdf
V-GUARD INDUSTRIES LTD.,https://www.bseindia.com/stockinfo/AnnPdfOpen.aspx?Pname=c35f3f26-42ac-4452-a1a0-c53bbfc3663d.pdf
CARBORUNDUM UNIVERSAL LTD.,https://www.bseindia.com/stockinfo/AnnPdfOpen.aspx?Pname=4646195c-c941-4415-b32f-75fc1fea7bc1.pdf
BF INVESTMENT LTD.,https://www.bseindia.com/stockinfo/AnnPdfOpen.aspx?Pname=398ded0b-b706-4d70-a36b-e51de8b9cfec.pdf
VINDHYA TELELINKS LTD.,https://www.bseindia.com/stockinfo/AnnPdfOpen.aspx?Pname=20db47a7-4975-40fd-b8cc-42d959bd47a1.pdf
RANE HOLDINGS LTD.,https://www.bseindia.com/stockinfo/AnnPdfOpen.aspx?Pname=092f2c96-377c-4baf-8139-636d716faef6.pdf
NESCO LTD.,https://www.bseindia.com/stockinfo/AnnPdfOpen.aspx?Pname=f01caab9-37ac-46b7-a229-7e0738049f1f.pdf
JK TYRE & INDUSTRIES LTD.,https://www.bseindia.com/stockinfo/AnnPdfOpen.aspx?Pname=68e5592d-145f-4fb4-818e-55c0b5ce6f5f.pdf
BASF INDIA LTD.,https://www.bseindia.com/stockinfo/AnnPdfOpen.aspx?Pname=a7ac77eb-8af3-4c62-83a6-e38c72ab442a.pdf
GREAT EASTERN SHIPPING CO.LTD.,https://www.bseindia.com/stockinfo/AnnPdfOpen.aspx?Pname=e5bca013-1888-4006-9402-e77a4488a83a.pdf
Privi Speciality Chemicals Ltd,https://www.bseindia.com/stockinfo/AnnPdfOpen.aspx?Pname=1bbf86a1-bc50-4813-97f8-503dd914fd6a.pdf
Orient Electric Ltd,https://www.bseindia.com/stockinfo/AnnPdfOpen.aspx?Pname=eff5d3c3-454a-49ac-ba47-b938f16232ca.pdf
RAJRATAN GLOBAL WIRE LTD.,https://www.bseindia.com/stockinfo/AnnPdfOpen.aspx?Pname=800f3477-e09a-4806-942a-22253a7f4eaa.pdf
THERMAX LTD.,https://www.bseindia.com/stockinfo/AnnPdfOpen.aspx?Pname=91cb2b81-214b-4810-97b5-144553021d68.pdf
UNIVERSAL CABLES LTD.,https://www.bseindia.com/stockinfo/AnnPdfOpen.aspx?Pname=d2c706a2-5f33-402f-abee-12e65a76ba0b.pdf
CAMLIN FINE SCIENCES LTD.,https://www.bseindia.com/stockinfo/AnnPdfOpen.aspx?Pname=2c3eaa5f-3fda-4b05-9d2b-2c2d10e897f5.pdf
Spandana Sphoorty Financial Ltd,https://www.bseindia.com/stockinfo/AnnPdfOpen.aspx?Pname=6cb274ac-eaed-4055-ac83-60d463fc7103.pdf
CENTRUM CAPITAL LTD.,https://www.bseindia.com/stockinfo/AnnPdfOpen.aspx?Pname=be47e48a-6448-45f8-b559-41a57205c923.pdf
Laxmi Organic Industries Ltd,https://www.bseindia.com/stockinfo/AnnPdfOpen.aspx?Pname=bfddbb73-3b06-4d14-9c15-675d63888a0b.pdf
Rainbow Children's Medicare Ltd,https://www.bseindia.com/stockinfo/AnnPdfOpen.aspx?Pname=e028cd24-f6c1-4092-96d1-32cb7c50cf60.pdf
ASTEC LIFESCIENCES LIMITED,https://www.bseindia.com/stockinfo/AnnPdfOpen.aspx?Pname=0cd87103-cac8-4e25-b9f5-b1f12c22bcbb.pdf
KIRLOSKAR BROTHERS LTD.-,https://www.bseindia.com/stockinfo/AnnPdfOpen.aspx?Pname=eb2d02fd-a291-4f69-ab77-dc5f1c1994f9.pdf
ASHOK LEYLAND LTD.,https://www.bseindia.com/stockinfo/AnnPdfOpen.aspx?Pname=365bf981-6bb8-4241-b336-07a36f51a413.pdf
SUN PHARMACEUTICAL INDUSTRIES LTD.,https://www.bseindia.com/stockinfo/AnnPdfOpen.aspx?Pname=578fb28b-0f15-409b-b5d9-9abe031dd345.pdf
INDIAN HUME PIPE CO.LTD.,https://www.bseindia.com/stockinfo/AnnPdfOpen.aspx?Pname=abf06303-203b-40e6-99e7-a2771f000edb.pdf
Akzo Nobel India Limited,https://www.bseindia.com/stockinfo/AnnPdfOpen.aspx?Pname=f2b4db6b-3e05-4228-b258-d799105124bb.pdf
DCM SHRIRAM INDUSTRIES LTD.-,https://www.bseindia.com/stockinfo/AnnPdfOpen.aspx?Pname=a4c878cf-464a-4de9-8163-480363e627ea.pdf
Fairchem Organics Ltd,https://www.bseindia.com/stockinfo/AnnPdfOpen.aspx?Pname=595b1af8-6382-40a6-97aa-8e938b47ed8c.pdf
Dollar Industries Ltd,https://www.bseindia.com/stockinfo/AnnPdfOpen.aspx?Pname=8fb05750-9f74-4c7c-826e-ef6cb6806a88.pdf
Sharda Cropchem Ltd,https://www.bseindia.com/stockinfo/AnnPdfOpen.aspx?Pname=5c0c5b14-7391-4003-ac0c-4e8c2430937a.pdf
ADF FOODS LTD.-,https://www.bseindia.com/stockinfo/AnnPdfOpen.aspx?Pname=f42f27af-13e0-4e45-a4bd-89547856ad91.pdf
Cosmo First Ltd,https://www.bseindia.com/stockinfo/AnnPdfOpen.aspx?Pname=fe72aab8-b3c2-4ab8-9520-9b731a62269d.pdf
Sumitomo Chemical India Ltd,https://www.bseindia.com/stockinfo/AnnPdfOpen.aspx?Pname=ae7b7e87-9830-4a1a-87fa-5808b7285954.pdf
BAJAJ ELECTRICALS LTD.-,https://www.bseindia.com/stockinfo/AnnPdfOpen.aspx?Pname=d83ce1e9-c818-4007-9c37-aa0d38a238ff.pdf
REPCO HOME FINANCE LTD.,https://www.bseindia.com/stockinfo/AnnPdfOpen.aspx?Pname=05101928-7629-4ce2-b2da-9dd01646ceb5.pdf
GE Power India Ltd,https://www.bseindia.com/stockinfo/AnnPdfOpen.aspx?Pname=dee55566-b553-4916-bd82-8a01626fcd2e.pdf
IFB INDUSTRIES LTD.,https://www.bseindia.com/stockinfo/AnnPdfOpen.aspx?Pname=71e13748-cebd-4287-ba37-7498a29a6959.pdf
SUBEX LTD.,https://www.bseindia.com/stockinfo/AnnPdfOpen.aspx?Pname=7e370bb3-8459-40dc-8097-077f354247b1.pdf
IRM Energy Ltd,https://www.bseindia.com/stockinfo/AnnPdfOpen.aspx?Pname=ea8252eb-01f4-42ff-99d7-c7df3372ced1.pdf
LUPIN LTD.,https://www.bseindia.com/stockinfo/AnnPdfOpen.aspx?Pname=03167879-a467-4ad6-bc8d-f3813769d25c.pdf
Godrej Agrovet Ltd,https://www.bseindia.com/stockinfo/AnnPdfOpen.aspx?Pname=62b1956f-5d05-431a-a1a9-74507fc2e3be.pdf
FIEM INDUSTRIES LTD.,https://www.bseindia.com/stockinfo/AnnPdfOpen.aspx?Pname=f36085cc-79eb-4e95-94f6-5277ff7f6875.pdf
UNITED BREWERIES LTD.-,https://www.bseindia.com/stockinfo/AnnPdfOpen.aspx?Pname=587428e8-0031-4daa-b5f1-3b656abc239b.pdf
Avadh Sugar & Energy Ltd,https://www.bseindia.com/stockinfo/AnnPdfOpen.aspx?Pname=f44b31b8-e568-4bf5-8eff-821289cd1d60.pdf
INDO COUNT INDUSTRIES LTD.,https://www.bseindia.com/stockinfo/AnnPdfOpen.aspx?Pname=712dd891-773e-40e2-88ac-40ae49ec8a4f.pdf
Greenlam Industries Ltd,https://www.bseindia.com/stockinfo/AnnPdfOpen.aspx?Pname=170d5f49-0b2a-434d-90de-cb53df3a4e44.pdf
Navin Fluorine International Limited-,https://www.bseindia.com/stockinfo/AnnPdfOpen.aspx?Pname=901fa718-1970-4f9a-ab97-e879b64b8231.pdf
Hathway Cable & Datacom Ltd,https://www.bseindia.com/stockinfo/AnnPdfOpen.aspx?Pname=fc924f92-fbba-4126-a918-6dfc7bbd7fac.pdf
BALRAMPUR CHINI MILLS LTD.,https://www.bseindia.com/stockinfo/AnnPdfOpen.aspx?Pname=8bdf720a-df98-4da5-952b-cb4291284c03.pdf
Aditya Vision Ltd,https://www.bseindia.com/stockinfo/AnnPdfOpen.aspx?Pname=d1538daf-3792-475b-99a7-ab0906ddb83f.pdf
Yasho Industries Ltd,https://www.bseindia.com/stockinfo/AnnPdfOpen.aspx?Pname=2b9d26cd-fe4a-41e3-9898-c45ef55d3d5f.pdf
ZYDUS WELLNESS LTD.-,https://www.bseindia.com/stockinfo/AnnPdfOpen.aspx?Pname=a38d7f36-1677-4154-898c-bf8b0226be2e.pdf
DABUR INDIA LTD.,https://www.bseindia.com/stockinfo/AnnPdfOpen.aspx?Pname=b897bdc8-4272-4368-a9b3-9eb54cf856a2.pdf
BOSCH LTD.,https://www.bseindia.com/stockinfo/AnnPdfOpen.aspx?Pname=53dd474a-c0c9-43c8-b69d-b110d14ea0c4.pdf
VRL Logistics Ltd,https://www.bseindia.com/stockinfo/AnnPdfOpen.aspx?Pname=934baba4-28d9-43c9-8c4a-b5f50fe7656c.pdf
AXTEL INDUSTRIES LTD.,https://www.bseindia.com/stockinfo/AnnPdfOpen.aspx?Pname=6f26bb72-e1a1-4f41-b8ea-a0b5e4a79496.pdf
Orient Cement Ltd,https://www.bseindia.com/stockinfo/AnnPdfOpen.aspx?Pname=5ba1a4bb-7543-479c-8f40-b8257e73b0c8.pdf
KOKUYO CAMLIN LTD.-,https://www.bseindia.com/stockinfo/AnnPdfOpen.aspx?Pname=44913821-af18-40ec-a075-4c81bb3c916f.pdf
DATAMATICS GLOBAL SERVICES LTD.,https://www.bseindia.com/stockinfo/AnnPdfOpen.aspx?Pname=efef01b8-ba0a-43cd-b962-eef6b094ed2c.pdf
Amara Raja Energy & Mobility Ltd,https://www.bseindia.com/stockinfo/AnnPdfOpen.aspx?Pname=80203ad1-f389-4764-b8df-f0028de418fd.pdf
DHANUKA AGRITECH LTD.,https://www.bseindia.com/stockinfo/AnnPdfOpen.aspx?Pname=38c23f77-dc66-4497-98a1-55b3d2e75054.pdf
AARTI INDUSTRIES LTD.,https://www.bseindia.com/stockinfo/AnnPdfOpen.aspx?Pname=870c1fd8-98da-467b-aa3a-d6d172460e15.pdf
Vaibhav Global Ltd,https://www.bseindia.com/stockinfo/AnnPdfOpen.aspx?Pname=95192aaa-6c94-4e31-b6d9-5ad65047f9b4.pdf
UNICHEM LABORATORIES LTD.,https://www.bseindia.com/stockinfo/AnnPdfOpen.aspx?Pname=c5e54d36-f4f7-4c5d-96c8-416fc84a792e.pdf
ALEMBIC LTD.,https://www.bseindia.com/stockinfo/AnnPdfOpen.aspx?Pname=86199778-f4ac-4c29-8fe8-1db610d3e403.pdf
The Anup Engineering Ltd,https://www.bseindia.com/stockinfo/AnnPdfOpen.aspx?Pname=770bccbd-20a5-4490-a272-9c67f874f0fe.pdf
Zydus Lifesciences Ltd,https://www.bseindia.com/stockinfo/AnnPdfOpen.aspx?Pname=a33c5b14-e73c-44f5-918c-ed6bb48310ff.pdf
Galaxy Surfactants Ltd,https://www.bseindia.com/stockinfo/AnnPdfOpen.aspx?Pname=a16cbc60-3f84-4d13-87de-0a04731f4ae5.pdf
FORTIS HEALTHCARE LTD.,https://www.bseindia.com/stockinfo/AnnPdfOpen.aspx?Pname=9dfe862f-fe1e-4db6-aede-1fd1a5f37d38.pdf
GREAVES COTTON LTD.,https://www.bseindia.com/stockinfo/AnnPdfOpen.aspx?Pname=64ff8601-d44a-48ec-85c0-24da70aa994a.pdf
GRP LTD.,https://www.bseindia.com/stockinfo/AnnPdfOpen.aspx?Pname=1fb015ac-ca67-4f91-9d32-05e884544115.pdf
SUDARSHAN CHEMICAL INDUSTRIES LTD.,https://www.bseindia.com/stockinfo/AnnPdfOpen.aspx?Pname=39ca1026-a687-4ee9-b1dd-666161dd69c1.pdf
PUNJAB CHEMICALS AND CROP PROTECTION LTD.-,https://www.bseindia.com/stockinfo/AnnPdfOpen.aspx?Pname=5f1cc0fb-442e-4d72-aabd-887c37ea99e2.pdf
RELIANCE POWER LTD.,https://www.bseindia.com/stockinfo/AnnPdfOpen.aspx?Pname=984792f7-9752-4d07-9864-eb9a0c645fcb.pdf
REPCO HOME FINANCE LTD.,https://www.bseindia.com/stockinfo/AnnPdfOpen.aspx?Pname=ac858710-e4b0-4ac2-8035-56ba0a6d9aba.pdf
MAN INFRACONSTRUCTION LTD.,https://www.bseindia.com/stockinfo/AnnPdfOpen.aspx?Pname=33c2f2ca-8493-48d0-9897-a8af678d7e96.pdf
Indian Energy Exchange Ltd,https://www.bseindia.com/stockinfo/AnnPdfOpen.aspx?Pname=322e3c09-16ef-4697-8826-2b8df7dd5edf.pdf
HAWKINS COOKERS LTD.-,https://www.bseindia.com/stockinfo/AnnPdfOpen.aspx?Pname=a7169128-8bf1-44c8-b577-54cb750fbf69.pdf
NOCIL LTD.,https://www.bseindia.com/stockinfo/AnnPdfOpen.aspx?Pname=927f6f12-7cbd-4aa4-9fa6-e995464937ee.pdf
ABBOTT INDIA LTD.,https://www.bseindia.com/stockinfo/AnnPdfOpen.aspx?Pname=b9ec296d-d11c-42ec-9c37-e2a7c2a98370.pdf
Ideaforge Technology Ltd,https://www.bseindia.com/stockinfo/AnnPdfOpen.aspx?Pname=e7df2ea9-d6f5-41ab-bf19-310e7b12e19f.pdf
PIDILITE INDUSTRIES LTD.,https://www.bseindia.com/stockinfo/AnnPdfOpen.aspx?Pname=41a95e12-ef91-43c3-858c-0ce07bb22b28.pdf
SEAMEC LTD.,https://www.bseindia.com/stockinfo/AnnPdfOpen.aspx?Pname=eb0368d0-2c82-4638-a182-6fad822d2dec.pdf
Matrimony.com Ltd,https://www.bseindia.com/stockinfo/AnnPdfOpen.aspx?Pname=de182b5d-3763-4ef4-a274-39f9661baafb.pdf
JM FINANCIAL LTD.-,https://www.bseindia.com/stockinfo/AnnPdfOpen.aspx?Pname=77e67ad9-e503-4841-9ab4-170c83e55531.pdf
PAGE INDUSTRIES LTD.,https://www.bseindia.com/stockinfo/AnnPdfOpen.aspx?Pname=59a5d43d-aa0f-491f-bf48-5a340519f255.pdf
Aditya Birla Sun Life AMC Ltd,https://www.bseindia.com/stockinfo/AnnPdfOpen.aspx?Pname=ead8f1e4-dc41-4ed8-b06f-f7771e89b026.pdf
Pricol Ltd,https://www.bseindia.com/stockinfo/AnnPdfOpen.aspx?Pname=0ffd0cd3-3450-412f-8572-59043a9f06b0.pdf
SHREE CEMENT LTD.,https://www.bseindia.com/stockinfo/AnnPdfOpen.aspx?Pname=a7256848-6c60-4737-b78c-05cb4200f29d.pdf
AAVAS Financiers Ltd,https://www.bseindia.com/stockinfo/AnnPdfOpen.aspx?Pname=8142d133-2600-4121-87cb-38b57e3c4900.pdf
MARICO LTD.,https://www.bseindia.com/stockinfo/AnnPdfOpen.aspx?Pname=25275735-08e8-4d38-be47-085259336224.pdf
AVANTI FEEDS LTD.-,https://www.bseindia.com/stockinfo/AnnPdfOpen.aspx?Pname=4874d667-b18f-4ce1-ab5b-84b93e4da918.pdf
BOMBAY DYEING & MFG.CO.LTD.,https://www.bseindia.com/stockinfo/AnnPdfOpen.aspx?Pname=3a542d87-8fde-48d5-a6d9-332d814506b6.pdf
RELIANCE INFRASTRUCTURE LTD.,https://www.bseindia.com/stockinfo/AnnPdfOpen.aspx?Pname=dc7efc4b-f804-41c9-9de1-4f0bbfa21283.pdf
AUTOMOTIVE AXLES LTD.,https://www.bseindia.com/stockinfo/AnnPdfOpen.aspx?Pname=c0c34f07-9985-47b8-bde9-dd80f421bc49.pdf
CUMMINS INDIA LTD.,https://www.bseindia.com/stockinfo/AnnPdfOpen.aspx?Pname=f97575a4-7267-4f8a-92bf-80e7a5e4c095.pdf
KIRLOSKAR OIL ENGINES LTD.,https://www.bseindia.com/stockinfo/AnnPdfOpen.aspx?Pname=aa8d51cc-0f8e-44aa-80b0-9c6a33f54d42.pdf
BIRLA CORPORATION LTD.,https://www.bseindia.com/stockinfo/AnnPdfOpen.aspx?Pname=4d34cca7-206e-4656-bdc6-c5a17ee4a3b4.pdf
Nuvama Wealth Management Ltd,https://www.bseindia.com/stockinfo/AnnPdfOpen.aspx?Pname=c2b03f50-a4cf-440a-a1e1-6c7f9f2bcca3.pdf
EIH ASSOCIATED HOTELS LTD.-,https://www.bseindia.com/stockinfo/AnnPdfOpen.aspx?Pname=ad201aab-8751-4a93-b999-80bbf5df0f42.pdf
CAN FIN HOMES LTD.,https://www.bseindia.com/stockinfo/AnnPdfOpen.aspx?Pname=1fcf210a-afb7-4f6e-80c4-899e6a433d8f.pdf
TVS MOTOR COMPANY LTD.,https://www.bseindia.com/stockinfo/AnnPdfOpen.aspx?Pname=52768a13-843f-488e-8749-d839c7c0cb7f.pdf
Chemplast Sanmar Ltd,https://www.bseindia.com/stockinfo/AnnPdfOpen.aspx?Pname=b41577ae-3c5b-4f19-ab54-47b579805b92.pdf
Barbeque-Nation Hospitality Ltd,https://www.bseindia.com/stockinfo/AnnPdfOpen.aspx?Pname=b46a4367-3e4c-4100-aa11-e7615705e82e.pdf
SONATA SOFTWARE LTD.,https://www.bseindia.com/stockinfo/AnnPdfOpen.aspx?Pname=75b0fb0d-000f-4579-89c5-1a67581f160a.pdf
Symphony Limited,https://www.bseindia.com/stockinfo/AnnPdfOpen.aspx?Pname=52006b6d-7d6b-451e-8b5f-a284605618a4.pdf
IIFL Securities Ltd,https://www.bseindia.com/stockinfo/AnnPdfOpen.aspx?Pname=120a3247-c25b-48aa-bb08-308dd6525456.pdf
BLUE STAR LTD.,https://www.bseindia.com/stockinfo/AnnPdfOpen.aspx?Pname=d44014cd-9700-40ce-aae8-a5f50cc8fe8a.pdf
HONEYWELL AUTOMATION INDIA LTD.,https://www.bseindia.com/stockinfo/AnnPdfOpen.aspx?Pname=94c763fb-aacb-48fc-9c31-6be13c51db12.pdf
CHENNAI PETROLEUM CORPORATION LTD.,https://www.bseindia.com/stockinfo/AnnPdfOpen.aspx?Pname=37e69ca8-43f0-40b3-a7e0-e0f96966e63e.pdf
SAKSOFT LTD.,https://www.bseindia.com/stockinfo/AnnPdfOpen.aspx?Pname=540952d4-073a-41f6-b644-1df65a78ef22.pdf
TRIDENT LTD.,https://www.bseindia.com/stockinfo/AnnPdfOpen.aspx?Pname=45b107c1-fdd2-49af-92c8-8f80a2db9e31.pdf
RBL Bank Ltd,https://www.bseindia.com/stockinfo/AnnPdfOpen.aspx?Pname=a89a3131-d2a1-4ca8-8f7d-2a6995c224c2.pdf
ORIENTAL CARBON & CHEMICALS LTD.-,https://www.bseindia.com/stockinfo/AnnPdfOpen.aspx?Pname=79a730f4-ac37-4167-8fff-e8b37205f687.pdf
ATUL LTD.,https://www.bseindia.com/stockinfo/AnnPdfOpen.aspx?Pname=2b45e78e-e8bb-4c65-95d4-c36e762632a2.pdf
Satin Creditcare Network Ltd,https://www.bseindia.com/stockinfo/AnnPdfOpen.aspx?Pname=1fbbd111-4f46-4148-b3db-7e33bc6461f9.pdf
GMM PFAUDLER LTD.,https://www.bseindia.com/stockinfo/AnnPdfOpen.aspx?Pname=04cc68c6-8e19-454d-8852-6fb4d9706d36.pdf
SAFARI INDUSTRIES (INDIA) LTD.,https://www.bseindia.com/stockinfo/AnnPdfOpen.aspx?Pname=d5fa7032-b156-4fe5-8671-99087d4fb2d2.pdf
Jupiter Life Line Hospitals Ltd,https://www.bseindia.com/stockinfo/AnnPdfOpen.aspx?Pname=4edf5432-b373-46e9-bd41-2e720e6a878f.pdf
V.I.P.INDUSTRIES LTD.-,https://www.bseindia.com/stockinfo/AnnPdfOpen.aspx?Pname=25367713-f6cd-408b-a7f9-9e31744d953b.pdf
BATA INDIA LTD.,https://www.bseindia.com/stockinfo/AnnPdfOpen.aspx?Pname=89809cce-46f1-4e78-b643-c6f574f91985.pdf
MUKAND LTD.,https://www.bseindia.com/stockinfo/AnnPdfOpen.aspx?Pname=d884cd69-3f3a-4f5e-a138-a24686b0eb3b.pdf
Kamdhenu Ltd,https://www.bseindia.com/stockinfo/AnnPdfOpen.aspx?Pname=cb0302c8-945c-41ae-a7f3-886d10d16937.pdf
NEULAND LABORATORIES LTD.,https://www.bseindia.com/stockinfo/AnnPdfOpen.aspx?Pname=cd3a2122-a39d-48e1-9fa7-3d731ad01ca0.pdf
DIVI'S LABORATORIES LTD.,https://www.bseindia.com/stockinfo/AnnPdfOpen.aspx?Pname=3173c1d1-cc86-497f-b4c8-445d0dbcb862.pdf
R R Kabel Ltd,https://www.bseindia.com/stockinfo/AnnPdfOpen.aspx?Pname=e855596b-16ca-4341-b575-25a51ee7db1b.pdf
BRIGADE ENTERPRISES LTD.,https://www.bseindia.com/stockinfo/AnnPdfOpen.aspx?Pname=290f5a46-e256-4824-955c-4aa1edbb8a52.pdf
IGARASHI MOTORS INDIA LTD.,https://www.bseindia.com/stockinfo/AnnPdfOpen.aspx?Pname=af5e0c46-4917-4750-b59f-531f58ed06c4.pdf
GRANULES INDIA LTD.-,https://www.bseindia.com/stockinfo/AnnPdfOpen.aspx?Pname=10eccbf6-3282-4792-9fe3-f79fc355fb08.pdf
Go Fashion (India) Ltd,https://www.bseindia.com/stockinfo/AnnPdfOpen.aspx?Pname=bbe50799-5141-4c74-93fa-533b9c134eb9.pdf
DISA INDIA LTD.,https://www.bseindia.com/stockinfo/AnnPdfOpen.aspx?Pname=8ff41fba-22c5-47ad-8809-77b6eb913309.pdf
Bajaj Consumer Care Ltd,https://www.bseindia.com/stockinfo/AnnPdfOpen.aspx?Pname=f2a87ee7-9c55-44aa-ab27-dd116f1b6138.pdf
ZENSAR TECHNOLOGIES LTD.,https://www.bseindia.com/stockinfo/AnnPdfOpen.aspx?Pname=de47c101-178a-4a00-bafb-cd583970ac5a.pdf
3M INDIA LTD.,https://www.bseindia.com/stockinfo/AnnPdfOpen.aspx?Pname=e5dc3525-3445-448a-a314-e5297718c7a5.pdf
Sobha Limited,https://www.bseindia.com/stockinfo/AnnPdfOpen.aspx?Pname=01b7f437-6321-415b-8973-42bcbf81a479.pdf
Aarti Pharmalabs Ltd,https://www.bseindia.com/stockinfo/AnnPdfOpen.aspx?Pname=d3290536-eb49-4d96-8dd4-3a099d9713fe.pdf
Chalet Hotels Ltd,https://www.bseindia.com/stockinfo/AnnPdfOpen.aspx?Pname=1701ee02-67c9-4782-a988-e50a24e76c2b.pdf
Ugro Capital Ltd,https://www.bseindia.com/stockinfo/AnnPdfOpen.aspx?Pname=a3972c57-58d8-4573-b489-aae09acf997a.pdf
RADICO KHAITAN LTD.,https://www.bseindia.com/stockinfo/AnnPdfOpen.aspx?Pname=7a2e799e-2b32-484f-988b-42ca709a69d5.pdf
EIH LTD.,https://www.bseindia.com/stockinfo/AnnPdfOpen.aspx?Pname=1da3e555-be5b-4dc6-9a86-d88254b34596.pdf
CMS Info Systems Ltd,https://www.bseindia.com/stockinfo/AnnPdfOpen.aspx?Pname=ca3f13c8-08b2-4f71-862f-d2d109315c08.pdf
ANJANI PORTLAND CEMENT LTD.-,https://www.bseindia.com/stockinfo/AnnPdfOpen.aspx?Pname=b65fb18f-6ed7-4db0-9bfa-77f6603b1d42.pdf
WHIRLPOOL OF INDIA LTD.,https://www.bseindia.com/stockinfo/AnnPdfOpen.aspx?Pname=ce4586e4-0f64-4cf7-b122-35798e95bdb3.pdf
TVS Holdings Ltd,https://www.bseindia.com/stockinfo/AnnPdfOpen.aspx?Pname=953ea61a-b825-4074-b802-f183e00e3238.pdf
KOVAI MEDICAL CENTER & HOSPITAL LTD.,https://www.bseindia.com/stockinfo/AnnPdfOpen.aspx?Pname=7b27ce1c-214c-4414-9452-b9eb8cafd527.pdf
ASTRAZENECA PHARMA INDIA LTD.,https://www.bseindia.com/stockinfo/AnnPdfOpen.aspx?Pname=833d94cf-b028-4e5b-99b4-11a43bb46f70.pdf
WPIL LTD.,https://www.bseindia.com/stockinfo/AnnPdfOpen.aspx?Pname=91f4bae0-be2d-4222-b749-ca63992b99e0.pdf
Prism Johnson Ltd,https://www.bseindia.com/stockinfo/AnnPdfOpen.aspx?Pname=1db6d0eb-2908-4926-a10d-efa321121a47.pdf
Linde India Limited,https://www.bseindia.com/stockinfo/AnnPdfOpen.aspx?Pname=85dc0843-f279-4840-8638-b45409c0bcb4.pdf
SHILCHAR TECHNOLOGIES LTD.,https://www.bseindia.com/stockinfo/AnnPdfOpen.aspx?Pname=d52af26d-c5df-4d7e-81dc-fc0cd4d1944e.pdf
BHARAT FORGE LTD.,https://www.bseindia.com/stockinfo/AnnPdfOpen.aspx?Pname=7521c450-3eff-4fab-a8a4-0dd59f61490b.pdf
Nava Ltd,https://www.bseindia.com/stockinfo/AnnPdfOpen.aspx?Pname=28a6e833-6364-4b88-b489-e1f051bff622.pdf
CENTUM ELECTRONICS LTD.,https://www.bseindia.com/stockinfo/AnnPdfOpen.aspx?Pname=f6fc013e-1235-44f4-b1d8-4f9c6c3eceb6.pdf
Sundaram-Clayton Ltd,https://www.bseindia.com/stockinfo/AnnPdfOpen.aspx?Pname=8c37e689-4d15-47a5-852d-f3ce54bee3a6.pdf
Suven Pharmaceuticals Ltd,https://www.bseindia.com/stockinfo/AnnPdfOpen.aspx?Pname=4c66862f-c4f0-42dd-a751-eb3ed56ddb98.pdf
COROMANDEL INTERNATIONAL LTD.,https://www.bseindia.com/stockinfo/AnnPdfOpen.aspx?Pname=58bf4c48-98ec-49c6-94b3-2916539b207a.pdf
DLF LTD.,https://www.bseindia.com/stockinfo/AnnPdfOpen.aspx?Pname=5298a594-13e9-4f1f-87f2-aad629976ac9.pdf
GODREJ CONSUMER PRODUCTS LTD.,https://www.bseindia.com/stockinfo/AnnPdfOpen.aspx?Pname=627c147d-c99a-413b-b31b-145049b78ce7.pdf
IPCA LABORATORIES LTD.,https://www.bseindia.com/stockinfo/AnnPdfOpen.aspx?Pname=e76f7b18-6722-435b-8eba-c89cd5b7d198.pdf
BAYER CROPSCIENCE LTD.,https://www.bseindia.com/stockinfo/AnnPdfOpen.aspx?Pname=66d83956-f813-4fa1-82d0-7c39116816ac.pdf
CreditAccess Grameen Ltd,https://www.bseindia.com/stockinfo/AnnPdfOpen.aspx?Pname=e7104db9-c5fa-4acd-86da-15ae9c1e67ca.pdf
SUNDRAM FASTENERS LTD.,https://www.bseindia.com/stockinfo/AnnPdfOpen.aspx?Pname=cce24e95-5e19-4097-ba93-1821e47fb3c5.pdf
BHAGIRADHA CHEMICALS & INDUSTRIES LTD.,https://www.bseindia.com/stockinfo/AnnPdfOpen.aspx?Pname=d351754e-7457-4b47-b8c0-8b7d0b6e9202.pdf
C.E. Info Systems Ltd,https://www.bseindia.com/stockinfo/AnnPdfOpen.aspx?Pname=2de12389-67c0-444d-8f15-d31376fed142.pdf
SKF India Ltd,https://www.bseindia.com/stockinfo/AnnPdfOpen.aspx?Pname=b02b7f5c-c498-42cf-b9a4-7ff1bcf4abcb.pdf
PNB Housing Finance Ltd,https://www.bseindia.com/stockinfo/AnnPdfOpen.aspx?Pname=f32857cc-f884-4e59-bf46-9ddd1676154b.pdf
Sapphire Foods India Ltd,https://www.bseindia.com/stockinfo/AnnPdfOpen.aspx?Pname=5d510fbb-7168-4219-800d-89d8938d8c23.pdf
MPS LTD.,https://www.bseindia.com/stockinfo/AnnPdfOpen.aspx?Pname=16d878e0-f2ec-4494-8fce-af1f87b63728.pdf
TASTY BITE EATABLES LTD.,https://www.bseindia.com/stockinfo/AnnPdfOpen.aspx?Pname=3b653ca9-8615-4c15-b4b6-55ce128cab48.pdf
Jtekt India Ltd,https://www.bseindia.com/stockinfo/AnnPdfOpen.aspx?Pname=b32be353-2963-4f1c-a56a-576268338533.pdf
HERCULES HOISTS LTD.,https://www.bseindia.com/stockinfo/AnnPdfOpen.aspx?Pname=4d615148-0f51-4725-9dd9-bac33e8b45dc.pdf
T D POWER SYSTEMS LTD.,https://www.bseindia.com/stockinfo/AnnPdfOpen.aspx?Pname=3cab45a8-2af6-4e6f-873e-2a86ae0c264d.pdf
Mankind Pharma Ltd,https://www.bseindia.com/stockinfo/AnnPdfOpen.aspx?Pname=f72ad9a1-6eb2-419e-ab93-7ab5749e68c1.pdf
TVS Supply Chain Solutions Ltd,https://www.bseindia.com/stockinfo/AnnPdfOpen.aspx?Pname=c192de3b-2216-4304-949e-43960e9cf0f4.pdf
SUN PHARMA ADVANCED RESEARCH COMPANY LTD.,https://www.bseindia.com/stockinfo/AnnPdfOpen.aspx?Pname=1869a166-20e5-4d62-9ec1-fd68b497cdae.pdf
REPRO INDIA LTD.,https://www.bseindia.com/stockinfo/AnnPdfOpen.aspx?Pname=cf43fe6c-80a8-4ef3-ba2c-7c2df6acd6e0.pdf
WEST COAST PAPER MILLS LTD.,https://www.bseindia.com/stockinfo/AnnPdfOpen.aspx?Pname=205807c0-fd43-4b6b-ae99-11e7a5f5488b.pdf
INSECTICIDES (INDIA) LTD.,https://www.bseindia.com/stockinfo/AnnPdfOpen.aspx?Pname=2a383ebd-7d53-4670-b4ac-9e334058a3f3.pdf
DIVGI TORQTRANSFER SYSTEMS Ltd,https://www.bseindia.com/stockinfo/AnnPdfOpen.aspx?Pname=2b30497a-22b5-4e79-a684-c2ce331b3d76.pdf
CONTROL PRINT LTD.-,https://www.bseindia.com/stockinfo/AnnPdfOpen.aspx?Pname=71aa9dc8-37e7-45c9-8a9c-62621584458b.pdf
HDFC Bank Ltd,https://www.bseindia.com/stockinfo/AnnPdfOpen.aspx?Pname=80485da6-ff55-4c3e-ba9c-4d51a3d5ed44.pdf
The Ramco Cements Limited,https://www.bseindia.com/stockinfo/AnnPdfOpen.aspx?Pname=068e494c-bf87-4227-a91a-a65726b0c867.pdf
AVT NATURAL PRODUCTS LTD.,https://www.bseindia.com/stockinfo/AnnPdfOpen.aspx?Pname=a0062ee2-e8a3-4e2f-a5c5-dffa0f75a26b.pdf
Indigo Paints Ltd,https://www.bseindia.com/stockinfo/AnnPdfOpen.aspx?Pname=e0ab27ce-8df0-49ee-936b-e4aeb96ccc56.pdf
Gloster Ltd,https://www.bseindia.com/stockinfo/AnnPdfOpen.aspx?Pname=3a919301-6341-4136-9dcf-41e92dbd41d2.pdf
INDIAN OIL CORPORATION LTD.,https://www.bseindia.com/stockinfo/AnnPdfOpen.aspx?Pname=2e69c512-6396-434f-abe8-d19b55e42bc2.pdf
GRP LTD.,https://www.bseindia.com/stockinfo/AnnPdfOpen.aspx?Pname=833f9491-7dbc-4a73-96e7-ed17a89035f4.pdf
Angel One Ltd,https://www.bseindia.com/stockinfo/AnnPdfOpen.aspx?Pname=c43e39b6-e9ee-4678-bca3-7cef9d9cb97d.pdf
SBI Cards and Payment Services Ltd,https://www.bseindia.com/stockinfo/AnnPdfOpen.aspx?Pname=4580b576-7369-4f47-8940-3b202c248074.pdf
USHA MARTIN LTD.,https://www.bseindia.com/stockinfo/AnnPdfOpen.aspx?Pname=e2ea80c6-9d4d-466c-91cb-b3be2acff428.pdf
Cholamandalam Financial Holdings Ltd,https://www.bseindia.com/stockinfo/AnnPdfOpen.aspx?Pname=89b49226-47b4-47e4-babd-c8d2de499d1c.pdf
BIOCON LTD.,https://www.bseindia.com/stockinfo/AnnPdfOpen.aspx?Pname=a9ad3cad-a545-4f88-a00e-bf33489b54f0.pdf
Cello World Ltd,https://www.bseindia.com/stockinfo/AnnPdfOpen.aspx?Pname=93038e76-56e4-4a5a-84af-6b7de582ee40.pdf
Amber Enterprises India Ltd,https://www.bseindia.com/stockinfo/AnnPdfOpen.aspx?Pname=af848540-c3d3-45a9-890a-132afa70c92f.pdf
BRITANNIA INDUSTRIES LTD.,https://www.bseindia.com/stockinfo/AnnPdfOpen.aspx?Pname=88dbe3e9-e2b7-4b50-93ab-5dd4efab7a11.pdf
Infibeam Avenues Ltd,https://www.bseindia.com/stockinfo/AnnPdfOpen.aspx?Pname=e510c11a-2cdf-4bdb-b21a-1e109461318d.pdf
Andhra Paper Ltd,https://www.bseindia.com/stockinfo/AnnPdfOpen.aspx?Pname=e2de02e3-663d-4794-acac-d2c031a0bd6a.pdf
GODREJ INDUSTRIES LTD.,https://www.bseindia.com/stockinfo/AnnPdfOpen.aspx?Pname=c6393742-90aa-40bb-9e75-0d7b41cf4414.pdf
GRASIM INDUSTRIES LTD.,https://www.bseindia.com/stockinfo/AnnPdfOpen.aspx?Pname=a4bf5bc5-abae-4f58-92e7-3c5249609d29.pdf
HERO MOTOCORP LTD.,https://www.bseindia.com/stockinfo/AnnPdfOpen.aspx?Pname=1f7f2034-9645-4716-8a51-6af268de5191.pdf
EVEREST INDUSTRIES LTD.,https://www.bseindia.com/stockinfo/AnnPdfOpen.aspx?Pname=37febe21-7779-4052-963b-aeb9277bb667.pdf
RAMCO SYSTEMS LTD.,https://www.bseindia.com/stockinfo/AnnPdfOpen.aspx?Pname=6bc055ca-ce45-41d7-8c8a-ba2967e2d023.pdf
BERGER PAINTS INDIA LTD.,https://www.bseindia.com/stockinfo/AnnPdfOpen.aspx?Pname=b9e13207-635f-48a6-8ec3-69ff3e948cbd.pdf
ESAF Small Finance Bank Ltd,https://www.bseindia.com/stockinfo/AnnPdfOpen.aspx?Pname=2e93e111-02f9-401c-b8b6-6a437364260e.pdf
Fermenta Biotech Ltd,https://www.bseindia.com/stockinfo/AnnPdfOpen.aspx?Pname=fe1eedfb-00bf-4dfd-902f-571079769ece.pdf
DEEPAK NITRITE LTD.-,https://www.bseindia.com/stockinfo/AnnPdfOpen.aspx?Pname=68369b3e-f373-4bb0-8f1d-7ee78440c238.pdf
AJMERA REALTY & INFRA INDIA LTD.,https://www.bseindia.com/stockinfo/AnnPdfOpen.aspx?Pname=d7ca0bce-9554-4fd4-9f71-8e42b979ad33.pdf
UGAR SUGAR WORKS LTD.-,https://www.bseindia.com/stockinfo/AnnPdfOpen.aspx?Pname=fa63399b-31f4-42a9-9ad1-0f37bebc8411.pdf
TAJGVK HOTELS & RESORTS LTD.,https://www.bseindia.com/stockinfo/AnnPdfOpen.aspx?Pname=cdfae64d-8723-45d9-b7ce-755c82f52e12.pdf
MANAPPURAM FINANCE LTD.,https://www.bseindia.com/stockinfo/AnnPdfOpen.aspx?Pname=2741644c-a37a-40f0-901b-ab9df91991ca.pdf
Aptus Value Housing Finance India Ltd,https://www.bseindia.com/stockinfo/AnnPdfOpen.aspx?Pname=75b982f1-5527-4ed2-a481-98bce823136a.pdf
BOMBAY BURMAH TRADING CORP.LTD.,https://www.bseindia.com/stockinfo/AnnPdfOpen.aspx?Pname=191d0b67-f246-452f-a392-4b8974e31801.pdf
HCL TECHNOLOGIES LTD.,https://www.bseindia.com/stockinfo/AnnPdfOpen.aspx?Pname=091c00fc-2f46-4ff6-983e-942776b28c63.pdf
Hitachi Energy India Ltd,https://www.bseindia.com/stockinfo/AnnPdfOpen.aspx?Pname=3bc7cec2-b9a7-4cad-96cf-5358988401b0.pdf
ULTRATECH CEMENT LTD.,https://www.bseindia.com/stockinfo/AnnPdfOpen.aspx?Pname=b0102152-537a-4575-8183-5c132aba5fdf.pdf
TCI Express Ltd,https://www.bseindia.com/stockinfo/AnnPdfOpen.aspx?Pname=9fce7eaf-6bc4-49e1-81ca-87cdd5c0aa14.pdf
Sportking India Ltd,https://www.bseindia.com/stockinfo/AnnPdfOpen.aspx?Pname=1f97dcb5-f8ef-4789-9511-ad238b5a9251.pdf
JAMMU & KASHMIR BANK LTD.,https://www.bseindia.com/stockinfo/AnnPdfOpen.aspx?Pname=7419f55f-abeb-4b49-a163-09e0e33821ff.pdf
Aditya Birla Capital Ltd,https://www.bseindia.com/stockinfo/AnnPdfOpen.aspx?Pname=e286e5ab-2c15-4317-b23f-256e3b0837ef.pdf
Minda Corporation Ltd,https://www.bseindia.com/stockinfo/AnnPdfOpen.aspx?Pname=7263a4b8-82f5-48ba-aa4f-41e5af2c481d.pdf
YES BANK LTD.,https://www.bseindia.com/stockinfo/AnnPdfOpen.aspx?Pname=4331fe66-f1ba-4809-bfc3-49433fc97568.pdf
E.I.D.-PARRY (INDIA) LTD.,https://www.bseindia.com/stockinfo/AnnPdfOpen.aspx?Pname=98adee2a-9cd4-44d1-992e-c2fb999170bb.pdf
GABRIEL INDIA LTD.-,https://www.bseindia.com/stockinfo/AnnPdfOpen.aspx?Pname=cc452bcc-32f3-48db-bfe8-58712657835a.pdf
VA TECH WABAG LTD.,https://www.bseindia.com/stockinfo/AnnPdfOpen.aspx?Pname=77c2b5aa-f58c-42bf-a8ca-a754121c029c.pdf
MOTILAL OSWAL FINANCIAL SERVICES LTD.,https://www.bseindia.com/stockinfo/AnnPdfOpen.aspx?Pname=4dfe3e6d-5ded-466c-9932-f9a4735468bd.pdf
Kalyan Jewellers India Ltd,https://www.bseindia.com/stockinfo/AnnPdfOpen.aspx?Pname=412cdd63-e72d-45f9-b37e-d2037fe609b1.pdf
LLOYDS METALS AND ENERGY LTD.,https://www.bseindia.com/stockinfo/AnnPdfOpen.aspx?Pname=d1b901e5-dc28-4404-851e-9b5e93031333.pdf
S.J.S. Enterprises Ltd,https://www.bseindia.com/stockinfo/AnnPdfOpen.aspx?Pname=17446f38-c109-4c61-81db-62e9cb12a6a7.pdf
INGERSOLL-RAND (INDIA) LTD.,https://www.bseindia.com/stockinfo/AnnPdfOpen.aspx?Pname=87bd7475-638d-4819-866c-56a794ba2ab2.pdf
KALYANI STEELS LTD.,https://www.bseindia.com/stockinfo/AnnPdfOpen.aspx?Pname=b1a6703b-54d7-4437-8bb4-b03f3a7dcc6f.pdf
TIMKEN INDIA LTD.,https://www.bseindia.com/stockinfo/AnnPdfOpen.aspx?Pname=2d00e8b4-0690-4605-a0bc-b840cd6cfa8c.pdf
RAMCO INDUSTRIES LTD.,https://www.bseindia.com/stockinfo/AnnPdfOpen.aspx?Pname=a2e94c92-a864-49d0-8f23-43d5ce83fabb.pdf
ROSSELL INDIA LTD.,https://www.bseindia.com/stockinfo/AnnPdfOpen.aspx?Pname=ae273f88-0436-457f-95b8-7dc51e1ed053.pdf
Music Broadcast Ltd,https://www.bseindia.com/stockinfo/AnnPdfOpen.aspx?Pname=06e378af-a93b-4b0b-b145-17ac7cde108f.pdf
UDAIPUR CEMENT WORKS LTD.,https://www.bseindia.com/stockinfo/AnnPdfOpen.aspx?Pname=46981f57-79e5-42fe-b29c-f9c9b42a67f1.pdf
Arvind Fashions Ltd,https://www.bseindia.com/stockinfo/AnnPdfOpen.aspx?Pname=9ea7e6f3-21e9-4dca-8a7a-389a6d21b453.pdf
Heritage Foods Limited,https://www.bseindia.com/stockinfo/AnnPdfOpen.aspx?Pname=f5e43365-e43a-4f72-a996-39f76bd32cbb.pdf
JAI CORP LTD.,https://www.bseindia.com/stockinfo/AnnPdfOpen.aspx?Pname=36fc9f1e-87f6-450b-b00e-54a9ebce537a.pdf
HEXA TRADEX LTD.,https://www.bseindia.com/stockinfo/AnnPdfOpen.aspx?Pname=cff56c41-9ce2-464b-9603-dcbb8cbd8891.pdf
Endurance Technologies Ltd,https://www.bseindia.com/stockinfo/AnnPdfOpen.aspx?Pname=738ac687-3c0d-4261-9ab5-052272e46dfc.pdf
EVEREADY INDUSTRIES INDIA LTD.,https://www.bseindia.com/stockinfo/AnnPdfOpen.aspx?Pname=03411ef1-2435-4f58-abaf-2df9101e82fc.pdf
Avenue Supermarts Ltd,https://www.bseindia.com/stockinfo/AnnPdfOpen.aspx?Pname=5927977c-9751-40a4-94ac-d2dc5c2a1567.pdf
Fine Organic Industries Ltd,https://www.bseindia.com/stockinfo/AnnPdfOpen.aspx?Pname=8d9fe46e-c07a-48bf-aab9-add7cb3af067.pdf
Astral Ltd,https://www.bseindia.com/stockinfo/AnnPdfOpen.aspx?Pname=4170d7e8-438c-4ac7-8187-b82ab953f933.pdf
Route Mobile Ltd,https://www.bseindia.com/stockinfo/AnnPdfOpen.aspx?Pname=780db954-798f-4968-b65a-b2cc66bdaf48.pdf
KOLTE-PATIL DEVELOPERS LTD.,https://www.bseindia.com/stockinfo/AnnPdfOpen.aspx?Pname=29cdadbf-bf33-4ca9-abb1-a9caec2aaabb.pdf
PRAJ INDUSTRIES LTD.,https://www.bseindia.com/stockinfo/AnnPdfOpen.aspx?Pname=0e640aee-a22d-43a3-bae7-660429dd49a7.pdf
S H Kelkar and Company Ltd,https://www.bseindia.com/stockinfo/AnnPdfOpen.aspx?Pname=1256e09a-ef85-437b-95bb-a8cb3c035f10.pdf
HESTER BIOSCIENCES LTD.,https://www.bseindia.com/stockinfo/AnnPdfOpen.aspx?Pname=f1e96685-e294-4983-8f98-b288bc66fa2a.pdf
Alkem Laboratories Ltd,https://www.bseindia.com/stockinfo/AnnPdfOpen.aspx?Pname=6d411ffc-5dc5-4aff-b073-cce17d3f96de.pdf
MANGALORE REFINERY & PETROCHEMICALS LTD.,https://www.bseindia.com/stockinfo/AnnPdfOpen.aspx?Pname=d1d92224-56a6-4ea5-9907-55df890ab59c.pdf
Dhunseri Ventures Ltd-,https://www.bseindia.com/stockinfo/AnnPdfOpen.aspx?Pname=c9c3bf76-f8a9-4651-8218-4bc864a6fe61.pdf
J.B.CHEMICALS & PHARMACEUTICALS LTD.,https://www.bseindia.com/stockinfo/AnnPdfOpen.aspx?Pname=030f7e34-01f3-47f7-b10a-e18768e0d79e.pdf
CIPLA LTD.,https://www.bseindia.com/stockinfo/AnnPdfOpen.aspx?Pname=7df04df6-1591-4b69-9127-ec80043a747f.pdf
IKIO Lighting Ltd,https://www.bseindia.com/stockinfo/AnnPdfOpen.aspx?Pname=e8b38233-e7a1-4e7c-a88e-3fbaeaf94fdd.pdf
Oriental Aromatics Ltd-,https://www.bseindia.com/stockinfo/AnnPdfOpen.aspx?Pname=109de887-f2cb-48cb-a971-fb935a531da1.pdf
COAL INDIA LTD.,https://www.bseindia.com/stockinfo/AnnPdfOpen.aspx?Pname=ec128646-dd5c-4a21-a9f4-4c4315da6c67.pdf
Navneet Education Limited,https://www.bseindia.com/stockinfo/AnnPdfOpen.aspx?Pname=72dd8eaf-1cb3-49a4-882d-8bdcd58bd076.pdf
Tega Industries Ltd,https://www.bseindia.com/stockinfo/AnnPdfOpen.aspx?Pname=0bc9bdda-6db4-401e-b6d7-af7f2d5463fc.pdf
RPSG Ventures Ltd,https://www.bseindia.com/stockinfo/AnnPdfOpen.aspx?Pname=1fff78c5-a69d-42be-963f-1210f93e7fd3.pdf
HINDUSTAN PETROLEUM CORPORATION LTD.,https://www.bseindia.com/stockinfo/AnnPdfOpen.aspx?Pname=45247a55-e839-4448-a26c-b38a83bd7992.pdf
Orchid Pharma Ltd,https://www.bseindia.com/stockinfo/AnnPdfOpen.aspx?Pname=e5d2841f-d928-4b5a-9d9f-d894d35fad43.pdf
CESC LTD.,https://www.bseindia.com/stockinfo/AnnPdfOpen.aspx?Pname=f55972ef-f55a-48a0-9f81-9ece3247f850.pdf
Bandhan Bank Ltd,https://www.bseindia.com/stockinfo/AnnPdfOpen.aspx?Pname=b7686c2a-35b3-4339-9f8a-1e1f5c3c8709.pdf
TTK PRESTIGE LTD.,https://www.bseindia.com/stockinfo/AnnPdfOpen.aspx?Pname=85a83774-f1fa-4fb9-a9a9-62031c9530f3.pdf
HATSUN AGRO PRODUCT LTD.,https://www.bseindia.com/stockinfo/AnnPdfOpen.aspx?Pname=a85b2e3d-7d06-47cb-be6a-7ed53fee4abe.pdf
BHARAT HEAVY ELECTRICALS LTD.,https://www.bseindia.com/stockinfo/AnnPdfOpen.aspx?Pname=71a46755-5b87-4be8-a15b-cbb422484e7d.pdf
Max Financial Services Ltd,https://www.bseindia.com/stockinfo/AnnPdfOpen.aspx?Pname=2dbc7b67-788a-4ee5-bd49-995872451f1a.pdf
Bajel Projects Ltd,https://www.bseindia.com/stockinfo/AnnPdfOpen.aspx?Pname=0f9cc8d8-0003-4b77-8238-aaf3841e1a89.pdf
Infobeans Technologies Ltd,https://www.bseindia.com/stockinfo/AnnPdfOpen.aspx?Pname=544a24c0-c95d-47c7-ab25-7f8d99aa4dab.pdf
DELTA CORP LTD.,https://www.bseindia.com/stockinfo/AnnPdfOpen.aspx?Pname=f879e899-59fa-45db-b9a0-55601532b73a.pdf
ASK Automotive Ltd,https://www.bseindia.com/stockinfo/AnnPdfOpen.aspx?Pname=02055e77-a950-4ef4-be2c-eac794f85435.pdf
Life Insurance Corporation of India,https://www.bseindia.com/stockinfo/AnnPdfOpen.aspx?Pname=fa7cebb6-21b8-4af1-bda2-8ac3be020d8d.pdf
K.C.P.LTD.,https://www.bseindia.com/stockinfo/AnnPdfOpen.aspx?Pname=e3204837-0f0d-4007-8942-899712403e8d.pdf
HINDALCO INDUSTRIES LTD.,https://www.bseindia.com/stockinfo/AnnPdfOpen.aspx?Pname=4af24568-4cb3-485f-9017-c564876dffb0.pdf
India Pesticides Ltd,https://www.bseindia.com/stockinfo/AnnPdfOpen.aspx?Pname=89b21aa2-3553-4bb7-bf7d-1494cb6fcf28.pdf
REC Ltd,https://www.bseindia.com/stockinfo/AnnPdfOpen.aspx?Pname=5f5370db-4c00-431e-a07d-c5624c784ed7.pdf
BHARTI AIRTEL LTD.,https://www.bseindia.com/stockinfo/AnnPdfOpen.aspx?Pname=ca939da1-1402-4dc1-9baf-c7b47d6e0be9.pdf
BHARAT HEAVY ELECTRICALS LTD.,https://www.bseindia.com/stockinfo/AnnPdfOpen.aspx?Pname=ea66356f-395a-4657-a25f-d23c6a3bb5b0.pdf
EICHER MOTORS LTD.,https://www.bseindia.com/stockinfo/AnnPdfOpen.aspx?Pname=66379fbd-b76c-4a0f-8673-983da10753b0.pdf
EICHER MOTORS LTD.,https://www.bseindia.com/stockinfo/AnnPdfOpen.aspx?Pname=228c446a-2812-4098-ae92-562a212ce2ab.pdf
CITY UNION BANK LTD.,https://www.bseindia.com/stockinfo/AnnPdfOpen.aspx?Pname=38505f23-055f-46a2-b0fd-12a7353c20e0.pdf
FEDERAL-MOGUL GOETZE (INDIA) LTD.,https://www.bseindia.com/stockinfo/AnnPdfOpen.aspx?Pname=6551902d-b489-4f31-9bf2-3f99740413d7.pdf
Kama Holdings Limited-,https://www.bseindia.com/stockinfo/AnnPdfOpen.aspx?Pname=ce2dff9a-1938-4bc0-8280-22358c366aca.pdf
Wonderla Holidays Ltd,https://www.bseindia.com/stockinfo/AnnPdfOpen.aspx?Pname=be8b7a44-b9e2-4939-a42d-597fd5d4bd0c.pdf
TIDE WATER OIL (INDIA) LTD.,https://www.bseindia.com/stockinfo/AnnPdfOpen.aspx?Pname=0ca4f3a6-0983-447d-acbb-760229077abb.pdf
Styrenix Performance Materials Ltd,https://www.bseindia.com/stockinfo/AnnPdfOpen.aspx?Pname=b3e544ab-97e6-46a0-a068-30cdaa528d95.pdf
KPIT Technologies Ltd,https://www.bseindia.com/stockinfo/AnnPdfOpen.aspx?Pname=9ec6a324-ba54-4aca-85e5-bb0495114a03.pdf
POWER FINANCE CORPORATION LTD.,https://www.bseindia.com/stockinfo/AnnPdfOpen.aspx?Pname=d728383b-3596-4889-af6d-4cafcefcb957.pdf
Valiant Organics Ltd,https://www.bseindia.com/stockinfo/AnnPdfOpen.aspx?Pname=0812a36f-2cc4-48d3-9a8a-fb2a5dc521f5.pdf
H.G. Infra Engineering Ltd,https://www.bseindia.com/stockinfo/AnnPdfOpen.aspx?Pname=af3bcf48-2e4a-4bdd-b378-6318394a60d4.pdf
EPL Ltd,https://www.bseindia.com/stockinfo/AnnPdfOpen.aspx?Pname=a579babb-26fc-41bf-b991-cd164384a437.pdf
Metropolis Healthcare Ltd,https://www.bseindia.com/stockinfo/AnnPdfOpen.aspx?Pname=1d279356-e932-482c-b474-441b361f0e96.pdf
APAR INDUSTRIES LTD.,https://www.bseindia.com/stockinfo/AnnPdfOpen.aspx?Pname=aa0d2386-caea-424d-b053-36e4d8eb98ad.pdf
Sirca Paints India Ltd,https://www.bseindia.com/stockinfo/AnnPdfOpen.aspx?Pname=e86f9e95-d88b-4590-8541-ec7bae48aa05.pdf
POWER GRID CORPORATION OF INDIA LTD.,https://www.bseindia.com/stockinfo/AnnPdfOpen.aspx?Pname=56f9775c-1fe9-427e-9f3f-6211a9ce0322.pdf
KEC INTERNATIONAL LTD.,https://www.bseindia.com/stockinfo/AnnPdfOpen.aspx?Pname=33f94ed3-9f2f-47f9-b251-983210ff00f8.pdf
Flair Writing Industries Ltd,https://www.bseindia.com/stockinfo/AnnPdfOpen.aspx?Pname=1e5b5fa2-e52c-4f4e-b7a3-8e7aef679709.pdf
Rossari Biotech Ltd,https://www.bseindia.com/stockinfo/AnnPdfOpen.aspx?Pname=e0f39800-b018-4af9-b1f5-d227402e0ed4.pdf
CSB Bank Ltd,https://www.bseindia.com/stockinfo/AnnPdfOpen.aspx?Pname=df9f5088-dde6-4899-9f30-bc1c9bb71cef.pdf
JK LAKSHMI CEMENT LTD.,https://www.bseindia.com/stockinfo/AnnPdfOpen.aspx?Pname=9322e469-76c4-4dcb-8fee-ae23bf272814.pdf
NGL FINE-CHEM LTD.,https://www.bseindia.com/stockinfo/AnnPdfOpen.aspx?Pname=6e777663-4821-4f0a-b3e3-5fbf3fdcbc6d.pdf
Flair Writing Industries Ltd,https://www.bseindia.com/stockinfo/AnnPdfOpen.aspx?Pname=02759c4c-2ead-4eb5-b5be-e0632750c1b7.pdf
GAIL (INDIA) LTD.,https://www.bseindia.com/stockinfo/AnnPdfOpen.aspx?Pname=f7e9a207-0269-451b-b01f-990dadf713e7.pdf
ELECTROSTEEL CASTINGS LTD.,https://www.bseindia.com/stockinfo/AnnPdfOpen.aspx?Pname=91bb909b-b604-40b8-b033-c890b7d5a80c.pdf
Mitsu Chem Plast Ltd,https://www.bseindia.com/stockinfo/AnnPdfOpen.aspx?Pname=40d18800-c3ff-4b10-924d-59292ea5ca1e.pdf
CEAT LTD.,https://www.bseindia.com/stockinfo/AnnPdfOpen.aspx?Pname=1f810b4a-81f6-4121-8ea3-57d3389746e5.pdf
CHAMBAL FERTILISERS & CHEMICALS LTD.,https://www.bseindia.com/stockinfo/AnnPdfOpen.aspx?Pname=02b4e062-a1f9-454a-b86e-7f12c750c4a4.pdf
Coforge Ltd,https://www.bseindia.com/stockinfo/AnnPdfOpen.aspx?Pname=74b4c871-35c8-42a2-a70e-5698b1643133.pdf
IOL CHEMICALS & PHARMACEUTICALS LTD.,https://www.bseindia.com/stockinfo/AnnPdfOpen.aspx?Pname=11685371-e8d8-4bc6-977a-68a95f98783f.pdf
Borosil Renewables Ltd,https://www.bseindia.com/stockinfo/AnnPdfOpen.aspx?Pname=5acf03ea-9484-4cef-bb01-5fcbc5de4c92.pdf
Thyrocare Technologies Ltd,https://www.bseindia.com/stockinfo/AnnPdfOpen.aspx?Pname=54382545-46f3-4a2d-b1ab-c7e61fc8d293.pdf
KFin Technologies Ltd,https://www.bseindia.com/stockinfo/AnnPdfOpen.aspx?Pname=1947b226-87e0-40e2-bbad-251d69d34cc1.pdf
Mahanagar Gas Ltd,https://www.bseindia.com/stockinfo/AnnPdfOpen.aspx?Pname=4436462f-df1d-4b32-bfaf-ef31d3465243.pdf
Max Estates Ltd,https://www.bseindia.com/stockinfo/AnnPdfOpen.aspx?Pname=29b437e2-fd33-47a6-8126-d875d2d87bff.pdf
Hindustan Aeronautics Ltd,https://www.bseindia.com/stockinfo/AnnPdfOpen.aspx?Pname=fabfb137-448c-4c82-9d1e-add385d35b48.pdf
UNO Minda Ltd-,https://www.bseindia.com/stockinfo/AnnPdfOpen.aspx?Pname=0dc36e7a-6a4f-4570-b576-2b34be4c9f1c.pdf
ASTRA MICROWAVE PRODUCTS LTD.,https://www.bseindia.com/stockinfo/AnnPdfOpen.aspx?Pname=188044cd-79c8-407a-8de5-e6869307e5af.pdf
RATNAMANI METALS & TUBES LTD.-,https://www.bseindia.com/stockinfo/AnnPdfOpen.aspx?Pname=3986641a-5414-4241-96fe-a08219e2227d.pdf
EMAMI LTD.-,https://www.bseindia.com/stockinfo/AnnPdfOpen.aspx?Pname=beb7a28d-a183-46b5-980d-955a0cea0a0a.pdf
NHPC LTD.,https://www.bseindia.com/stockinfo/AnnPdfOpen.aspx?Pname=d636b900-72c8-470a-8848-d2bb2c93fac4.pdf
UPL Limited,https://www.bseindia.com/stockinfo/AnnPdfOpen.aspx?Pname=2324c210-5e48-49ed-a28e-f50cc00e0069.pdf
Electronics Mart India Ltd,https://www.bseindia.com/stockinfo/AnnPdfOpen.aspx?Pname=a9c0f5ce-020b-472f-abd1-a7319e112179.pdf
INDIA GLYCOLS LTD.,https://www.bseindia.com/stockinfo/AnnPdfOpen.aspx?Pname=e744b591-d5fc-4546-9106-2085ba25b7de.pdf
InterGlobe Aviation Ltd,https://www.bseindia.com/stockinfo/AnnPdfOpen.aspx?Pname=0bb20ee1-1d16-4fe1-a4b7-f88278254466.pdf
EMAMI PAPER MILLS LTD.,https://www.bseindia.com/stockinfo/AnnPdfOpen.aspx?Pname=5ad1355b-1304-483d-b2fe-02ccb18bbcba.pdf
Entero Healthcare Solutions Ltd,https://www.bseindia.com/stockinfo/AnnPdfOpen.aspx?Pname=d9788aae-cd9c-4913-b29f-b5aa4c848a7a.pdf
SBI Life Insurance Company Ltd,https://www.bseindia.com/stockinfo/AnnPdfOpen.aspx?Pname=aebbcc2d-6ffa-4d95-b73b-74a70a6a82e3.pdf
Naperol Investments Ltd,https://www.bseindia.com/stockinfo/AnnPdfOpen.aspx?Pname=f0a822ab-fb6a-481f-96f2-dd05ccaf8dac.pdf
ACTION CONSTRUCTION EQUIPMENT LTD.,https://www.bseindia.com/stockinfo/AnnPdfOpen.aspx?Pname=47cd82e6-c9b2-4d29-afcd-40a1c2a3cb05.pdf
ISGEC Heavy Engineering Ltd,https://www.bseindia.com/stockinfo/AnnPdfOpen.aspx?Pname=35a5e852-b9b4-4c4c-be8e-d278852d1689.pdf
Titagarh Rail Systems Ltd,https://www.bseindia.com/stockinfo/AnnPdfOpen.aspx?Pname=f50ce6b6-5285-47a5-9929-38e844307be9.pdf
PI Industries Ltd,https://www.bseindia.com/stockinfo/AnnPdfOpen.aspx?Pname=65461125-e048-4d5b-a8db-7aabc906e2b2.pdf
MARUTI SUZUKI INDIA LTD.,https://www.bseindia.com/stockinfo/AnnPdfOpen.aspx?Pname=c12a56d6-1671-4bb8-b2d5-38ce4dee01da.pdf
Bigbloc Construction Ltd,https://www.bseindia.com/stockinfo/AnnPdfOpen.aspx?Pname=6eb84bc6-fbc9-4712-95c5-08951d4d33a5.pdf
PANAMA PETROCHEM LTD.,https://www.bseindia.com/stockinfo/AnnPdfOpen.aspx?Pname=df71165f-63d2-475f-befc-a93358110a53.pdf
L.G.BALAKRISHNAN & BROS.LTD.,https://www.bseindia.com/stockinfo/AnnPdfOpen.aspx?Pname=013429ea-dde8-4504-90de-00567747a86a.pdf
KUANTUM PAPERS LTD.,https://www.bseindia.com/stockinfo/AnnPdfOpen.aspx?Pname=0a37931d-e58b-493d-a245-d37c6a129311.pdf
Honasa Consumer Ltd,https://www.bseindia.com/stockinfo/AnnPdfOpen.aspx?Pname=f82fcb12-1913-4ac8-82e1-cbee6ee3674b.pdf
AUROBINDO PHARMA LTD.,https://www.bseindia.com/stockinfo/AnnPdfOpen.aspx?Pname=e51ccd02-970e-44a4-b80f-2f20bd678d22.pdf
INFO EDGE (INDIA) LTD.,https://www.bseindia.com/stockinfo/AnnPdfOpen.aspx?Pname=a2bac641-9d86-4512-a0df-7409abcc18f7.pdf
INDUSIND BANK LTD.,https://www.bseindia.com/stockinfo/AnnPdfOpen.aspx?Pname=4f28ddaf-5dcc-4dd1-8106-954cad05d564.pdf
RELAXO FOOTWEARS LTD.-,https://www.bseindia.com/stockinfo/AnnPdfOpen.aspx?Pname=f5453a25-e1dd-45cb-8c19-2129285fd707.pdf
BHARAT ELECTRONICS LTD.,https://www.bseindia.com/stockinfo/AnnPdfOpen.aspx?Pname=31600ad8-5fd7-45ba-9601-c24d10c04880.pdf
SOUTH INDIAN BANK LTD.,https://www.bseindia.com/stockinfo/AnnPdfOpen.aspx?Pname=cbbf3bc7-d3bf-43b9-bc4e-f96028c05e5a.pdf
Vodafone Idea Ltd,https://www.bseindia.com/stockinfo/AnnPdfOpen.aspx?Pname=3e131bd3-ea27-4e7e-b487-9f2ac05933d6.pdf
ITD CEMENTATION INDIA LTD.,https://www.bseindia.com/stockinfo/AnnPdfOpen.aspx?Pname=28841bf1-b976-4422-8da1-4cda9b1c21e5.pdf
Latent View Analytics Ltd,https://www.bseindia.com/stockinfo/AnnPdfOpen.aspx?Pname=c76a6a06-d9e0-4c31-b3f5-e00eb1920493.pdf
ICICI BANK LTD.,https://www.bseindia.com/stockinfo/AnnPdfOpen.aspx?Pname=44be77e0-6afe-4ac4-add8-26943e317479.pdf
SAREGAMA INDIA LTD.,https://www.bseindia.com/stockinfo/AnnPdfOpen.aspx?Pname=47dff0d3-1203-4f47-99ca-d35e8acf3e15.pdf
PCBL Ltd,https://www.bseindia.com/stockinfo/AnnPdfOpen.aspx?Pname=84e9d4ad-7576-40ff-a584-f92744c6e6ea.pdf
Expleo Solutions Ltd,https://www.bseindia.com/stockinfo/AnnPdfOpen.aspx?Pname=9b4726f8-c779-44d0-bbee-f5a3aa22663b.pdf
NTPC LTD.,https://www.bseindia.com/stockinfo/AnnPdfOpen.aspx?Pname=9375cdbb-39f5-42f5-80d1-eeec8c70a3d6.pdf
Indian Railway Finance Corporation Ltd,https://www.bseindia.com/stockinfo/AnnPdfOpen.aspx?Pname=86d7abbd-8bde-4715-9563-7bff6fee5fcc.pdf
URJA GLOBAL LTD.,https://www.bseindia.com/stockinfo/AnnPdfOpen.aspx?Pname=9b7cfff0-ca51-4974-ae87-4f39f42b3874.pdf
EVEREST KANTO CYLINDER LTD.,https://www.bseindia.com/stockinfo/AnnPdfOpen.aspx?Pname=bb8f4ed3-680b-4264-be49-3e1ed8c452f8.pdf
TV TODAY NETWORK LTD.,https://www.bseindia.com/stockinfo/AnnPdfOpen.aspx?Pname=553b3a29-d2da-4d77-a1c0-4c3617fcd52f.pdf
Hindware Home Innovation Ltd,https://www.bseindia.com/stockinfo/AnnPdfOpen.aspx?Pname=2a77f49c-75b4-4d8c-a586-f09872d5f769.pdf
GLOBUS SPIRITS LTD.,https://www.bseindia.com/stockinfo/AnnPdfOpen.aspx?Pname=33bd2fd3-f5f8-4006-a7e3-c03a7cb1d3c8.pdf
Indian Railway Catering and Tourism Corporation Ltd,https://www.bseindia.com/stockinfo/AnnPdfOpen.aspx?Pname=bb02de2c-14b1-45a0-a82b-1c0ec21b0656.pdf
BHARAT BIJLEE LTD.-,https://www.bseindia.com/stockinfo/AnnPdfOpen.aspx?Pname=6f91d355-80df-4dd2-a035-248bc09a644d.pdf
Krishna Institute of Medical Sciences Ltd,https://www.bseindia.com/stockinfo/AnnPdfOpen.aspx?Pname=a1a7dcc2-3ff6-4e6d-a542-87eca495f0b9.pdf
LIC HOUSING FINANCE LTD.,https://www.bseindia.com/stockinfo/AnnPdfOpen.aspx?Pname=9a5476e8-5a86-475a-854d-e72f27949d62.pdf
JINDAL DRILLING & INDUSTRIES LTD.,https://www.bseindia.com/stockinfo/AnnPdfOpen.aspx?Pname=8a868b4e-132c-41b7-8e98-e95766433479.pdf
MAHARASHTRA SEAMLESS LTD.,https://www.bseindia.com/stockinfo/AnnPdfOpen.aspx?Pname=4ac922b0-1be5-4eae-bbf5-b4a4e9719233.pdf
Zomato Ltd,https://www.bseindia.com/stockinfo/AnnPdfOpen.aspx?Pname=5363cca1-0b0c-4dd0-88b1-ba45d9d45626.pdf
Jubilant FoodWorks Ltd,https://www.bseindia.com/stockinfo/AnnPdfOpen.aspx?Pname=2d9f77ec-3f8e-45a6-bf51-ac1db3d166e6.pdf
Samvardhana Motherson International Ltd,https://www.bseindia.com/stockinfo/AnnPdfOpen.aspx?Pname=29a25f97-b6b5-4d70-9643-04e10b84280d.pdf
PFIZER LTD.,https://www.bseindia.com/stockinfo/AnnPdfOpen.aspx?Pname=09bc9d03-936c-47ff-b915-9136ae21160f.pdf
Aster DM Healthcare Ltd,https://www.bseindia.com/stockinfo/AnnPdfOpen.aspx?Pname=4b63567d-63f4-4ec2-b756-96554a83bf8d.pdf
Motherson Sumi Wiring India Ltd,https://www.bseindia.com/stockinfo/AnnPdfOpen.aspx?Pname=0af88fa8-2ce6-45fe-8bf7-c76cdcdc9c31.pdf
IDFC First Bank Ltd,https://www.bseindia.com/stockinfo/AnnPdfOpen.aspx?Pname=3cd44626-f1d0-491a-b27c-5c8816a09aa5.pdf
RELIANCE INDUSTRIES LTD.,https://www.bseindia.com/stockinfo/AnnPdfOpen.aspx?Pname=3c1ecd3c-3e8c-4baf-9831-db35592b21ac.pdf
Gokul Agro Resources Ltd,https://www.bseindia.com/stockinfo/AnnPdfOpen.aspx?Pname=6cb0b0df-61c8-47bf-910e-7ef3eed388d5.pdf
JK PAPER LTD.,https://www.bseindia.com/stockinfo/AnnPdfOpen.aspx?Pname=28ddb47a-1547-41e3-8060-6703623543fe.pdf
TIMEX GROUP INDIA LTD.-,https://www.bseindia.com/stockinfo/AnnPdfOpen.aspx?Pname=cf344fa8-d481-418d-97a1-7ef22820d2ec.pdf
Shanti Educational Initiatives Ltd,https://www.bseindia.com/stockinfo/AnnPdfOpen.aspx?Pname=7e5bbf11-c176-4441-8158-1a87f20cd077.pdf
VST INDUSTRIES LTD.,https://www.bseindia.com/stockinfo/AnnPdfOpen.aspx?Pname=c43dc41f-a092-4b84-a6f1-7bc4ddb4f90c.pdf
Gland Pharma Ltd,https://www.bseindia.com/stockinfo/AnnPdfOpen.aspx?Pname=e3b2c20a-a1a9-4f1d-bb49-76deff8ced7a.pdf
EKI Energy Services Ltd,https://www.bseindia.com/stockinfo/AnnPdfOpen.aspx?Pname=8b066765-906d-4b00-b9ae-d606da8a3403.pdf
Refex Industries Limited,https://www.bseindia.com/stockinfo/AnnPdfOpen.aspx?Pname=8fc13531-989f-42d7-b3fb-b93692055640.pdf
SANGHVI MOVERS LTD.,https://www.bseindia.com/stockinfo/AnnPdfOpen.aspx?Pname=2cf6605e-184a-40a0-a30b-ffbc465b1a83.pdf
RAMKRISHNA FORGINGS LTD.,https://www.bseindia.com/stockinfo/AnnPdfOpen.aspx?Pname=4bdf83de-c850-486d-8bb8-c29ab2984739.pdf
Vedant Fashions Ltd,https://www.bseindia.com/stockinfo/AnnPdfOpen.aspx?Pname=fa8d3bd0-26c7-43d8-b26d-951c711ca43a.pdf
Oil and Natural Gas Corporation Ltd,https://www.bseindia.com/stockinfo/AnnPdfOpen.aspx?Pname=08f24ca5-755d-4956-b3ba-ee50fa74dd30.pdf
Indus Towers Ltd,https://www.bseindia.com/stockinfo/AnnPdfOpen.aspx?Pname=d0d42c12-3e17-404a-884c-d5c56c4b2eab.pdf
Jio Financial Services Ltd,https://www.bseindia.com/stockinfo/AnnPdfOpen.aspx?Pname=888dea25-5bef-43e0-8e2d-e7031ced9fb2.pdf
Honda India Power Products Ltd,https://www.bseindia.com/stockinfo/AnnPdfOpen.aspx?Pname=4e528504-5bda-4d36-908c-edc5bcff5078.pdf
JINDAL STEEL & POWER LTD.,https://www.bseindia.com/stockinfo/AnnPdfOpen.aspx?Pname=746d4f4b-9f1e-430b-afe0-b95e2ed57250.pdf
BHARAT PETROLEUM CORPORATION LTD.,https://www.bseindia.com/stockinfo/AnnPdfOpen.aspx?Pname=0cf08518-71b0-4768-a7b9-1ca7f8aa8f76.pdf
Delhivery Ltd,https://www.bseindia.com/stockinfo/AnnPdfOpen.aspx?Pname=ba5abbaa-3ce2-407c-9104-e0fc47ba2a53.pdf
CENTURY ENKA LTD.,https://www.bseindia.com/stockinfo/AnnPdfOpen.aspx?Pname=81a673bb-98ad-465f-aeb2-50a54527e5d7.pdf
GUJARAT AMBUJA EXPORTS LTD.,https://www.bseindia.com/stockinfo/AnnPdfOpen.aspx?Pname=3a44673f-6211-4e8f-abcd-177561625093.pdf
Jubilant Pharmova Ltd,https://www.bseindia.com/stockinfo/AnnPdfOpen.aspx?Pname=a3fbd3df-9144-4638-8fbb-c37c285a28c5.pdf
Jubilant Ingrevia Ltd,https://www.bseindia.com/stockinfo/AnnPdfOpen.aspx?Pname=8036fed9-e75a-4f74-851a-abaefba9fbff.pdf
D B Corp Ltd,https://www.bseindia.com/stockinfo/AnnPdfOpen.aspx?Pname=ac63957e-2517-4d6b-b3a4-e72e0ae9a33a.pdf
THOMAS COOK (INDIA) LTD.,https://www.bseindia.com/stockinfo/AnnPdfOpen.aspx?Pname=a8e37cb3-7e7d-41e2-a2cf-186ace19fc4d.pdf
Narayana Hrudayalaya Ltd,https://www.bseindia.com/stockinfo/AnnPdfOpen.aspx?Pname=6790c4c6-129d-4a6a-a8bd-0560400b8f68.pdf
GANESH HOUSING CORPORATION LTD.-,https://www.bseindia.com/stockinfo/AnnPdfOpen.aspx?Pname=de41e092-4faa-49a2-b218-b544e98939ae.pdf
SCHNEIDER ELECTRIC INFRASTRUCTURE LTD.,https://www.bseindia.com/stockinfo/AnnPdfOpen.aspx?Pname=3670171a-3cd4-4e0a-ad46-3c72a17c0edb.pdf
DMCC Speciality Chemicals Ltd,https://www.bseindia.com/stockinfo/AnnPdfOpen.aspx?Pname=00bed46e-e8fc-4fd0-99f4-80a2f344c9f7.pdf
Clean Science and Technology Ltd,https://www.bseindia.com/stockinfo/AnnPdfOpen.aspx?Pname=7fea44be-e7e2-4971-9f6c-18f93d201ba6.pdf
ALOK INDUSTRIES LTD.,https://www.bseindia.com/stockinfo/AnnPdfOpen.aspx?Pname=df4013e8-e14d-4fb3-9943-211ee570ba65.pdf
Bhageria Industries Ltd,https://www.bseindia.com/stockinfo/AnnPdfOpen.aspx?Pname=d5c1611b-38ae-469b-8281-1cedba9091eb.pdf
FEDERAL BANK LTD.,https://www.bseindia.com/stockinfo/AnnPdfOpen.aspx?Pname=6858c916-f058-4b0a-9bc9-d95fd9fb92a5.pdf
PETRONET LNG LTD.,https://www.bseindia.com/stockinfo/AnnPdfOpen.aspx?Pname=f39a58f2-e0a1-4de6-9180-5b60b3ce6e38.pdf
I G PETROCHEMICALS LTD.,https://www.bseindia.com/stockinfo/AnnPdfOpen.aspx?Pname=07973b59-3222-4502-8d53-e75497945c99.pdf
Jaiprakash Power Ventures Limited,https://www.bseindia.com/stockinfo/AnnPdfOpen.aspx?Pname=ed2c0337-57e9-42e8-98c2-237d5fa1de48.pdf
JAIN IRRIGATION SYSTEMS LTD.,https://www.bseindia.com/stockinfo/AnnPdfOpen.aspx?Pname=80313eab-6a75-4809-aa70-0d94e66b49c4.pdf
SURYA ROSHNI LTD.,https://www.bseindia.com/stockinfo/AnnPdfOpen.aspx?Pname=f5d13470-8cd0-4615-a0e0-0e1bb25bea93.pdf
Manorama Industries Ltd,https://www.bseindia.com/stockinfo/AnnPdfOpen.aspx?Pname=da079dd8-0dd2-4c70-939f-367464c87110.pdf
JYOTI STRUCTURES LTD.,https://www.bseindia.com/stockinfo/AnnPdfOpen.aspx?Pname=88396edc-dfc5-4a53-b9e6-2d010fa5019c.pdf
GE T&D India Ltd,https://www.bseindia.com/stockinfo/AnnPdfOpen.aspx?Pname=8cb88bfc-b071-4cf4-825f-6f084c9dd4b9.pdf
KAJARIA CERAMICS LTD.,https://www.bseindia.com/stockinfo/AnnPdfOpen.aspx?Pname=2584a2e9-716e-4034-948f-ec49ba815794.pdf
DYNAMATIC TECHNOLOGIES LTD.-,https://www.bseindia.com/stockinfo/AnnPdfOpen.aspx?Pname=cb5f52b7-16ce-41c2-ade5-0b853c821b74.pdf
Nandan Denim Limited,https://www.bseindia.com/stockinfo/AnnPdfOpen.aspx?Pname=368a90d3-7c41-4db3-955a-5352454e52c9.pdf
MEDICAMEN BIOTECH LTD.-,https://www.bseindia.com/stockinfo/AnnPdfOpen.aspx?Pname=cfc8bd85-1c67-40d2-9289-b6e8cce85809.pdf
GODFREY PHILLIPS INDIA LTD.,https://www.bseindia.com/stockinfo/AnnPdfOpen.aspx?Pname=b4870830-7c70-42e0-91c1-736fa469e05c.pdf
Shivalik Rasayan Ltd,https://www.bseindia.com/stockinfo/AnnPdfOpen.aspx?Pname=0cc46355-4449-49ee-a16e-44b28a071a35.pdf
Rolex Rings Ltd,https://www.bseindia.com/stockinfo/AnnPdfOpen.aspx?Pname=647e2051-dbf6-4f3f-bfff-50078fbb0919.pdf
Sigachi Industries Ltd,https://www.bseindia.com/stockinfo/AnnPdfOpen.aspx?Pname=f66e0f33-54fd-4bd5-b552-4cbd8c5962e3.pdf
Renaissance Global Ltd,https://www.bseindia.com/stockinfo/AnnPdfOpen.aspx?Pname=737964c6-826b-4967-a138-984ce8120817.pdf
ASAHI INDIA GLASS LTD.,https://www.bseindia.com/stockinfo/AnnPdfOpen.aspx?Pname=9883f53c-dca7-4bfc-834b-816ba2f006f7.pdf
Gandhar Oil Refinery (India) Ltd,https://www.bseindia.com/stockinfo/AnnPdfOpen.aspx?Pname=a3c40a65-2a16-42a3-86f1-11c08698dbf9.pdf
Equitas Small Finance Bank Ltd,https://www.bseindia.com/stockinfo/AnnPdfOpen.aspx?Pname=25c32e86-3855-413f-af8a-9a1447daeb57.pdf
FORCE MOTORS LTD.-,https://www.bseindia.com/stockinfo/AnnPdfOpen.aspx?Pname=6a8262b4-df52-4f4f-a39d-ed92e6828839.pdf
ION EXCHANGE (INDIA) LTD.-,https://www.bseindia.com/stockinfo/AnnPdfOpen.aspx?Pname=e495c122-3c26-4311-9b90-10986015cfe4.pdf
INDIA TOURISM DEVELOPMENT CORPORATION LTD.,https://www.bseindia.com/stockinfo/AnnPdfOpen.aspx?Pname=2627e2c9-a8fe-4a73-9dc7-153d28e505ea.pdf
Prince Pipes and Fittings Ltd,https://www.bseindia.com/stockinfo/AnnPdfOpen.aspx?Pname=34bbc82d-f391-427d-8d85-7674bd9d96f4.pdf
SUZLON ENERGY LTD.,https://www.bseindia.com/stockinfo/AnnPdfOpen.aspx?Pname=99ee7e41-59b0-4ca9-a037-93351b98c83d.pdf
Radiant Cash Management Services Ltd,https://www.bseindia.com/stockinfo/AnnPdfOpen.aspx?Pname=0e72466e-9222-4c48-8620-9e554001b2ee.pdf
RSWM LTD.,https://www.bseindia.com/stockinfo/AnnPdfOpen.aspx?Pname=3a430966-7806-46c0-9928-c82f5c66f4df.pdf
Shyam Metalics and Energy Ltd,https://www.bseindia.com/stockinfo/AnnPdfOpen.aspx?Pname=d21d2f81-2598-4f5c-982f-c71c3267e06e.pdf
AIA ENGINEERING LTD.,https://www.bseindia.com/stockinfo/AnnPdfOpen.aspx?Pname=eff9b519-8232-49bf-b02f-2dab144a8f99.pdf
JAMNA AUTO INDUSTRIES LTD.,https://www.bseindia.com/stockinfo/AnnPdfOpen.aspx?Pname=c7ba943c-e051-496d-b5b5-0655721b2bc2.pdf
JINDAL STAINLESS LTD.,https://www.bseindia.com/stockinfo/AnnPdfOpen.aspx?Pname=fcb53842-ee41-4097-9b0b-ebb726d318bb.pdf
MTAR Technologies Ltd,https://www.bseindia.com/stockinfo/AnnPdfOpen.aspx?Pname=33c3d52a-0627-4b04-b655-733dcfb7a0b2.pdf
Sterling and Wilson Renewable Energy Ltd,https://www.bseindia.com/stockinfo/AnnPdfOpen.aspx?Pname=e4537d12-05e4-4cb5-b023-8934ce54dcc3.pdf
EPACK Durable Ltd,https://www.bseindia.com/stockinfo/AnnPdfOpen.aspx?Pname=96efd13e-a4d8-4d1c-8526-877765fe3020.pdf
Quick Heal Technologies Ltd,https://www.bseindia.com/stockinfo/AnnPdfOpen.aspx?Pname=a39061df-107a-4e4a-a90d-dc6da7fea207.pdf
DHAMPUR SUGAR MILLS LTD.,https://www.bseindia.com/stockinfo/AnnPdfOpen.aspx?Pname=1c9ddc90-e921-4c95-9e6d-22f5aa0baeeb.pdf
MAS Financial Services Ltd,https://www.bseindia.com/stockinfo/AnnPdfOpen.aspx?Pname=11df62b1-bba4-4458-8e64-fefd2c4db8db.pdf
VINATI ORGANICS LTD.-,https://www.bseindia.com/stockinfo/AnnPdfOpen.aspx?Pname=d001a6fa-b10e-48e2-82fa-de59349ba706.pdf
IRCON International Ltd,https://www.bseindia.com/stockinfo/AnnPdfOpen.aspx?Pname=bad3666a-1a9c-42e2-b5bd-0f77de28d9a3.pdf
Aether Industries Ltd,https://www.bseindia.com/stockinfo/AnnPdfOpen.aspx?Pname=8fb43d33-7b97-408e-ab7b-09ede5252aff.pdf
G R Infraprojects Ltd,https://www.bseindia.com/stockinfo/AnnPdfOpen.aspx?Pname=7a9c663a-c946-4d16-93ea-ff8e8e3445a2.pdf
5paisa Capital Ltd,https://www.bseindia.com/stockinfo/AnnPdfOpen.aspx?Pname=ab53afa7-5c56-4133-a400-8e1ee314b5c7.pdf
BLS E-Services Ltd,https://www.bseindia.com/stockinfo/AnnPdfOpen.aspx?Pname=4c5c0075-0f7f-46d4-9308-bd317f41be3c.pdf
Parag Milk Foods Ltd,https://www.bseindia.com/stockinfo/AnnPdfOpen.aspx?Pname=c4999146-3aec-4071-8294-01782a3891f4.pdf
ENGINEERS INDIA LTD.,https://www.bseindia.com/stockinfo/AnnPdfOpen.aspx?Pname=c14e4a13-c4e4-4ba6-ad33-a6b92f2ce067.pdf
RACL Geartech Ltd,https://www.bseindia.com/stockinfo/AnnPdfOpen.aspx?Pname=a97a4dad-3338-40d7-add8-8d071c462a18.pdf
FINEOTEX CHEMICAL LTD.,https://www.bseindia.com/stockinfo/AnnPdfOpen.aspx?Pname=779faeb1-2689-4fba-aa89-480cb0380ac6.pdf
TRIVENI TURBINE LTD.,https://www.bseindia.com/stockinfo/AnnPdfOpen.aspx?Pname=71f55ad1-201c-46cf-9d5c-6fcfbf937ec8.pdf
KOPRAN LTD.,https://www.bseindia.com/stockinfo/AnnPdfOpen.aspx?Pname=b486f63b-23d7-4d46-af38-af4793016724.pdf
Z.F.STEERING GEAR (INDIA) LTD.-,https://www.bseindia.com/stockinfo/AnnPdfOpen.aspx?Pname=683c64f7-5710-43d4-9e15-affb05dc25d9.pdf
Allcargo Gati Ltd,https://www.bseindia.com/stockinfo/AnnPdfOpen.aspx?Pname=788ceca0-3b69-440d-bed0-8f9554ef38ef.pdf
Harsha Engineers International Ltd,https://www.bseindia.com/stockinfo/AnnPdfOpen.aspx?Pname=f582e54f-45cc-4bad-98b3-9e457c2d7aa0.pdf
MOIL LTD.,https://www.bseindia.com/stockinfo/AnnPdfOpen.aspx?Pname=65af141a-be27-46d1-87ea-172b1970f2e5.pdf
Kaynes Technology India Ltd,https://www.bseindia.com/stockinfo/AnnPdfOpen.aspx?Pname=3a263229-446e-4e1a-bd60-d6e9d3eab9c8.pdf
KEI INDUSTRIES LTD.,https://www.bseindia.com/stockinfo/AnnPdfOpen.aspx?Pname=6befd41f-84b4-4d04-bcd1-bc4d5e70a7d6.pdf
DEEPAK FERTILISERS & PETROCHEMICALS CORPORATION LTD.,https://www.bseindia.com/stockinfo/AnnPdfOpen.aspx?Pname=52a4879d-7552-4725-8754-b349ee0ae55d.pdf
GANESHA ECOSPHERE LTD.,https://www.bseindia.com/stockinfo/AnnPdfOpen.aspx?Pname=f6d16159-855f-4201-a369-de31d8eb46d3.pdf
Westlife Foodworld Ltd,https://www.bseindia.com/stockinfo/AnnPdfOpen.aspx?Pname=dff8fca5-922a-4862-ace5-d26d7d725897.pdf
VENKY'S (INDIA) LTD.,https://www.bseindia.com/stockinfo/AnnPdfOpen.aspx?Pname=154f44d4-2647-4559-9ac9-1ae209ac985a.pdf
ESAB INDIA LTD.,https://www.bseindia.com/stockinfo/AnnPdfOpen.aspx?Pname=615f5221-16a8-423e-9a1f-9f12f01cdf7a.pdf
TeamLease Services Ltd,https://www.bseindia.com/stockinfo/AnnPdfOpen.aspx?Pname=8481af03-73e9-404a-a526-2221f1246c66.pdf
Jupiter Wagons Ltd,https://www.bseindia.com/stockinfo/AnnPdfOpen.aspx?Pname=087e6eba-b4d0-43c3-a08e-9ad51055740b.pdf
TVS SRICHAKRA LTD.-,https://www.bseindia.com/stockinfo/AnnPdfOpen.aspx?Pname=36383ce7-4317-4eea-95e1-562827b48739.pdf
BLS International Services Ltd,https://www.bseindia.com/stockinfo/AnnPdfOpen.aspx?Pname=8e14ed60-012b-4f03-b933-7f8abaf0d979.pdf
KARNATAKA BANK LTD.,https://www.bseindia.com/stockinfo/AnnPdfOpen.aspx?Pname=062c61da-da12-40c5-a562-69a178f30cee.pdf
Bharti Hexacom Ltd,https://www.bseindia.com/stockinfo/AnnPdfOpen.aspx?Pname=2ba51b3b-a865-41b4-886b-d4d4ec5f59ad.pdf
KHAITAN CHEMICALS & FERTILIZERS LTD.,https://www.bseindia.com/stockinfo/AnnPdfOpen.aspx?Pname=adb8ec69-ea75-43b6-b14f-d93d873b0b79.pdf
TRIVENI ENGINEERING & INDUSTRIES LTD.,https://www.bseindia.com/stockinfo/AnnPdfOpen.aspx?Pname=b5ff66f6-dec7-4efd-93f2-d0a434c9ebaf.pdf
RITES Ltd,https://www.bseindia.com/stockinfo/AnnPdfOpen.aspx?Pname=5639cf2a-daf9-44c5-8b59-5bd310cecdc0.pdf
Rhetan TMT Ltd,https://www.bseindia.com/stockinfo/AnnPdfOpen.aspx?Pname=71f4f08b-fd04-4869-9309-a85f4fcfde37.pdf
PATEL ENGINEERING LTD.-,https://www.bseindia.com/stockinfo/AnnPdfOpen.aspx?Pname=22fa817a-ef42-49fb-be47-215133fe34cb.pdf
Heranba Industries Ltd,https://www.bseindia.com/stockinfo/AnnPdfOpen.aspx?Pname=f9b1f746-d380-491d-ad2b-caf856e57f10.pdf
Senco Gold Ltd,https://www.bseindia.com/stockinfo/AnnPdfOpen.aspx?Pname=5c0a1b32-a6ac-47f6-8768-51c4804bd711.pdf
PPAP Automotive Limited,https://www.bseindia.com/stockinfo/AnnPdfOpen.aspx?Pname=46d7a33a-dd4a-4d58-b5ac-ad7a24390535.pdf
Suryoday Small Finance Bank Ltd,https://www.bseindia.com/stockinfo/AnnPdfOpen.aspx?Pname=172526ee-c991-4061-b8e5-2716060c3414.pdf
HIKAL LTD.,https://www.bseindia.com/stockinfo/AnnPdfOpen.aspx?Pname=1b1868d1-589d-4b45-8afe-555328c70f41.pdf
NITIN SPINNERS LTD.,https://www.bseindia.com/stockinfo/AnnPdfOpen.aspx?Pname=8a02c42d-c6a5-4eed-9f27-fef1ad4e02ff.pdf
NAHAR SPINNING MILLS LTD.,https://www.bseindia.com/stockinfo/AnnPdfOpen.aspx?Pname=b621452d-cd04-4cc8-92d6-64b465d69a5e.pdf
JTL Industries Ltd,https://www.bseindia.com/stockinfo/AnnPdfOpen.aspx?Pname=168945db-5856-4b30-84ed-36aaf423cea2.pdf
PTC INDIA FINANCIAL SERVICES LTD.,https://www.bseindia.com/stockinfo/AnnPdfOpen.aspx?Pname=8329109d-8649-485c-b4d7-1db48ec2696a.pdf
MAYUR UNIQUOTERS LTD.-,https://www.bseindia.com/stockinfo/AnnPdfOpen.aspx?Pname=f32c6906-5b6b-404f-9226-d5ec14f41d3f.pdf
The Phoenix Mills Ltd,https://www.bseindia.com/stockinfo/AnnPdfOpen.aspx?Pname=8ed47458-a526-42b8-84e0-ad4f45e8d6f4.pdf
Gulf Oil Lubricants India Ltd,https://www.bseindia.com/stockinfo/AnnPdfOpen.aspx?Pname=9756926f-a226-461b-9222-78735d4fb3fc.pdf
MAC CHARLES (INDIA) LTD.,https://www.bseindia.com/stockinfo/AnnPdfOpen.aspx?Pname=34ac8e66-1f2f-4e10-b166-fcb7ed89561b.pdf
GTL INFRASTRUCTURE LTD.,https://www.bseindia.com/stockinfo/AnnPdfOpen.aspx?Pname=06fbd884-caa9-4e8d-bc5c-7e7cdd7b1fdd.pdf
JAY BHARAT MARUTI LTD.,https://www.bseindia.com/stockinfo/AnnPdfOpen.aspx?Pname=3ba02bc7-b3e5-4da6-8178-b9a4e54ce6f0.pdf
One 97 Communications Ltd,https://www.bseindia.com/stockinfo/AnnPdfOpen.aspx?Pname=cefa8287-b544-40b2-bfb2-54a2824b952a.pdf
SHREYAS SHIPPING & LOGISTICS LTD.,https://www.bseindia.com/stockinfo/AnnPdfOpen.aspx?Pname=f19dbfaf-79f9-4baa-ae1f-4ed0dbd88fe0.pdf
RESPONSIVE INDUSTRIES LTD.,https://www.bseindia.com/stockinfo/AnnPdfOpen.aspx?Pname=d8175188-6cb3-40dc-8ed6-172464eb2a60.pdf
Varroc Engineering Ltd,https://www.bseindia.com/stockinfo/AnnPdfOpen.aspx?Pname=8338118f-d4dc-4a58-a064-53d1049da895.pdf
JBM AUTO LTD.,https://www.bseindia.com/stockinfo/AnnPdfOpen.aspx?Pname=87d1c124-7b98-4c83-b8b0-0baf8a71c0b1.pdf
SHIPPING CORPORATION OF INDIA LTD.,https://www.bseindia.com/stockinfo/AnnPdfOpen.aspx?Pname=48ea0a02-4703-4b82-a769-4f3982f707f7.pdf
NAHAR POLYFILMS LTD.,https://www.bseindia.com/stockinfo/AnnPdfOpen.aspx?Pname=a86bd765-e7e6-4aa7-bdb9-8c2c136153a2.pdf
BANCO PRODUCTS (INDIA) LTD.-,https://www.bseindia.com/stockinfo/AnnPdfOpen.aspx?Pname=2120b484-8b71-4b0c-8eec-f6f92dc1e0e7.pdf
BENGAL & ASSAM COMPANY LTD.,https://www.bseindia.com/stockinfo/AnnPdfOpen.aspx?Pname=ffb53bab-8e12-465c-a74f-33ced8c9ec84.pdf
NAHAR CAPITAL & FINANCIAL SERVICES LTD.,https://www.bseindia.com/stockinfo/AnnPdfOpen.aspx?Pname=1a02e18e-42d7-4015-aef7-959ee9b03794.pdf
JAI BALAJI INDUSTRIES LTD.,https://www.bseindia.com/stockinfo/AnnPdfOpen.aspx?Pname=4f704ef2-2d07-4648-8a7b-d9e1514fe61f.pdf
OIL INDIA LTD.,https://www.bseindia.com/stockinfo/AnnPdfOpen.aspx?Pname=541f60a5-9e1d-4d7f-897e-8179cdabed6f.pdf
PRECISION WIRES INDIA LTD.,https://www.bseindia.com/stockinfo/AnnPdfOpen.aspx?Pname=68894f43-56fa-4290-b12e-ed954b1d476a.pdf
Rishabh Instruments Ltd,https://www.bseindia.com/stockinfo/AnnPdfOpen.aspx?Pname=f4fb014d-f444-4450-a6e9-b65ba3cf4053.pdf
KRBL LTD.,https://www.bseindia.com/stockinfo/AnnPdfOpen.aspx?Pname=4d3e5c97-0f19-4bd0-83eb-181757a476f3.pdf
STERLING TOOLS LTD.-,https://www.bseindia.com/stockinfo/AnnPdfOpen.aspx?Pname=a43d1f27-dbb3-47f1-b4a5-bab47c01610a.pdf
Five-Star Business Finance Ltd,https://www.bseindia.com/stockinfo/AnnPdfOpen.aspx?Pname=31238551-71b3-4544-a590-611377897fa4.pdf
DISH TV INDIA LTD.,https://www.bseindia.com/stockinfo/AnnPdfOpen.aspx?Pname=e907dcbd-1cb0-482e-86eb-0e757a91e6e8.pdf
CANTABIL RETAIL INDIA LTD.,https://www.bseindia.com/stockinfo/AnnPdfOpen.aspx?Pname=64dd9171-d266-4c9f-af66-1a832fbb9d8a.pdf
Syrma SGS Technology Ltd,https://www.bseindia.com/stockinfo/AnnPdfOpen.aspx?Pname=11e08e3c-42b2-4c27-abe9-7a3c61eac65d.pdf
Nandan Denim Limited,https://www.bseindia.com/stockinfo/AnnPdfOpen.aspx?Pname=c1afc0a5-10fc-4ec9-ae5c-c0081c073f47.pdf
RateGain Travel Technologies Ltd,https://www.bseindia.com/stockinfo/AnnPdfOpen.aspx?Pname=b325aeda-38b7-4dd2-bea7-c6e054b6c699.pdf
Quess Corp Ltd,https://www.bseindia.com/stockinfo/AnnPdfOpen.aspx?Pname=c9fcf509-fc20-4811-beeb-ea6743acd00c.pdf
Global Health Ltd,https://www.bseindia.com/stockinfo/AnnPdfOpen.aspx?Pname=179d6ca3-a3c4-4053-b304-50f86a09ca77.pdf
DCM Nouvelle Ltd,https://www.bseindia.com/stockinfo/AnnPdfOpen.aspx?Pname=fce7ca30-de61-47cf-afb2-74cff7961d17.pdf
BCL Industries Ltd-,https://www.bseindia.com/stockinfo/AnnPdfOpen.aspx?Pname=f99a05df-de43-4123-b50f-fb9f85b53eec.pdf
Waaree Renewable Technologies Ltd,https://www.bseindia.com/stockinfo/AnnPdfOpen.aspx?Pname=019467a5-21c2-458f-b1ea-e2f387907f9f.pdf
Shipping Corporation of India Land and Assets Ltd,https://www.bseindia.com/stockinfo/AnnPdfOpen.aspx?Pname=b03ee0ca-6a63-4e9a-ac52-9e70878fcdd4.pdf
ZEN TECHNOLOGIES LTD.,https://www.bseindia.com/stockinfo/AnnPdfOpen.aspx?Pname=60156669-14cc-43e2-920d-7049e29c406c.pdf
HINDUSTAN CONSTRUCTION CO.LTD.,https://www.bseindia.com/stockinfo/AnnPdfOpen.aspx?Pname=10621ac8-39f0-4cfb-8aef-e20d06b3a332.pdf
GRAVITA INDIA LTD.,https://www.bseindia.com/stockinfo/AnnPdfOpen.aspx?Pname=8cfb7e0a-c6bf-4198-aeb0-4fc5fdf8659a.pdf
Tatva Chintan Pharma Chem Ltd,https://www.bseindia.com/stockinfo/AnnPdfOpen.aspx?Pname=57c51dd0-eda0-4745-a953-880b21721cdf.pdf
Rashi Peripherals Ltd,https://www.bseindia.com/stockinfo/AnnPdfOpen.aspx?Pname=50260156-1c22-4167-b4d0-635f5e65041b.pdf
Innova Captab Ltd,https://www.bseindia.com/stockinfo/AnnPdfOpen.aspx?Pname=48639d12-62c3-4074-8b1b-647afed869e6.pdf
JINDAL WORLDWIDE LTD.,https://www.bseindia.com/stockinfo/AnnPdfOpen.aspx?Pname=2deef367-2aa0-4f55-86f2-c91909026307.pdf
GMR Power and Urban Infra Ltd,https://www.bseindia.com/stockinfo/AnnPdfOpen.aspx?Pname=4c4b23b3-8ea7-40d3-a5d5-a606fc4f4228.pdf
GMR Airports Infrastructure Ltd,https://www.bseindia.com/stockinfo/AnnPdfOpen.aspx?Pname=2a27fe9a-e2b4-4af0-9393-8bc79c6e5786.pdf
Den Networks Ltd,https://www.bseindia.com/stockinfo/AnnPdfOpen.aspx?Pname=245ae4d9-ea0a-4e46-b75a-7611a739cf26.pdf
SJVN Ltd,https://www.bseindia.com/stockinfo/AnnPdfOpen.aspx?Pname=d5457017-7ec8-4c5d-8637-13e3d9c7a4d9.pdf
Raghuvansh Agrofarms Ltd,https://www.bseindia.com/stockinfo/AnnPdfOpen.aspx?Pname=3517509f-81a3-4f81-88f7-41689f050a8e.pdf
Axiscades Technologies Ltd,https://www.bseindia.com/stockinfo/AnnPdfOpen.aspx?Pname=8e05b32c-b82b-48dc-8875-547638f18e79.pdf
FSN E-Commerce Ventures Ltd,https://www.bseindia.com/stockinfo/AnnPdfOpen.aspx?Pname=c156cbe3-33ef-4704-9811-cc20de1956f6.pdf
UNIPHOS ENTERPRISES LTD.,https://www.bseindia.com/stockinfo/AnnPdfOpen.aspx?Pname=291deddf-4d7c-4ab9-8ef0-38058c42effc.pdf
Metro Brands Ltd,https://www.bseindia.com/stockinfo/AnnPdfOpen.aspx?Pname=6a3daff9-c709-44d8-873a-557d3f4668b7.pdf
MSTC Ltd,https://www.bseindia.com/stockinfo/AnnPdfOpen.aspx?Pname=9cdb161e-0335-49bf-a6dc-295e3eac78c4.pdf
ICICI Securities Ltd,https://www.bseindia.com/stockinfo/AnnPdfOpen.aspx?Pname=695da427-8295-4c39-9241-61e555b5257e.pdf
SEQUENT SCIENTIFIC LTD.,https://www.bseindia.com/stockinfo/AnnPdfOpen.aspx?Pname=03174bc3-4879-45ed-8200-381d2d9ce202.pdf
SUBROS LTD.,https://www.bseindia.com/stockinfo/AnnPdfOpen.aspx?Pname=61888cf6-fcd4-4892-88db-1593bdd97ebc.pdf
SHILPA MEDICARE LTD.,https://www.bseindia.com/stockinfo/AnnPdfOpen.aspx?Pname=e1e47da0-2ee5-48db-a692-61d297f9118f.pdf
Fischer Medical Ventures Ltd,https://www.bseindia.com/stockinfo/AnnPdfOpen.aspx?Pname=db7a4d58-9b22-4ff0-a017-db01878ad655.pdf
Max Healthcare Institute Ltd,https://www.bseindia.com/stockinfo/AnnPdfOpen.aspx?Pname=486b984d-736b-4b0c-a90a-2db19b824704.pdf
MASTEK LTD.,https://www.bseindia.com/stockinfo/AnnPdfOpen.aspx?Pname=0d08fa9d-2e63-4ec3-8a11-bfe2dbd72367.pdf
AGARWAL INDUSTRIAL CORPORATION LTD.,https://www.bseindia.com/stockinfo/AnnPdfOpen.aspx?Pname=5a0d91b3-09ec-44b7-a575-94a98abc3770.pdf
Garware Technical Fibres Ltd,https://www.bseindia.com/stockinfo/AnnPdfOpen.aspx?Pname=0a1d2d98-eae2-4e45-a145-dcfd5557000f.pdf
Stove Kraft Ltd,https://www.bseindia.com/stockinfo/AnnPdfOpen.aspx?Pname=6f82e001-a834-43e3-9d30-ac7085244560.pdf
AMBIKA COTTON MILLS LTD.,https://www.bseindia.com/stockinfo/AnnPdfOpen.aspx?Pname=a1fbdd30-aab5-4092-8ec8-6752541265cd.pdf
Monte Carlo Fashions Ltd,https://www.bseindia.com/stockinfo/AnnPdfOpen.aspx?Pname=f88ec34d-2d9b-4bca-bc1e-78c5a2974a2c.pdf
EXCEL INDUSTRIES LTD.,https://www.bseindia.com/stockinfo/AnnPdfOpen.aspx?Pname=65cf7acb-2e76-4336-a742-1274cde313e9.pdf
PSP Projects Ltd,https://www.bseindia.com/stockinfo/AnnPdfOpen.aspx?Pname=f76ac3a0-c11b-437a-9dad-111a433488cf.pdf
SANDUR MANGANESE & IRON ORES LTD.,https://www.bseindia.com/stockinfo/AnnPdfOpen.aspx?Pname=41d3a2f2-e402-4ac1-9892-4cf542fad34e.pdf
Sindhu Trade Links Limited,https://www.bseindia.com/stockinfo/AnnPdfOpen.aspx?Pname=0962a0d0-be19-4a31-8bba-75270d4e5efe.pdf
UTTAM SUGAR MILLS LTD.,https://www.bseindia.com/stockinfo/AnnPdfOpen.aspx?Pname=fdeebecb-5307-4c72-9b15-84a2a4dfaa7d.pdf
Gateway Distriparks Ltd,https://www.bseindia.com/stockinfo/AnnPdfOpen.aspx?Pname=e796c206-31d6-41ce-8f08-e115c59c9fde.pdf
GUJARAT PIPAVAV PORT LTD.,https://www.bseindia.com/stockinfo/AnnPdfOpen.aspx?Pname=2174db8c-3925-4809-89f7-b0932abdaa4c.pdf
RUSHIL DECOR LTD.,https://www.bseindia.com/stockinfo/AnnPdfOpen.aspx?Pname=55077854-46ed-4781-b2be-79e2cb7dc521.pdf
Fedbank Financial Services Ltd,https://www.bseindia.com/stockinfo/AnnPdfOpen.aspx?Pname=0e681b50-f0bf-4693-96c7-e513f50b358c.pdf
Vishnu Prakash R Punglia Ltd,https://www.bseindia.com/stockinfo/AnnPdfOpen.aspx?Pname=953dc4eb-f35f-4adc-991e-1957e2885e5f.pdf
JAGRAN PRAKASHAN LTD.,https://www.bseindia.com/stockinfo/AnnPdfOpen.aspx?Pname=6dbfc2d4-84b7-44aa-ac5e-a917dcd7976d.pdf
JAGSONPAL PHARMACEUTICALS LTD.,https://www.bseindia.com/stockinfo/AnnPdfOpen.aspx?Pname=91d2b56b-f041-40ed-8e7a-60ec3d00a03e.pdf
GFL Ltd,https://www.bseindia.com/stockinfo/AnnPdfOpen.aspx?Pname=823943f4-d404-4309-b8a8-70b1931d5aad.pdf
GFL Ltd,https://www.bseindia.com/stockinfo/AnnPdfOpen.aspx?Pname=61c1ef5c-cab1-4017-9d42-7e99626fe897.pdf
UFLEX LTD.,https://www.bseindia.com/stockinfo/AnnPdfOpen.aspx?Pname=9d5566be-31f2-4be4-989e-e39c8e306f0d.pdf
Restaurant Brands Asia Ltd,https://www.bseindia.com/stockinfo/AnnPdfOpen.aspx?Pname=bb86d018-bd19-460e-bc0a-66b561ec1f96.pdf
Keystone Realtors Ltd,https://www.bseindia.com/stockinfo/AnnPdfOpen.aspx?Pname=453222d3-b115-48ae-84a2-3d6ef148cdaf.pdf
Agi Greenpac Ltd,https://www.bseindia.com/stockinfo/AnnPdfOpen.aspx?Pname=155c0db0-695e-42cf-88d3-717dd6d0070c.pdf
Aditya Birla Fashion and Retail Ltd,https://www.bseindia.com/stockinfo/AnnPdfOpen.aspx?Pname=57fd0875-e50e-47cf-b1b2-65b1aa642e38.pdf
INDIA NIPPON ELECTRICALS LTD.,https://www.bseindia.com/stockinfo/AnnPdfOpen.aspx?Pname=cc68ebdd-edb8-45cc-bdde-060197793853.pdf
FINOLEX INDUSTRIES LTD.,https://www.bseindia.com/stockinfo/AnnPdfOpen.aspx?Pname=69bba813-3e60-4f53-8ff6-5115627fb502.pdf
HINDUSTAN FOODS LTD.,https://www.bseindia.com/stockinfo/AnnPdfOpen.aspx?Pname=6147aba6-f3fa-444e-9a0e-a7d3438243d4.pdf
Capri Global Capital Limited,https://www.bseindia.com/stockinfo/AnnPdfOpen.aspx?Pname=bb828810-f884-4722-b10f-addd762ce751.pdf
Solara Active Pharma Sciences Ltd,https://www.bseindia.com/stockinfo/AnnPdfOpen.aspx?Pname=a642f3c8-b55d-4bbb-8037-543cff8ba163.pdf
SPECIALITY RESTAURANTS LTD.,https://www.bseindia.com/stockinfo/AnnPdfOpen.aspx?Pname=f90719de-d648-44ea-aae2-1e9afefedbb8.pdf
CIGNITI TECHNOLOGIES LTD.,https://www.bseindia.com/stockinfo/AnnPdfOpen.aspx?Pname=bd054c83-e60e-4437-9612-019cd8328e72.pdf
SHAILY ENGINEERING PLASTICS LTD.,https://www.bseindia.com/stockinfo/AnnPdfOpen.aspx?Pname=bcaedd7f-b038-4bbd-8645-0998d1514126.pdf
ECLERX SERVICES LTD.,https://www.bseindia.com/stockinfo/AnnPdfOpen.aspx?Pname=4ec6d2f4-e6e6-4666-96c5-c24da1e11356.pdf
Pitti Engineering Ltd-,https://www.bseindia.com/stockinfo/AnnPdfOpen.aspx?Pname=ed0bf187-895f-436f-9c7f-13ddf255ea27.pdf
GUJARAT INDUSTRIES POWER CO.LTD.,https://www.bseindia.com/stockinfo/AnnPdfOpen.aspx?Pname=d293875f-44e9-440b-ba36-d7367b283feb.pdf
SML ISUZU LIMITED,https://www.bseindia.com/stockinfo/AnnPdfOpen.aspx?Pname=57a373c3-1b0b-4957-8a7a-ef1ce41036e6.pdf
GUJARAT INDUSTRIES POWER CO.LTD.,https://www.bseindia.com/stockinfo/AnnPdfOpen.aspx?Pname=8d7c0955-70a4-4f0e-8c7f-fac55e2ae5b2.pdf
Paisalo Digital Ltd,https://www.bseindia.com/stockinfo/AnnPdfOpen.aspx?Pname=26a80108-b8ee-4f55-aef8-ad0e9caa6a71.pdf
GULSHAN POLYOLS LTD.,https://www.bseindia.com/stockinfo/AnnPdfOpen.aspx?Pname=e4f1b8fe-146c-4eb7-a246-c10af4e3d1c9.pdf
VARDHMAN SPECIAL STEELS LTD.,https://www.bseindia.com/stockinfo/AnnPdfOpen.aspx?Pname=a2a6669a-a0d4-4155-a453-f59270b2c345.pdf
Uniparts India Ltd,https://www.bseindia.com/stockinfo/AnnPdfOpen.aspx?Pname=1a18769f-bd0e-404a-9a2a-1c84aedeec5e.pdf
Monarch Networth Capital Ltd,https://www.bseindia.com/stockinfo/AnnPdfOpen.aspx?Pname=2e177e43-d30a-4ac3-b93e-35fa2b2a1f21.pdf
GOKALDAS EXPORTS LTD.,https://www.bseindia.com/stockinfo/AnnPdfOpen.aspx?Pname=9d2633b0-60b8-4d49-b71b-78d4e7ac8b30.pdf
Garden Reach Shipbuilders & Engineers Ltd,https://www.bseindia.com/stockinfo/AnnPdfOpen.aspx?Pname=6c8fe4c0-3505-462c-83e4-daa7df908cb8.pdf
Skipper Ltd,https://www.bseindia.com/stockinfo/AnnPdfOpen.aspx?Pname=a8d6831c-d438-4a91-adf2-0c57be000fbb.pdf
Krsnaa Diagnostics Ltd,https://www.bseindia.com/stockinfo/AnnPdfOpen.aspx?Pname=864098f6-f91b-48e6-836a-3f7001e99f5e.pdf
PNB GILTS LTD.,https://www.bseindia.com/stockinfo/AnnPdfOpen.aspx?Pname=e7c2f027-78d8-47f6-8e10-4ce7660de7dd.pdf
V.S.T.TILLERS TRACTORS LTD.-,https://www.bseindia.com/stockinfo/AnnPdfOpen.aspx?Pname=cc1519e5-7d9a-4461-9db5-198621fdf0b7.pdf
GUJARAT STATE PETRONET LTD.,https://www.bseindia.com/stockinfo/AnnPdfOpen.aspx?Pname=6e094372-f4d7-4cdc-a7d1-bec2947cbce7.pdf
GUJARAT NARMADA VALLEY FERTILIZERS & CHEMICALS LTD.,https://www.bseindia.com/stockinfo/AnnPdfOpen.aspx?Pname=fdc61419-8354-49fd-a6d8-7db21797afa2.pdf
Puravankara Ltd,https://www.bseindia.com/stockinfo/AnnPdfOpen.aspx?Pname=80fc85a4-29e2-4039-b563-f79fddabb540.pdf
VARDHMAN TEXTILES LTD.,https://www.bseindia.com/stockinfo/AnnPdfOpen.aspx?Pname=8ecf6db6-36eb-47ef-bc95-f7eaad208020.pdf
INDIA CEMENTS LTD.,https://www.bseindia.com/stockinfo/AnnPdfOpen.aspx?Pname=6f6afe19-9601-468c-b17c-df807439e469.pdf
PARAMOUNT COMMUNICATIONS LTD.-,https://www.bseindia.com/stockinfo/AnnPdfOpen.aspx?Pname=35abca28-87b7-4394-8bf7-50660de7d331.pdf
VARDHMAN HOLDINGS LTD.,https://www.bseindia.com/stockinfo/AnnPdfOpen.aspx?Pname=2a5d5b7b-6446-4afd-b281-477b8f5983ac.pdf
Hi-Tech Pipes Ltd,https://www.bseindia.com/stockinfo/AnnPdfOpen.aspx?Pname=6fa7632b-c8de-4b72-8254-0ec305a0740f.pdf
Sandhar Technologies Ltd,https://www.bseindia.com/stockinfo/AnnPdfOpen.aspx?Pname=16ff9d62-091a-43f4-b87c-e2236830b6ca.pdf
IRB INFRASTRUCTURE DEVELOPERS LTD.,https://www.bseindia.com/stockinfo/AnnPdfOpen.aspx?Pname=b10e4894-78e2-42b2-9858-b626d1ef95c7.pdf
Medi Assist Healthcare Services Ltd,https://www.bseindia.com/stockinfo/AnnPdfOpen.aspx?Pname=1b9c61f7-ce7e-4634-9878-343c56ab9170.pdf
BEML LTD.,https://www.bseindia.com/stockinfo/AnnPdfOpen.aspx?Pname=b62373b8-8ab3-47bf-9026-190955c2181b.pdf
JUBILANT INDUSTRIES LTD.,https://www.bseindia.com/stockinfo/AnnPdfOpen.aspx?Pname=97138bc7-98b0-46f2-931d-76d65381d98e.pdf
GODAWARI POWER & ISPAT LTD.,https://www.bseindia.com/stockinfo/AnnPdfOpen.aspx?Pname=b57ef60c-e3f5-4587-8697-fcd94b68d898.pdf
Ami Organics Ltd,https://www.bseindia.com/stockinfo/AnnPdfOpen.aspx?Pname=e99e44c6-5792-4dc0-9b13-d454e4c9af3d.pdf
Juniper Hotels Ltd,https://www.bseindia.com/stockinfo/AnnPdfOpen.aspx?Pname=06a41738-0bea-4b57-8b75-60fcace3075b.pdf
PVR Inox Ltd,https://www.bseindia.com/stockinfo/AnnPdfOpen.aspx?Pname=ee472eed-e71f-498c-8ece-acd4ca7d8e8d.pdf
Landmark Cars Ltd,https://www.bseindia.com/stockinfo/AnnPdfOpen.aspx?Pname=7c821223-a01a-4c5e-89c5-b57e1969908b.pdf
Paras Defence and Space Technologies Ltd,https://www.bseindia.com/stockinfo/AnnPdfOpen.aspx?Pname=35cf4427-dd45-48c7-bb73-01a7d9565d60.pdf
CCL PRODUCTS (INDIA) LTD.,https://www.bseindia.com/stockinfo/AnnPdfOpen.aspx?Pname=0b279788-32c7-4e9e-aab4-45dbcb78c970.pdf
Eureka Forbes Ltd,https://www.bseindia.com/stockinfo/AnnPdfOpen.aspx?Pname=fc61f947-4734-4079-9c29-caa663fcd5d1.pdf
AARTI DRUGS LTD.,https://www.bseindia.com/stockinfo/AnnPdfOpen.aspx?Pname=b39a287c-cf2b-4e3e-bbcc-a87f3fb9e334.pdf
Popular Vehicles and Services Ltd,https://www.bseindia.com/stockinfo/AnnPdfOpen.aspx?Pname=668f1a29-aab2-4c34-a8ae-81144cd47dd8.pdf
NRB BEARINGS LTD.,https://www.bseindia.com/stockinfo/AnnPdfOpen.aspx?Pname=83546e98-ed97-4fce-8f3e-dd05f3c99b53.pdf
NIRLON LTD.,https://www.bseindia.com/stockinfo/AnnPdfOpen.aspx?Pname=0e90d823-0c1d-4588-b26a-d1fff61bc1fb.pdf
Dilip Buildcon Ltd,https://www.bseindia.com/stockinfo/AnnPdfOpen.aspx?Pname=f8eea03f-2516-473b-9747-699bb65456d8.pdf
TRANSPEK INDUSTRY LTD.-,https://www.bseindia.com/stockinfo/AnnPdfOpen.aspx?Pname=0c8444db-8d4a-4cdf-83f2-b3617be8b6b0.pdf
GUJARAT ALKALIES & CHEMICALS LTD.,https://www.bseindia.com/stockinfo/AnnPdfOpen.aspx?Pname=869b031c-6968-4093-9347-803df6fee29b.pdf
J.KUMAR INFRAPROJECTS LTD.,https://www.bseindia.com/stockinfo/AnnPdfOpen.aspx?Pname=b8df3057-7e69-43a4-8fc2-26497484709e.pdf
Vidhi Specialty Food Ingredients Ltd-$,https://www.bseindia.com/stockinfo/AnnPdfOpen.aspx?Pname=6510c160-3d98-4038-9aa7-c8d493cdd055.pdf
Garware Hi-Tech Films Ltd,https://www.bseindia.com/stockinfo/AnnPdfOpen.aspx?Pname=2d9abbe2-9784-49cb-bbfe-fc2871017757.pdf
CHOICE INTERNATIONAL LTD.,https://www.bseindia.com/stockinfo/AnnPdfOpen.aspx?Pname=267c95d9-822d-409e-9e82-343f10f229cf.pdf
CONTAINER CORPORATION OF INDIA LTD.,https://www.bseindia.com/stockinfo/AnnPdfOpen.aspx?Pname=a1ba605f-b89e-4654-97e3-3f0988820ab3.pdf
POLYPLEX CORPORATION LTD.,https://www.bseindia.com/stockinfo/AnnPdfOpen.aspx?Pname=cc04c123-a052-4554-9fc8-6b2b45f948c5.pdf
BANNARI AMMAN SUGARS LTD.,https://www.bseindia.com/stockinfo/AnnPdfOpen.aspx?Pname=36d615a9-6225-405b-84ac-b92013b673a1.pdf
Star Health and Allied Insurance Company Ltd,https://www.bseindia.com/stockinfo/AnnPdfOpen.aspx?Pname=a0b85ee7-3e31-416e-ab7f-4e320ab73957.pdf
Quint Digital Ltd,https://www.bseindia.com/stockinfo/AnnPdfOpen.aspx?Pname=ed842de8-45b9-451e-86a1-7ca109338514.pdf
Bharat Wire Ropes Ltd,https://www.bseindia.com/stockinfo/AnnPdfOpen.aspx?Pname=9ea39b2f-a37a-46eb-9109-66be0aec1a7c.pdf
OnMobile Global Ltd.,https://www.bseindia.com/stockinfo/AnnPdfOpen.aspx?Pname=6f9f1680-b644-4efd-963a-2ae2d92946e8.pdf
Affle (India) Ltd,https://www.bseindia.com/stockinfo/AnnPdfOpen.aspx?Pname=56009dea-a804-4031-9829-ad0591775be3.pdf
Venus Pipes & Tubes Ltd,https://www.bseindia.com/stockinfo/AnnPdfOpen.aspx?Pname=dbadecc7-70d7-4bb8-ac4d-fa00c49140b8.pdf
CENTURY PLYBOARDS (I) LTD.-,https://www.bseindia.com/stockinfo/AnnPdfOpen.aspx?Pname=ddaa2c2a-1d24-42d3-96f8-e3f3dd2bf514.pdf
AMRUTANJAN HEALTH CARE LTD.-,https://www.bseindia.com/stockinfo/AnnPdfOpen.aspx?Pname=1a130fbd-cbf4-45a9-a535-7cb795ec2507.pdf
Prataap Snacks Ltd,https://www.bseindia.com/stockinfo/AnnPdfOpen.aspx?Pname=1f846230-fdd7-4e69-b167-0378d49bf045.pdf
APL APOLLO TUBES LTD.,https://www.bseindia.com/stockinfo/AnnPdfOpen.aspx?Pname=4cd7177e-f2c3-478f-8bdf-6ce0531f6599.pdf
ASIAN STAR CO.LTD.-,https://www.bseindia.com/stockinfo/AnnPdfOpen.aspx?Pname=634358a8-f3cb-4a1b-8331-11453c4b4fea.pdf
BODAL CHEMICALS LTD.,https://www.bseindia.com/stockinfo/AnnPdfOpen.aspx?Pname=6bd9481a-a641-4656-9b8c-5beef2b14a78.pdf
Olectra Greentech Ltd,https://www.bseindia.com/stockinfo/AnnPdfOpen.aspx?Pname=13c4ab89-3443-4da7-83c9-41473b11976f.pdf
Rajnish Wellness Ltd,https://www.bseindia.com/stockinfo/AnnPdfOpen.aspx?Pname=349d14a5-9675-4937-8200-9b4f11037498.pdf
HealthCare Global Enterprises Ltd,https://www.bseindia.com/stockinfo/AnnPdfOpen.aspx?Pname=4998f9e0-dedb-40a1-8f4d-725a91b9dfa2.pdf
GOCL Corporation Ltd-,https://www.bseindia.com/stockinfo/AnnPdfOpen.aspx?Pname=e8928ca0-b5fe-48b2-a215-268e68e79645.pdf
TEXMACO RAIL & ENGINEERING LTD.,https://www.bseindia.com/stockinfo/AnnPdfOpen.aspx?Pname=f7573866-f484-4c90-ac92-ed76dbcdaba9.pdf
SG Finserve Ltd,https://www.bseindia.com/stockinfo/AnnPdfOpen.aspx?Pname=4838f395-9e1b-4a6c-b87f-c618d6591577.pdf
Avalon Technologies Ltd,https://www.bseindia.com/stockinfo/AnnPdfOpen.aspx?Pname=0ad5ed2b-9c58-41a2-84d2-0ceae946c551.pdf
GUJARAT STATE FERTILIZERS & CHEMICALS LTD.,https://www.bseindia.com/stockinfo/AnnPdfOpen.aspx?Pname=d170250a-689c-4e83-b2e9-f162624dbc87.pdf
VERITAS (INDIA) LTD.,https://www.bseindia.com/stockinfo/AnnPdfOpen.aspx?Pname=4b0409d0-4491-49c5-9bc4-ec36befa36fb.pdf
GUFIC BIOSCIENCES LTD.,https://www.bseindia.com/stockinfo/AnnPdfOpen.aspx?Pname=fb5d0463-5e14-49da-ad51-9a4d1bd7ea62.pdf
Hariom Pipe Industries Ltd,https://www.bseindia.com/stockinfo/AnnPdfOpen.aspx?Pname=2ef9714f-c943-4d8d-b702-4bfb79920a16.pdf
NIIT LTD.,https://www.bseindia.com/stockinfo/AnnPdfOpen.aspx?Pname=fa989af1-86a0-47ac-8032-8bd3296f33f5.pdf
MARKSANS PHARMA LTD.,https://www.bseindia.com/stockinfo/AnnPdfOpen.aspx?Pname=9ca0b0f3-5468-4a28-a2db-135014a1c076.pdf
Protean eGov Technologies Ltd,https://www.bseindia.com/stockinfo/AnnPdfOpen.aspx?Pname=6412526f-a587-4d98-bf6e-f007faf83fab.pdf
NIIT Learning Systems Ltd,https://www.bseindia.com/stockinfo/AnnPdfOpen.aspx?Pname=7363e590-0a9b-489a-bfe6-0d37abff9858.pdf
BLACK ROSE INDUSTRIES LTD.,https://www.bseindia.com/stockinfo/AnnPdfOpen.aspx?Pname=6abeb8b5-21e2-46c3-98ab-e9f1ae0f6f83.pdf
DOMS Industries Ltd,https://www.bseindia.com/stockinfo/AnnPdfOpen.aspx?Pname=4ae3c286-eb04-486d-b19e-25ede734cbbb.pdf
Heubach Colorants India Ltd,https://www.bseindia.com/stockinfo/AnnPdfOpen.aspx?Pname=1d357eb9-c345-4f41-9ca0-0f854aa31484.pdf
STEELCAST LTD.,https://www.bseindia.com/stockinfo/AnnPdfOpen.aspx?Pname=dcc387a0-07a6-420b-8d28-a92fe2ae8b07.pdf
Apollo Pipes Ltd,https://www.bseindia.com/stockinfo/AnnPdfOpen.aspx?Pname=e54a29cb-1ed5-4265-827a-01139c5b42b7.pdf
Hariom Pipe Industries Ltd,https://www.bseindia.com/stockinfo/AnnPdfOpen.aspx?Pname=449bbc6d-70c5-4ebd-838d-25e258255659.pdf
Mold-Tek Packaging Limited,https://www.bseindia.com/stockinfo/AnnPdfOpen.aspx?Pname=db29bb0a-1993-4cc8-8bbd-3b73d4cd09b3.pdf
SHIVALIK BIMETAL CONTROLS LTD.,https://www.bseindia.com/stockinfo/AnnPdfOpen.aspx?Pname=756df1de-60c3-4fdf-adb8-2d78ec93592c.pdf
SAVITA OIL TECHNOLOGIES LTD.,https://www.bseindia.com/stockinfo/AnnPdfOpen.aspx?Pname=ba66bb1a-91d4-48b7-8017-d38bcd765ffe.pdf
ECLERX SERVICES LTD.,https://www.bseindia.com/stockinfo/AnnPdfOpen.aspx?Pname=e0f89cc0-e909-43d2-8edc-b69afa32cec6.pdf
Johnson Controls-Hitachi Air Conditioning India Ltd,https://www.bseindia.com/stockinfo/AnnPdfOpen.aspx?Pname=22603105-baf4-482e-b865-c8cbf3d9994c.pdf
HINDUSTAN COPPER LTD.,https://www.bseindia.com/stockinfo/AnnPdfOpen.aspx?Pname=5062d0ca-7d9b-4af7-bfba-258a20c35741.pdf
Campus Activewear Ltd,https://www.bseindia.com/stockinfo/AnnPdfOpen.aspx?Pname=0acd0275-879d-43c0-85b2-9efd6c25a3d1.pdf
Hemisphere Properties India Ltd,https://www.bseindia.com/stockinfo/AnnPdfOpen.aspx?Pname=867285a8-ef1d-460d-92b5-600cdd33b1fe.pdf
APOLLO HOSPITALS ENTERPRISE LTD.,https://www.bseindia.com/stockinfo/AnnPdfOpen.aspx?Pname=2ac497e3-68bb-4792-a12e-509e47ee1e5f.pdf
Blue Jet Healthcare Ltd,https://www.bseindia.com/stockinfo/AnnPdfOpen.aspx?Pname=0e3ea41a-7194-4dca-a5f6-cf2021086566.pdf
Eris Lifesciences Ltd,https://www.bseindia.com/stockinfo/AnnPdfOpen.aspx?Pname=704a6c8b-ece5-4ea0-88b9-c7223ce64bb1.pdf
SANGAM (INDIA) LTD.,https://www.bseindia.com/stockinfo/AnnPdfOpen.aspx?Pname=4a10402e-da2b-493f-bbf0-39af47a54f6d.pdf
INDOCO REMEDIES LTD.,https://www.bseindia.com/stockinfo/AnnPdfOpen.aspx?Pname=8c103c5d-3556-44fc-aece-c01f1a34c421.pdf
Techno Electric & Engineering Company Ltd,https://www.bseindia.com/stockinfo/AnnPdfOpen.aspx?Pname=998d0d10-ca7b-4760-aa4b-90901a3badb7.pdf
GANESH BENZOPLAST LTD.,https://www.bseindia.com/stockinfo/AnnPdfOpen.aspx?Pname=8bd24fc4-0759-4af9-96af-1819a1a3480f.pdf
Dhani Services Ltd,https://www.bseindia.com/stockinfo/AnnPdfOpen.aspx?Pname=45a7cfae-4dcb-40ee-806c-a7b20113a9cf.pdf
Prudent Corporate Advisory Services Ltd,https://www.bseindia.com/stockinfo/AnnPdfOpen.aspx?Pname=2e83dfe6-4ab7-4f67-a7e1-1d6a82ba5c24.pdf
PTC INDIA LTD.,https://www.bseindia.com/stockinfo/AnnPdfOpen.aspx?Pname=0b06822d-910a-4435-af0b-b4b14ff97f6a.pdf
PICCADILY AGRO INDUSTRIES LTD.,https://www.bseindia.com/stockinfo/AnnPdfOpen.aspx?Pname=c0b7e63f-910d-4103-b6bc-40bb84798706.pdf
NATIONAL STANDARD (INDIA) LTD.,https://www.bseindia.com/stockinfo/AnnPdfOpen.aspx?Pname=052cc2b5-cbda-401a-9b85-090ca31fdb10.pdf
Black Box Ltd,https://www.bseindia.com/stockinfo/AnnPdfOpen.aspx?Pname=5ceb35f7-55fe-4f73-9ebb-3121527dc68c.pdf
Glenmark Life Sciences Ltd,https://www.bseindia.com/stockinfo/AnnPdfOpen.aspx?Pname=774b1169-3ddf-4cfb-a743-c48b8356a18f.pdf
Gujarat Fluorochemicals Ltd,https://www.bseindia.com/stockinfo/AnnPdfOpen.aspx?Pname=89bd1eed-e76c-4a3a-811b-cd57161ad94a.pdf
HMA Agro Industries Ltd,https://www.bseindia.com/stockinfo/AnnPdfOpen.aspx?Pname=42158f63-1b84-4262-ab98-b8f6c2c615ee.pdf
NLC India Ltd,https://www.bseindia.com/stockinfo/AnnPdfOpen.aspx?Pname=74a1cec8-9d0c-4090-bb5a-6247fe21a052.pdf
UNITED DRILLING TOOLS LTD.,https://www.bseindia.com/stockinfo/AnnPdfOpen.aspx?Pname=bc24a8fe-44c4-4e3f-bfd8-e25cb3128d83.pdf
SHREE RENUKA SUGARS LTD.,https://www.bseindia.com/stockinfo/AnnPdfOpen.aspx?Pname=81e4e9c0-006b-486f-9b5b-7f778ab3825e.pdf
APTECH LTD.,https://www.bseindia.com/stockinfo/AnnPdfOpen.aspx?Pname=e3305715-0297-41fe-8071-ad5930114ca6.pdf
SARDA ENERGY & MINERALS LTD.-,https://www.bseindia.com/stockinfo/AnnPdfOpen.aspx?Pname=6db85283-5fe5-41e4-89df-7d50d438f9e8.pdf
Tamilnad Mercantile Bank Ltd,https://www.bseindia.com/stockinfo/AnnPdfOpen.aspx?Pname=7d9deb8c-c58b-4a1f-9966-aea02b734944.pdf
Housing & Urban Development Corporation Ltd,https://www.bseindia.com/stockinfo/AnnPdfOpen.aspx?Pname=89689f4c-f5f9-4db0-bf11-65acd57f22cf.pdf
SADHANA NITROCHEM LTD.,https://www.bseindia.com/stockinfo/AnnPdfOpen.aspx?Pname=6403fce4-5617-4f3b-aec8-93266212d0ff.pdf
MARATHON NEXTGEN REALTY LTD.,https://www.bseindia.com/stockinfo/AnnPdfOpen.aspx?Pname=4c74dff5-9777-4d6a-94fe-fa00c2f3db1d.pdf
Borosil Ltd,https://www.bseindia.com/stockinfo/AnnPdfOpen.aspx?Pname=c73b454f-8f88-4221-8191-521b20fc0229.pdf
Carysil Ltd,https://www.bseindia.com/stockinfo/AnnPdfOpen.aspx?Pname=1bb868a2-bbde-4bb5-93d8-9375719ac008.pdf
TAMILNADU PETROPRODUCTS LTD.,https://www.bseindia.com/stockinfo/AnnPdfOpen.aspx?Pname=e8734794-b01d-48d4-82f9-00ec2e3cbefd.pdf
Likhitha Infrastructure Ltd,https://www.bseindia.com/stockinfo/AnnPdfOpen.aspx?Pname=a2ffa335-19b3-499c-9168-8f34381599d5.pdf
Medplus Health Services Ltd,https://www.bseindia.com/stockinfo/AnnPdfOpen.aspx?Pname=7a5647cd-ee74-4524-a343-c6466ae60642.pdf
Dreamfolks Services Ltd,https://www.bseindia.com/stockinfo/AnnPdfOpen.aspx?Pname=c2cd31e4-6dc6-4313-9eb5-bd855615cb64.pdf
Apex Frozen Foods Ltd,https://www.bseindia.com/stockinfo/AnnPdfOpen.aspx?Pname=10d0e62a-90a5-46b5-a6b2-c57b753f50ab.pdf
Paradeep Phosphates Ltd,https://www.bseindia.com/stockinfo/AnnPdfOpen.aspx?Pname=d5ce0174-ceab-413d-acaf-616c859efcd6.pdf
Redtape Ltd,https://www.bseindia.com/stockinfo/AnnPdfOpen.aspx?Pname=7512444e-bdb5-4d57-9953-d55fc00bb0d9.pdf
VADILAL INDUSTRIES LTD.-,https://www.bseindia.com/stockinfo/AnnPdfOpen.aspx?Pname=deda8cc0-d37e-4cc8-992a-a2fcbb29d375.pdf
AHLUWALIA CONTRACTS (INDIA) LTD.,https://www.bseindia.com/stockinfo/AnnPdfOpen.aspx?Pname=58ab18b9-4dc1-43f0-a429-c1d99f2c3bf2.pdf
Bikaji Foods International Ltd,https://www.bseindia.com/stockinfo/AnnPdfOpen.aspx?Pname=443c1bfe-bd5e-46b4-9dc6-b26acdbf7684.pdf
Gopal Snacks Ltd,https://www.bseindia.com/stockinfo/AnnPdfOpen.aspx?Pname=35c0ed7a-156e-4b41-947b-2e67430419af.pdf
Pilani Investment and Industries Corporation Ltd,https://www.bseindia.com/stockinfo/AnnPdfOpen.aspx?Pname=38abfc09-4072-4f5a-af80-914e97c80e3d.pdf
SUNFLAG IRON & STEEL CO.LTD.,https://www.bseindia.com/stockinfo/AnnPdfOpen.aspx?Pname=3b5d4749-958d-46d2-b2a0-8a7f7cc5781a.pdf
63 Moons Technologies Ltd,https://www.bseindia.com/stockinfo/AnnPdfOpen.aspx?Pname=96c5d965-29b8-4e3d-9ce8-205f0204a46e.pdf
GOLDIAM INTERNATIONAL LTD.,https://www.bseindia.com/stockinfo/AnnPdfOpen.aspx?Pname=5f44481e-5dfe-4d97-a5d8-b4644b9a684d.pdf
GOLDIAM INTERNATIONAL LTD.,https://www.bseindia.com/stockinfo/AnnPdfOpen.aspx?Pname=2eb2104d-6a2a-4c92-b0c5-6a4945b1a7a4.pdf
Samhi Hotels Ltd,https://www.bseindia.com/stockinfo/AnnPdfOpen.aspx?Pname=6bd66ed7-edb7-4d3e-956b-8f46fed7e00e.pdf
Share India Securities Ltd,https://www.bseindia.com/stockinfo/AnnPdfOpen.aspx?Pname=e8f3b5f6-681e-40dd-a527-aa4fefac4902.pdf
Dishman Carbogen Amcis Ltd,https://www.bseindia.com/stockinfo/AnnPdfOpen.aspx?Pname=b3974a5d-371d-4bb9-a1af-0c8808a6a221.pdf
INDO RAMA SYNTHETICS (INDIA) LTD.,https://www.bseindia.com/stockinfo/AnnPdfOpen.aspx?Pname=9b6f3141-d41a-492e-bf40-ef9039c720fa.pdf
VISHNU CHEMICALS LTD.,https://www.bseindia.com/stockinfo/AnnPdfOpen.aspx?Pname=a9e7dbce-9115-4723-8233-9ad9470fddd4.pdf
Shalby Ltd,https://www.bseindia.com/stockinfo/AnnPdfOpen.aspx?Pname=672ad95b-15bb-4a9b-851a-2ab91d94d5cd.pdf
Chemcon Speciality Chemicals Ltd,https://www.bseindia.com/stockinfo/AnnPdfOpen.aspx?Pname=801ab8dd-ef00-44bb-99c6-9a052b2d905a.pdf
HEIDELBERGCEMENT INDIA LTD.,https://www.bseindia.com/stockinfo/AnnPdfOpen.aspx?Pname=6b601aaa-2f77-4812-941f-e67da42ae724.pdf
MANGALORE CHEMICALS & FERTILIZERS LTD.,https://www.bseindia.com/stockinfo/AnnPdfOpen.aspx?Pname=7c4158b4-444d-441c-983a-edb334059d4b.pdf
Tarsons Products Ltd,https://www.bseindia.com/stockinfo/AnnPdfOpen.aspx?Pname=37153f57-b94b-47e9-9928-46145061952e.pdf
Patanjali Foods Ltd,https://www.bseindia.com/stockinfo/AnnPdfOpen.aspx?Pname=0d75e314-6627-47dd-b0ea-31a0dc4afef5.pdf
UNITECH LTD.,https://www.bseindia.com/stockinfo/AnnPdfOpen.aspx?Pname=d02eea63-a740-4b0f-8a87-b0339c9d3c5e.pdf
CUPID LTD.-,https://www.bseindia.com/stockinfo/AnnPdfOpen.aspx?Pname=7bfa4507-5dde-449f-bfd4-8a973182510e.pdf
ESTER INDUSTRIES LTD.,https://www.bseindia.com/stockinfo/AnnPdfOpen.aspx?Pname=7244a05e-afb4-4af1-99d1-9239dc65a7bf.pdf
FILATEX INDIA LTD.-,https://www.bseindia.com/stockinfo/AnnPdfOpen.aspx?Pname=e459b3d6-3df9-4d08-9c31-6746c5faa2bf.pdf
DCX Systems Ltd,https://www.bseindia.com/stockinfo/AnnPdfOpen.aspx?Pname=3473ce02-e0a8-42eb-8f65-92434b768437.pdf
Lemon Tree Hotels Ltd,https://www.bseindia.com/stockinfo/AnnPdfOpen.aspx?Pname=bbc826db-07f6-454c-80b8-2afac5fa7db1.pdf
Kirloskar Industries Ltd,https://www.bseindia.com/stockinfo/AnnPdfOpen.aspx?Pname=54b89b43-46ba-4b99-823b-0df7752c5aa5.pdf
Ddev Plastiks Industries Ltd,https://www.bseindia.com/stockinfo/AnnPdfOpen.aspx?Pname=5568507c-af1e-4b30-9366-a42669ca74ed.pdf
HINDUJA GLOBAL SOLUTIONS LTD.,https://www.bseindia.com/stockinfo/AnnPdfOpen.aspx?Pname=221309bd-c398-41a4-9c86-574feeac4cfd.pdf
FDC LTD.,https://www.bseindia.com/stockinfo/AnnPdfOpen.aspx?Pname=d4792d7b-9fd2-42e1-b3fc-6e756323a3c9.pdf
SWAN ENERGY LTD.,https://www.bseindia.com/stockinfo/AnnPdfOpen.aspx?Pname=b48f4fcb-ef9d-4ff3-9e6b-99992efd8505.pdf
DCW LTD.,https://www.bseindia.com/stockinfo/AnnPdfOpen.aspx?Pname=d5993c07-b2a2-4981-b18e-7a44022b507b.pdf
General Insurance Corporation of India,https://www.bseindia.com/stockinfo/AnnPdfOpen.aspx?Pname=40e0d784-3fe5-442c-97bd-447b4658dad4.pdf
Veranda Learning Solutions Ltd,https://www.bseindia.com/stockinfo/AnnPdfOpen.aspx?Pname=d735cd7e-95a9-4bbd-8f83-248d4a183794.pdf
KNR CONSTRUCTIONS LTD.,https://www.bseindia.com/stockinfo/AnnPdfOpen.aspx?Pname=df833f83-bec7-4c48-af27-0efaf8ee417e.pdf
IFCI LTD.,https://www.bseindia.com/stockinfo/AnnPdfOpen.aspx?Pname=d5afc5a4-e8ef-4c08-acf9-6ba1d38e225d.pdf
ARIHANT CAPITAL MARKETS LTD.,https://www.bseindia.com/stockinfo/AnnPdfOpen.aspx?Pname=88fd55b9-8d78-4882-938b-8e3282c400ef.pdf
Imagicaaworld Entertainment Ltd,https://www.bseindia.com/stockinfo/AnnPdfOpen.aspx?Pname=ba6fa44e-57da-4832-b931-d3dca87f46b1.pdf
GLENMARK PHARMACEUTICALS LTD.,https://www.bseindia.com/stockinfo/AnnPdfOpen.aspx?Pname=798f9aec-ba40-4dd5-a389-3ce247cbc555.pdf
BALMER LAWRIE & CO.LTD.,https://www.bseindia.com/stockinfo/AnnPdfOpen.aspx?Pname=f6c42242-2803-4550-b9d6-bb261fb35442.pdf
Sansera Engineering Ltd,https://www.bseindia.com/stockinfo/AnnPdfOpen.aspx?Pname=14427dfa-6933-4d33-bd73-26bd0508ceac.pdf
Welspun Specialty Solutions Ltd,https://www.bseindia.com/stockinfo/AnnPdfOpen.aspx?Pname=8106b933-8fb2-4c63-92c1-b791497c9966.pdf
Fino Payments Bank Ltd,https://www.bseindia.com/stockinfo/AnnPdfOpen.aspx?Pname=004c7c23-b8e2-4a53-937e-4a5e2de1868a.pdf
Dee Development Engineers Ltd,https://www.bseindia.com/stockinfo/AnnPdfOpen.aspx?Pname=9fa77897-b612-4264-bef1-ed80e5c89783.pdf
Yatra Online Ltd,https://www.bseindia.com/stockinfo/AnnPdfOpen.aspx?Pname=d18b050a-450b-46d6-8a5a-a2df1ec3fc81.pdf
K.P. Energy Ltd,https://www.bseindia.com/stockinfo/AnnPdfOpen.aspx?Pname=be4a3d0f-3240-4ea4-b460-5c2aedcc4d48.pdf
NBCC (India) Ltd,https://www.bseindia.com/stockinfo/AnnPdfOpen.aspx?Pname=bad13fef-0b25-4ab9-9602-7784c3ceb03a.pdf
MULTI COMMODITY EXCHANGE OF INDIA LTD.,https://www.bseindia.com/stockinfo/AnnPdfOpen.aspx?Pname=736f493b-54fa-460d-9ee8-a070a8ccc914.pdf
Gujarat Gas Ltd,https://www.bseindia.com/stockinfo/AnnPdfOpen.aspx?Pname=72e0a7d5-370d-4a49-8150-41c7e1530f94.pdf
Lux Industries Ltd,https://www.bseindia.com/stockinfo/AnnPdfOpen.aspx?Pname=a0ce7e9c-24f7-46da-89e7-30241e570996.pdf
KPI Green Energy Ltd,https://www.bseindia.com/stockinfo/AnnPdfOpen.aspx?Pname=cf4812bd-0c0c-4654-8592-dbbf7f8471b9.pdf
Neogen Chemicals Ltd,https://www.bseindia.com/stockinfo/AnnPdfOpen.aspx?Pname=1f681923-0f21-4f38-8d52-8945d4f5b2b3.pdf
Star Cement Ltd,https://www.bseindia.com/stockinfo/AnnPdfOpen.aspx?Pname=8e1527e9-7259-472f-a1e5-1832763606bb.pdf
Dixon Technologies (India) Ltd,https://www.bseindia.com/stockinfo/AnnPdfOpen.aspx?Pname=5b1138b4-105f-43bc-a6e3-4ae3f3ab33e1.pdf
LT FOODS LTD.,https://www.bseindia.com/stockinfo/AnnPdfOpen.aspx?Pname=f1a91819-731d-4819-946f-c6457289bfaf.pdf
Antony Waste Handling Cell Ltd,https://www.bseindia.com/stockinfo/AnnPdfOpen.aspx?Pname=8c3ce76a-2c79-440a-b6cd-f1a342fa4960.pdf
GRAUER & WEIL (INDIA) LTD.-,https://www.bseindia.com/stockinfo/AnnPdfOpen.aspx?Pname=1afcccb1-180e-45fa-bd61-83cef98c76e3.pdf
Zaggle Prepaid Ocean Services Ltd,https://www.bseindia.com/stockinfo/AnnPdfOpen.aspx?Pname=cfbbe602-ab74-49e2-9486-e50b80b745a6.pdf
NACL Industries Ltd,https://www.bseindia.com/stockinfo/AnnPdfOpen.aspx?Pname=56b4610c-00fe-4c32-995a-ed66dc821857.pdf
Bharat Dynamics Ltd,https://www.bseindia.com/stockinfo/AnnPdfOpen.aspx?Pname=74172d21-9003-4526-83e3-83b8de152fe0.pdf
HINDUSTAN OIL EXPLORATION CO.LTD.,https://www.bseindia.com/stockinfo/AnnPdfOpen.aspx?Pname=b750b5ad-1c9f-4c87-b833-f5c52432906c.pdf
JAYASWAL NECO INDUSTRIES LTD.,https://www.bseindia.com/stockinfo/AnnPdfOpen.aspx?Pname=769c966e-eb48-4700-97c4-639d71ba8a10.pdf
HLE Glascoat Ltd,https://www.bseindia.com/stockinfo/AnnPdfOpen.aspx?Pname=f5475a54-1266-4787-972b-9b3cbf1a77aa.pdf
Welspun Corp Limited,https://www.bseindia.com/stockinfo/AnnPdfOpen.aspx?Pname=f77c6056-47c5-4361-b7e8-6ff291738b81.pdf
RICO AUTO INDUSTRIES LTD.,https://www.bseindia.com/stockinfo/AnnPdfOpen.aspx?Pname=9022ad9e-f82a-4b5f-9d77-dbce0c4507ec.pdf
Sai Silks (Kalamandir) Ltd,https://www.bseindia.com/stockinfo/AnnPdfOpen.aspx?Pname=023f6158-4ca0-46c6-9610-1099f5c3d870.pdf
TECHNOCRAFT INDUSTRIES (INDIA) LTD.,https://www.bseindia.com/stockinfo/AnnPdfOpen.aspx?Pname=4ad1c0e4-4314-47b3-a6c6-73a0c54bbb30.pdf
Mrs. Bectors Food Specialities Ltd,https://www.bseindia.com/stockinfo/AnnPdfOpen.aspx?Pname=41e6b57c-eb51-4b11-95ae-6cc6cd9fb59a.pdf
NATIONAL FERTILIZERS LTD.,https://www.bseindia.com/stockinfo/AnnPdfOpen.aspx?Pname=c7fdb12d-fed1-46de-843b-6bbfe8361e4c.pdf
Apollo Micro Systems Ltd,https://www.bseindia.com/stockinfo/AnnPdfOpen.aspx?Pname=071e2bb6-bd3c-476d-b335-5a865904998d.pdf
RAMKY INFRASTRUCTURE LTD.,https://www.bseindia.com/stockinfo/AnnPdfOpen.aspx?Pname=dc3b7a33-f3cb-43f0-a3d4-25c65c7804c3.pdf
MAN INDUSTRIES (INDIA) LTD.-,https://www.bseindia.com/stockinfo/AnnPdfOpen.aspx?Pname=17f5a93b-ed28-4427-8e41-4b4197f6f0c9.pdf
NATCO PHARMA LTD.,https://www.bseindia.com/stockinfo/AnnPdfOpen.aspx?Pname=ed7ee37f-7493-4088-907d-d23690341224.pdf
S.P. Apparels Ltd,https://www.bseindia.com/stockinfo/AnnPdfOpen.aspx?Pname=2935fa3b-50e1-4dce-a16e-423d44b67f78.pdf
KIRI INDUSTRIES LTD.,https://www.bseindia.com/stockinfo/AnnPdfOpen.aspx?Pname=077c9b49-b68b-4a11-867a-d04c6cf2fdb4.pdf
STEEL AUTHORITY OF INDIA LTD.,https://www.bseindia.com/stockinfo/AnnPdfOpen.aspx?Pname=974b8ef4-331f-4039-a468-8a01f962cb63.pdf
TANFAC INDUSTRIES LTD.-,https://www.bseindia.com/stockinfo/AnnPdfOpen.aspx?Pname=37196a72-bf66-4165-b3ce-2a4342252e18.pdf
Capital India Finance Ltd,https://www.bseindia.com/stockinfo/AnnPdfOpen.aspx?Pname=1f6df96c-7022-447e-bf83-906204937cc5.pdf
KMC SPECIALITY HOSPITALS (INDIA) LTD.,https://www.bseindia.com/stockinfo/AnnPdfOpen.aspx?Pname=e9347551-3a2f-4d1b-897f-4416e5340ebe.pdf
POLY MEDICURE LTD.,https://www.bseindia.com/stockinfo/AnnPdfOpen.aspx?Pname=f52dd0af-53cf-4df8-aba1-1ad0ba48f8ad.pdf
Diamond Power Infrastructure Limited-,https://www.bseindia.com/stockinfo/AnnPdfOpen.aspx?Pname=ba77fc93-71c9-40ce-9fb9-aaa6487c3894.pdf
Exicom Tele-Systems Ltd,https://www.bseindia.com/stockinfo/AnnPdfOpen.aspx?Pname=201c6331-4de0-4e8c-a8e9-d39f2e186ffd.pdf
SUPRAJIT ENGINEERING LTD.-,https://www.bseindia.com/stockinfo/AnnPdfOpen.aspx?Pname=e9f4cf93-fc65-464c-9804-8d441165a423.pdf
AURIONPRO SOLUTIONS LTD.,https://www.bseindia.com/stockinfo/AnnPdfOpen.aspx?Pname=1eac8f14-1cab-4fd9-af37-ed336df3dfe1.pdf
GRM OVERSEAS LTD.,https://www.bseindia.com/stockinfo/AnnPdfOpen.aspx?Pname=2a3555aa-6877-481e-99fd-32f3cac174ef.pdf
AGS Transact Technologies Ltd,https://www.bseindia.com/stockinfo/AnnPdfOpen.aspx?Pname=051befbf-8560-48bc-820b-84627ca20cd0.pdf
Edelweiss Financial Services Ltd.,https://www.bseindia.com/stockinfo/AnnPdfOpen.aspx?Pname=19f1ba1c-92b7-447e-b88f-ece1deab10ae.pdf
Fusion Micro Finance Ltd,https://www.bseindia.com/stockinfo/AnnPdfOpen.aspx?Pname=46e28207-a644-43ba-aded-ba8c854b0b64.pdf
RUPA & COMPANY LTD.,https://www.bseindia.com/stockinfo/AnnPdfOpen.aspx?Pname=3ad245ba-d432-474d-a71e-5b46e7e5eaa5.pdf
ALLCARGO LOGISTICS LTD.,https://www.bseindia.com/stockinfo/AnnPdfOpen.aspx?Pname=22d69282-854b-4f29-9860-0e6b13c4d2d2.pdf
Vakrangee Limited-,https://www.bseindia.com/stockinfo/AnnPdfOpen.aspx?Pname=ab4316a1-6006-4d91-a139-7d8218fa3599.pdf
Sharda Motor Industries Ltd,https://www.bseindia.com/stockinfo/AnnPdfOpen.aspx?Pname=24673acc-5d88-4443-a918-13b94fa7543f.pdf
Rolex Rings Ltd,https://www.bseindia.com/stockinfo/AnnPdfOpen.aspx?Pname=e1bc2f09-45c0-4ec8-8e40-2994d89b8861.pdf
LUMAX INDUSTRIES LTD.,https://www.bseindia.com/stockinfo/AnnPdfOpen.aspx?Pname=cdaf8733-eeab-4bfe-94ab-c62c16fd2948.pdf
Capacite Infraprojects Ltd,https://www.bseindia.com/stockinfo/AnnPdfOpen.aspx?Pname=7075d214-5501-4aee-be9f-88663e7747a9.pdf
LUMAX AUTO TECHNOLOGIES LTD.,https://www.bseindia.com/stockinfo/AnnPdfOpen.aspx?Pname=88c52e01-e7f2-4e37-b6ee-cf5154f243c4.pdf
GREENPLY INDUSTRIES LTD.,https://www.bseindia.com/stockinfo/AnnPdfOpen.aspx?Pname=96289182-5a1e-400d-9da2-7aa09c1374dc.pdf
MAHANAGAR TELEPHONE NIGAM LTD.,https://www.bseindia.com/stockinfo/AnnPdfOpen.aspx?Pname=7ad902ec-adb5-4cb5-960d-1bef3026e448.pdf
MMTC LTD.,https://www.bseindia.com/stockinfo/AnnPdfOpen.aspx?Pname=69df45ef-ab21-4347-a0b4-aa9453af65eb.pdf
Primo Chemicals Ltd,https://www.bseindia.com/stockinfo/AnnPdfOpen.aspx?Pname=b5e7f709-4e8a-418e-b294-35c613fcf5d7.pdf
GENUS POWER INFRASTRUCTURES LTD.-,https://www.bseindia.com/stockinfo/AnnPdfOpen.aspx?Pname=65ede24e-9430-43f9-a8ef-7e62b176d59e.pdf
KITEX GARMENTS LTD.,https://www.bseindia.com/stockinfo/AnnPdfOpen.aspx?Pname=40a7e7b4-399a-44be-9b4a-8f2969999470.pdf
ARMAN FINANCIAL SERVICES LTD.,https://www.bseindia.com/stockinfo/AnnPdfOpen.aspx?Pname=f78a87fa-7252-4a32-8ca0-67dbfcba6511.pdf
Goodluck India Ltd,https://www.bseindia.com/stockinfo/AnnPdfOpen.aspx?Pname=6fdf4787-7de5-4fc8-9767-60e0d9872e1d.pdf
IIFL Finance Ltd,https://www.bseindia.com/stockinfo/AnnPdfOpen.aspx?Pname=804f7407-e19b-4a1e-b28a-facf8eecf947.pdf
FILATEX FASHIONS LTD.,https://www.bseindia.com/stockinfo/AnnPdfOpen.aspx?Pname=aa13b9d3-424d-445f-9ad9-e1638d4b9377.pdf
Alicon Castalloy Limited,https://www.bseindia.com/stockinfo/AnnPdfOpen.aspx?Pname=3cc845c3-9c99-4d51-ba37-38abf8cc943d.pdf
TIME TECHNOPLAST LTD.,https://www.bseindia.com/stockinfo/AnnPdfOpen.aspx?Pname=7e1b798c-72b6-4946-af7d-e1ba167164a6.pdf
PNC Infratech Ltd,https://www.bseindia.com/stockinfo/AnnPdfOpen.aspx?Pname=386bc790-3635-408a-b58c-6c1ef0eae83f.pdf
KIOCL Ltd,https://www.bseindia.com/stockinfo/AnnPdfOpen.aspx?Pname=58fa0fd5-b12d-4f27-9a5b-053a7f3ccc6f.pdf
Supriya Lifescience Ltd,https://www.bseindia.com/stockinfo/AnnPdfOpen.aspx?Pname=d5f1b5f0-a811-4918-ad4f-b4b0f9aa1245.pdf
Equinox India Developments Ltd,https://www.bseindia.com/stockinfo/AnnPdfOpen.aspx?Pname=0044444f-eb8d-4c26-ae19-4cca1699efe9.pdf
MEDIA MATRIX WORLDWIDE LTD.,https://www.bseindia.com/stockinfo/AnnPdfOpen.aspx?Pname=1fbde8f9-fd79-40c9-8962-40ffc5a42ad9.pdf
CarTrade Tech Ltd,https://www.bseindia.com/stockinfo/AnnPdfOpen.aspx?Pname=c823e1de-d27a-4ff1-9b12-047a135b1729.pdf
SHALIMAR PAINTS LTD.-,https://www.bseindia.com/stockinfo/AnnPdfOpen.aspx?Pname=8efb68ca-2de8-4ade-a26d-865432a0efc0.pdf
ANDREW YULE & COMPANY LTD.,https://www.bseindia.com/stockinfo/AnnPdfOpen.aspx?Pname=e053bdad-cc27-4a02-b28f-e3e36435ea69.pdf
MAITHAN ALLOYS LTD.,https://www.bseindia.com/stockinfo/AnnPdfOpen.aspx?Pname=1f278411-fa17-47c5-8b54-7516cfd21bb3.pdf
ASHAPURA MINECHEM LTD.,https://www.bseindia.com/stockinfo/AnnPdfOpen.aspx?Pname=55b80550-a874-4d6d-ae35-0d4d1215cc28.pdf
Zee Media Corporation Limited,https://www.bseindia.com/stockinfo/AnnPdfOpen.aspx?Pname=d89292d6-b199-4c9e-840c-a95645b5309e.pdf
PANACEA BIOTEC LTD.,https://www.bseindia.com/stockinfo/AnnPdfOpen.aspx?Pname=744f881a-4d9d-42ef-b897-63673337fb01.pdf
PB Fintech Ltd,https://www.bseindia.com/stockinfo/AnnPdfOpen.aspx?Pname=5a00732e-709b-4c0c-a4a7-c52cfcd1611a.pdf
Welspun Enterprises Ltd,https://www.bseindia.com/stockinfo/AnnPdfOpen.aspx?Pname=62f0ffd1-8bad-4875-9528-552808e26144.pdf
Yatharth Hospital & Trauma Care Services Ltd,https://www.bseindia.com/stockinfo/AnnPdfOpen.aspx?Pname=67c19c9d-4ac6-4892-843e-c60d004cc956.pdf
FAZE THREE LTD.-$,https://www.bseindia.com/stockinfo/AnnPdfOpen.aspx?Pname=30eb54ee-e323-48c6-b5d0-8c70706295bb.pdf
TGV Sraac Ltd,https://www.bseindia.com/stockinfo/AnnPdfOpen.aspx?Pname=22b8557b-600e-4222-b3a0-02145afab1ab.pdf
STEEL EXCHANGE INDIA LTD.,https://www.bseindia.com/stockinfo/AnnPdfOpen.aspx?Pname=8cbf66b9-63cc-4308-b27c-3b47d6e56e1c.pdf
KEWAL KIRAN CLOTHING LTD.,https://www.bseindia.com/stockinfo/AnnPdfOpen.aspx?Pname=ecc8eaa6-6f42-43aa-9b45-db71f577d945.pdf
STEEL STRIPS WHEELS LTD.-,https://www.bseindia.com/stockinfo/AnnPdfOpen.aspx?Pname=7e4efc77-87de-405a-9868-730c18bfb0a3.pdf
PENNAR INDUSTRIES LTD.-,https://www.bseindia.com/stockinfo/AnnPdfOpen.aspx?Pname=5e313852-d75f-45c3-b739-73c29dd70425.pdf
SG Mart Ltd,https://www.bseindia.com/stockinfo/AnnPdfOpen.aspx?Pname=a07ba220-508a-408f-bdef-0f5be311c87b.pdf
GTPL Hathway Ltd,https://www.bseindia.com/stockinfo/AnnPdfOpen.aspx?Pname=ba46d418-be38-4508-a8eb-c86fe4c89c18.pdf
SEPC Ltd,https://www.bseindia.com/stockinfo/AnnPdfOpen.aspx?Pname=3ef1a5da-4206-4451-a189-fd7420cf9138.pdf
ASHOKA BUILDCON LTD.,https://www.bseindia.com/stockinfo/AnnPdfOpen.aspx?Pname=f3680a40-a2c9-4cea-96c7-9e32cac21826.pdf
Tarc Ltd,https://www.bseindia.com/stockinfo/AnnPdfOpen.aspx?Pname=92bed312-4e66-45b6-8888-2cae710f8f76.pdf
D.P. Abhushan Ltd,https://www.bseindia.com/stockinfo/AnnPdfOpen.aspx?Pname=03b96feb-dfe8-47eb-a33e-6c439798b7e9.pdf
Inox Wind Ltd,https://www.bseindia.com/stockinfo/AnnPdfOpen.aspx?Pname=9f956ee6-58a9-4ec2-8ae5-dba3660d6cf4.pdf
Shree Pushkar Chemicals & Fertilisers Ltd,https://www.bseindia.com/stockinfo/AnnPdfOpen.aspx?Pname=00124db8-edd4-4a9c-b02c-4d92e88b0b6b.pdf
Inox Green Energy Services Ltd,https://www.bseindia.com/stockinfo/AnnPdfOpen.aspx?Pname=0d339c3f-81e2-4481-8244-221c389b53de.pdf
Sanmit Infra Limited,https://www.bseindia.com/stockinfo/AnnPdfOpen.aspx?Pname=78df5a19-3b87-4767-972f-188c648ccefd.pdf
Authum Investment & Infrastructure Ltd,https://www.bseindia.com/stockinfo/AnnPdfOpen.aspx?Pname=de62bfa8-6efa-4eb2-9784-cbd0dd7690da.pdf
Sammaan Capital Ltd,https://www.bseindia.com/stockinfo/AnnPdfOpen.aspx?Pname=4df33741-4484-496a-a781-3cb8522db753.pdf
GREENPLY INDUSTRIES LTD.,https://www.bseindia.com/stockinfo/AnnPdfOpen.aspx?Pname=0fc4c9fd-8f35-4064-b4aa-87f64f2c4c23.pdf
TAMIL NADU NEWSPRINT & PAPERS LTD.,https://www.bseindia.com/stockinfo/AnnPdfOpen.aspx?Pname=7fe871e6-a10c-4002-9ee4-28967bd3dc88.pdf
HIMATSINGKA SEIDE LTD.,https://www.bseindia.com/stockinfo/AnnPdfOpen.aspx?Pname=a1544cff-9a5a-41bd-ba25-859956ed2be3.pdf
TILAKNAGAR INDUSTRIES LTD.-,https://www.bseindia.com/stockinfo/AnnPdfOpen.aspx?Pname=ea1ec5ab-2a4b-4723-8a40-19a969d1e94e.pdf
Inox Wind Energy Ltd,https://www.bseindia.com/stockinfo/AnnPdfOpen.aspx?Pname=bc7a9421-9e89-4c5c-8df2-200460f25494.pdf
OMAXE LTD.,https://www.bseindia.com/stockinfo/AnnPdfOpen.aspx?Pname=79601f85-877d-43fd-bdae-3a16eeeeced2.pdf
Power Mech Projects Ltd,https://www.bseindia.com/stockinfo/AnnPdfOpen.aspx?Pname=8662d728-d0ce-47d3-bdd1-1b15773031a3.pdf
Apeejay Surrendra Park Hotels Ltd,https://www.bseindia.com/stockinfo/AnnPdfOpen.aspx?Pname=16fa440a-e12f-4f69-aaa2-473398c9e4b6.pdf
Ethos Ltd,https://www.bseindia.com/stockinfo/AnnPdfOpen.aspx?Pname=42dc063d-3310-40b8-8a86-9930e288fb81.pdf
Dolat Algotech Ltd,https://www.bseindia.com/stockinfo/AnnPdfOpen.aspx?Pname=579be8c2-eaff-45a4-b676-dce30da4f877.pdf
POKARNA LTD.,https://www.bseindia.com/stockinfo/AnnPdfOpen.aspx?Pname=6b2ab6e5-55b6-43d4-8fe4-14d2b4ae1158.pdf
Azad Engineering Ltd,https://www.bseindia.com/stockinfo/AnnPdfOpen.aspx?Pname=aab27508-6b95-4944-9557-adb8a7038714.pdf
HBL POWER SYSTEMS LTD.-,https://www.bseindia.com/stockinfo/AnnPdfOpen.aspx?Pname=2131444a-909a-42cf-9033-76e0e1123f7a.pdf
Stylam Industries Limited,https://www.bseindia.com/stockinfo/AnnPdfOpen.aspx?Pname=b877eac0-a8d4-48ad-a269-818894c445e7.pdf
Raj Rayon Industries Limited-,https://www.bseindia.com/stockinfo/AnnPdfOpen.aspx?Pname=3780c1f3-4a97-4207-b2a4-c493d4a9eaf0.pdf
Strides Pharma Science Ltd,https://www.bseindia.com/stockinfo/AnnPdfOpen.aspx?Pname=e2d57e5b-5deb-4062-a0b0-88688c71596c.pdf
FINOLEX CABLES LTD.,https://www.bseindia.com/stockinfo/AnnPdfOpen.aspx?Pname=d0436abf-6f0a-4407-b48b-26ffd6796bad.pdf
Rama Steel Tubes Ltd,https://www.bseindia.com/stockinfo/AnnPdfOpen.aspx?Pname=10f272dc-ede2-425f-b234-f37146539967.pdf
Shriram Properties Ltd,https://www.bseindia.com/stockinfo/AnnPdfOpen.aspx?Pname=d1a09da3-9ef1-4813-9d3f-fa2c37d81cdf.pdf
Rhi Magnesita India Ltd,https://www.bseindia.com/stockinfo/AnnPdfOpen.aspx?Pname=903e9c79-bba3-4240-a301-cf7cd19e901f.pdf
Signpost India Ltd,https://www.bseindia.com/stockinfo/AnnPdfOpen.aspx?Pname=38111c40-1054-4a76-9f6d-12c5877cfb95.pdf
Jyoti CNC Automation Ltd,https://www.bseindia.com/stockinfo/AnnPdfOpen.aspx?Pname=0b8d81cb-e52a-407c-8b71-469b4922e7d6.pdf
GENESYS INTERNATIONAL CORPORATION LTD.,https://www.bseindia.com/stockinfo/AnnPdfOpen.aspx?Pname=9debc0ee-7ebb-455e-86f3-0e7f1edabe24.pdf
HPL Electric & Power Ltd,https://www.bseindia.com/stockinfo/AnnPdfOpen.aspx?Pname=ea87aaa6-4528-4210-920d-0bdcb30ab264.pdf
SOM DISTILLERIES & BREWERIES LTD.,https://www.bseindia.com/stockinfo/AnnPdfOpen.aspx?Pname=f4c63dfe-7e76-4d90-bc13-c0ad5f7cc609.pdf
CAPLIN POINT LABORATORIES LTD.,https://www.bseindia.com/stockinfo/AnnPdfOpen.aspx?Pname=f87cc45a-7c5d-49a9-9b3f-47c8da7536c4.pdf
RASHTRIYA CHEMICALS & FERTILIZERS LTD.,https://www.bseindia.com/stockinfo/AnnPdfOpen.aspx?Pname=c5ae2fd0-290c-4fc4-8f55-774672fff450.pdf
GEM Enviro Management Ltd,https://www.bseindia.com/stockinfo/AnnPdfOpen.aspx?Pname=895da8d9-b5df-4fec-8c28-b9224aaac175.pdf
LA OPALA RG LTD.,https://www.bseindia.com/stockinfo/AnnPdfOpen.aspx?Pname=c495a3f0-9354-4897-844f-d1b2d1f1eacb.pdf
SMS PHARMACEUTICALS LTD.,https://www.bseindia.com/stockinfo/AnnPdfOpen.aspx?Pname=22bd3281-c97d-4f27-a9cb-65c826e0f00e.pdf
Sastasundar Ventures Ltd,https://www.bseindia.com/stockinfo/AnnPdfOpen.aspx?Pname=e2220368-e228-4ff3-aa09-074f4adb3abc.pdf
AGRO TECH FOODS LTD.,https://www.bseindia.com/stockinfo/AnnPdfOpen.aspx?Pname=d3c49f91-e82f-494c-ad5a-40daa3983495.pdf
Rail Vikas Nigam Ltd,https://www.bseindia.com/stockinfo/AnnPdfOpen.aspx?Pname=6a9064bf-563e-41b2-93d0-a70ecd6b7417.pdf
PRIME FOCUS LTD.,https://www.bseindia.com/stockinfo/AnnPdfOpen.aspx?Pname=4ebc4366-c9b9-4152-8359-ad50f749025b.pdf
CHAMAN LAL SETIA EXPORTS LTD.-,https://www.bseindia.com/stockinfo/AnnPdfOpen.aspx?Pname=4022a9a4-873d-4d3d-b098-b979499ff55f.pdf
KAVERI SEED COMPANY LTD.,https://www.bseindia.com/stockinfo/AnnPdfOpen.aspx?Pname=b173869c-ec9d-4132-83b5-edc8262b5602.pdf
EMS Ltd,https://www.bseindia.com/stockinfo/AnnPdfOpen.aspx?Pname=513a3718-4e9b-4659-9433-df2add76fec1.pdf
Best Agrolife Ltd,https://www.bseindia.com/stockinfo/AnnPdfOpen.aspx?Pname=429995be-1ba0-4770-94ac-48720c51616c.pdf
CRESSANDA SOLUTIONS LTD.,https://www.bseindia.com/stockinfo/AnnPdfOpen.aspx?Pname=00b8136a-cc85-4146-b4da-ab95975b1b6b.pdf
Gallantt Ispat Ltd,https://www.bseindia.com/stockinfo/AnnPdfOpen.aspx?Pname=d5f59144-624d-4fe4-b1ca-ab2b959348dc.pdf
Moschip Technologies Ltd,https://www.bseindia.com/stockinfo/AnnPdfOpen.aspx?Pname=2909bb89-15b5-483c-9e68-4b211ef77ac8.pdf
JYOTI RESINS & ADHESIVES LTD.,https://www.bseindia.com/stockinfo/AnnPdfOpen.aspx?Pname=f737b261-bdf7-486b-8f9e-8d3647fdabef.pdf
Easy Trip Planners Ltd,https://www.bseindia.com/stockinfo/AnnPdfOpen.aspx?Pname=e38286d6-8ac2-4b22-9194-37af1d301e24.pdf
Valor Estate Ltd,https://www.bseindia.com/stockinfo/AnnPdfOpen.aspx?Pname=ddb74f48-884a-4cf9-92f2-bed08e468512.pdf
ELPRO INTERNATIONAL LTD.,https://www.bseindia.com/stockinfo/AnnPdfOpen.aspx?Pname=56df792e-c0be-4e78-8fb1-8c8d2168348d.pdf
Signatureglobal (India) Ltd,https://www.bseindia.com/stockinfo/AnnPdfOpen.aspx?Pname=93c2495c-8f00-4234-ac8b-9bb2fb81d5c1.pdf
Indostar Capital Finance Ltd,https://www.bseindia.com/stockinfo/AnnPdfOpen.aspx?Pname=2f7bb6a0-092d-49ed-bdb2-6d16825bf47f.pdf
Balu Forge Industries Ltd,https://www.bseindia.com/stockinfo/AnnPdfOpen.aspx?Pname=e2748b40-2f0e-4d72-b97e-f5f56e862a58.pdf
Wardwizard Innovations & Mobility Ltd,https://www.bseindia.com/stockinfo/AnnPdfOpen.aspx?Pname=8fc4829d-afab-4ada-b3cb-d4486f8bacc7.pdf
WEBSOL ENERGY SYSTEM LTD.,https://www.bseindia.com/stockinfo/AnnPdfOpen.aspx?Pname=2386eaa5-8834-48aa-a1c6-01fd1e496604.pdf
Mishra Dhatu Nigam Ltd,https://www.bseindia.com/stockinfo/AnnPdfOpen.aspx?Pname=7ba7e855-1881-4b8a-944b-b6a39ac9076c.pdf
PRAKASH INDUSTRIES LTD.,https://www.bseindia.com/stockinfo/AnnPdfOpen.aspx?Pname=de3138c4-798d-4ff0-a25a-c7b7ea55f5d2.pdf
KDDL LTD.-,https://www.bseindia.com/stockinfo/AnnPdfOpen.aspx?Pname=837d92c5-532c-4f21-8ed9-a9bb42c01519.pdf
Mufin Green Finance Ltd,https://www.bseindia.com/stockinfo/AnnPdfOpen.aspx?Pname=bd7859f5-4732-40d8-b33c-b454f029bdee.pdf
Bajaj Healthcare Ltd,https://www.bseindia.com/stockinfo/AnnPdfOpen.aspx?Pname=6356e585-9288-48b2-9551-ad747385f8b3.pdf
ROTO PUMPS LTD.,https://www.bseindia.com/stockinfo/AnnPdfOpen.aspx?Pname=3ea15e7f-e20a-4846-8c67-8ae044c2d687.pdf
Satia Industries Ltd,https://www.bseindia.com/stockinfo/AnnPdfOpen.aspx?Pname=902099c7-19c9-453e-b6f5-80b927170090.pdf
Cochin Shipyard Ltd,https://www.bseindia.com/stockinfo/AnnPdfOpen.aspx?Pname=f27b98c3-0220-4886-9016-21ae1b95836a.pdf
MUTHOOT FINANCE LTD.,https://www.bseindia.com/stockinfo/AnnPdfOpen.aspx?Pname=53a9c24b-7717-4d76-966f-e54f15957bfd.pdf
SYNCOM FORMULATIONS (INDIA) LTD.-,https://www.bseindia.com/stockinfo/AnnPdfOpen.aspx?Pname=40837135-1888-42e2-acd8-8caad16fb9fc.pdf
Optiemus Infracom Ltd,https://www.bseindia.com/stockinfo/AnnPdfOpen.aspx?Pname=ee10b4a1-76e6-4b85-bd97-02f3aa7e358f.pdf
RattanIndia Power Limited,https://www.bseindia.com/stockinfo/AnnPdfOpen.aspx?Pname=c52c3c42-7612-4a14-97af-5f9ddecfffc3.pdf
PRESTIGE ESTATES PROJECTS LTD.,https://www.bseindia.com/stockinfo/AnnPdfOpen.aspx?Pname=bfb7b76a-e3ef-41f1-9751-4e413c5806cb.pdf
Anupam Rasayan India Ltd,https://www.bseindia.com/stockinfo/AnnPdfOpen.aspx?Pname=59ffd9b5-a588-4848-9bf1-7090354c5982.pdf
PTC Industries Ltd,https://www.bseindia.com/stockinfo/AnnPdfOpen.aspx?Pname=93279c5e-0b3a-4399-99e9-b6dca4769cf5.pdf
Praveg Ltd,https://www.bseindia.com/stockinfo/AnnPdfOpen.aspx?Pname=dead776e-3af1-45e4-9c3d-bf834e267d02.pdf
CONFIDENCE PETROLEUM INDIA LTD.,https://www.bseindia.com/stockinfo/AnnPdfOpen.aspx?Pname=8e371e5e-010d-4722-8168-dc57ee17fa69.pdf
Insolation Energy Ltd,https://www.bseindia.com/stockinfo/AnnPdfOpen.aspx?Pname=1e4c47bc-0333-4fa9-b0b8-8bfafbaa82ed.pdf
3I INFOTECH LTD.,https://www.bseindia.com/stockinfo/AnnPdfOpen.aspx?Pname=34603d95-8784-4410-a8a5-05c9b81650fb.pdf
SHAKTI PUMPS (INDIA) LTD.-,https://www.bseindia.com/stockinfo/AnnPdfOpen.aspx?Pname=3e7865ea-e3ac-44ef-91e5-eb96bf6c7e32.pdf
Nagarjuna Fertilizers and Chemicals Ltd,https://www.bseindia.com/stockinfo/AnnPdfOpen.aspx?Pname=00ce73dd-3632-4639-b035-245869213b7e.pdf
JAIPRAKASH ASSOCIATES LTD.,https://www.bseindia.com/stockinfo/AnnPdfOpen.aspx?Pname=e81c3fec-f632-4c25-80b1-e8edb0d4c605.pdf
SUNTECK REALTY LTD.,https://www.bseindia.com/stockinfo/AnnPdfOpen.aspx?Pname=a5e23498-b060-4022-84f3-8428fe9e8f56.pdf
Nazara Technologies Ltd,https://www.bseindia.com/stockinfo/AnnPdfOpen.aspx?Pname=14b3768a-b37c-4b15-b9f9-884a202a5b94.pdf
PC JEWELLER LTD.,https://www.bseindia.com/stockinfo/AnnPdfOpen.aspx?Pname=444350bb-5694-43d4-bf97-06ad7d7e952c.pdf
JINDAL POLY FILMS LTD.,https://www.bseindia.com/stockinfo/AnnPdfOpen.aspx?Pname=fd2f31d5-c483-4549-988f-941e52a20fa1.pdf
Gensol Engineering Ltd,https://www.bseindia.com/stockinfo/AnnPdfOpen.aspx?Pname=3f7d0f9a-3e1e-4a4d-ae4d-5f0705488907.pdf
NMDC Steel Ltd,https://www.bseindia.com/stockinfo/AnnPdfOpen.aspx?Pname=61c3442f-264a-4ccc-be7f-12d063f6e4e5.pdf
LINCOLN PHARMACEUTICALS LTD.,https://www.bseindia.com/stockinfo/AnnPdfOpen.aspx?Pname=6619aa22-7411-43a2-85d1-9b7995b4a384.pdf
MOREPEN LABORATORIES LTD.,https://www.bseindia.com/stockinfo/AnnPdfOpen.aspx?Pname=47a6352c-52cb-4f84-88e9-edf5a4f8c30e.pdf
NMDC LTD.,https://www.bseindia.com/stockinfo/AnnPdfOpen.aspx?Pname=160983ea-2ef3-4e47-9b64-9c4b67f709d9.pdf
THIRUMALAI CHEMICALS LTD.,https://www.bseindia.com/stockinfo/AnnPdfOpen.aspx?Pname=998e92e1-5201-481c-b35e-2481d6898b49.pdf
DREDGING CORPORATION OF INDIA LTD.,https://www.bseindia.com/stockinfo/AnnPdfOpen.aspx?Pname=a7f0c30e-5d16-43f6-84d2-895fc2e1b33c.pdf
Hariom Pipe Industries Ltd,https://www.bseindia.com/stockinfo/AnnPdfOpen.aspx?Pname=647703fa-f2cf-4e22-9cf8-a96a2d45f5eb.pdf
Salasar Techno Engineering Ltd,https://www.bseindia.com/stockinfo/AnnPdfOpen.aspx?Pname=1efa3699-632a-4d6a-99a9-ba5dc8c21197.pdf
Mazagon Dock Shipbuilders Ltd,https://www.bseindia.com/stockinfo/AnnPdfOpen.aspx?Pname=e5813e05-b2cf-4885-8b88-38b3c23364a5.pdf
NATIONAL ALUMINIUM CO.LTD.,https://www.bseindia.com/stockinfo/AnnPdfOpen.aspx?Pname=2b12ba39-052f-41d1-8519-71158bcc4ac2.pdf
KOTAK MAHINDRA BANK LTD.,https://www.bseindia.com/stockinfo/AnnPdfOpen.aspx?Pname=3b62666a-aa3b-481f-b54d-506f1fc7c904.pdf
AUTOLINE INDUSTRIES LTD.,https://www.bseindia.com/stockinfo/AnnPdfOpen.aspx?Pname=66bdfc2e-c841-4ad0-8d24-10f5e08f14eb.pdf
ASHIANA HOUSING LTD.-,https://www.bseindia.com/stockinfo/AnnPdfOpen.aspx?Pname=197d1fa5-905b-4652-bb33-89bf352eb205.pdf
Cyient DLM Ltd,https://www.bseindia.com/stockinfo/AnnPdfOpen.aspx?Pname=281816f0-b272-40ac-807e-a91a01c27795.pdf
ENTERTAINMENT NETWORK (INDIA) LTD.,https://www.bseindia.com/stockinfo/AnnPdfOpen.aspx?Pname=8d228b08-2504-4d43-86bf-f9d96e04744f.pdf
Juniper Hotels Ltd,https://www.bseindia.com/stockinfo/AnnPdfOpen.aspx?Pname=c7e5a9aa-c181-453f-b634-4be702e481e2.pdf
RAJESH EXPORTS LTD.,https://www.bseindia.com/stockinfo/AnnPdfOpen.aspx?Pname=799765f3-cc87-409e-9725-40354fca611e.pdf
Accelya Solutions India Ltd,https://www.bseindia.com/stockinfo/AnnPdfOpen.aspx?Pname=9e4fd14c-c3ed-4ddd-afa4-bef745c4c278.pdf
Netweb Technologies India Ltd,https://www.bseindia.com/stockinfo/AnnPdfOpen.aspx?Pname=e63b90f8-6d83-438e-b981-18a54628d8d7.pdf
HMT LTD.,https://www.bseindia.com/stockinfo/AnnPdfOpen.aspx?Pname=fd1ac73d-d5c1-4747-94b2-c4d0dd0eb4e6.pdf
ZEE ENTERTAINMENT ENTERPRISES LTD.,https://www.bseindia.com/stockinfo/AnnPdfOpen.aspx?Pname=2180a5da-bffc-44e1-aee1-757f6cd36bc6.pdf
PROCTER & GAMBLE HYGIENE & HEALTH CARE LTD.,https://www.bseindia.com/stockinfo/AnnPdfOpen.aspx?Pname=2f03fc7a-ab23-453d-bac9-c719293d768c.pdf
GILLETTE INDIA LTD.,https://www.bseindia.com/stockinfo/AnnPdfOpen.aspx?Pname=583e6014-431e-4e72-b79d-bb9fb72579a3.pdf
Procter & Gamble Health Ltd,https://www.bseindia.com/stockinfo/AnnPdfOpen.aspx?Pname=e4595db4-6bee-40c5-a5ae-013f96ab8911.pdf
NETWORK18 MEDIA & INVESTMENTS LTD.,https://www.bseindia.com/stockinfo/AnnPdfOpen.aspx?Pname=19cb8583-2514-4b04-89c8-d21c7e6801ce.pdf
BF UTILITIES LTD.-,https://www.bseindia.com/stockinfo/AnnPdfOpen.aspx?Pname=9d63d807-2281-413c-90fe-b1ad732b2874.pdf
Future Consumer Ltd,https://www.bseindia.com/stockinfo/AnnPdfOpen.aspx?Pname=829deebc-5842-4ece-87e5-ef39d8c79796.pdf
SPICEJET LTD.,https://www.bseindia.com/stockinfo/AnnPdfOpen.aspx?Pname=9c838cdf-8051-4cfa-9189-21542d8c1715.pdf
RELIGARE ENTERPRISES LTD.,https://www.bseindia.com/stockinfo/AnnPdfOpen.aspx?Pname=a2ba1a0d-21e3-4ebf-8b1c-5aa4b1cae1dd.pdf
SIEMENS LTD.,https://www.bseindia.com/stockinfo/AnnPdfOpen.aspx?Pname=c757eac5-3c7e-4c56-a5c5-cd37ffe1c0a5.pdf
CASTROL INDIA LTD.,https://www.bseindia.com/stockinfo/AnnPdfOpen.aspx?Pname=cfdb44a7-2160-4d7f-8be9-d6d4166ddfa7.pdf
Varun Beverages Ltd,https://www.bseindia.com/stockinfo/AnnPdfOpen.aspx?Pname=65486ad5-1835-4414-9038-51543138d964.pdf
CIE Automotive India Ltd,https://www.bseindia.com/stockinfo/AnnPdfOpen.aspx?Pname=ba07fa7d-c032-4731-a62f-468f0eb29c9b.pdf
CRISIL Ltd,https://www.bseindia.com/stockinfo/AnnPdfOpen.aspx?Pname=fea7c760-db47-4bf5-b782-26ca5907d3fb.pdf
Elantas Beck India Ltd-,https://www.bseindia.com/stockinfo/AnnPdfOpen.aspx?Pname=e9765b0a-d8b6-4108-beff-4924e8f279fb.pdf
Stovec Industries Ltd,https://www.bseindia.com/stockinfo/AnnPdfOpen.aspx?Pname=d699e690-9070-41d3-b595-b51b4394af1c.pdf
ABB India Ltd,https://www.bseindia.com/stockinfo/AnnPdfOpen.aspx?Pname=3b6e70ed-71fc-46f6-b65c-f1f5f55fe869.pdf
Sanofi Consumer Healthcare India Ltd,https://www.bseindia.com/stockinfo/AnnPdfOpen.aspx?Pname=d7b263ad-ff6f-4a9d-aa77-d32c8a912c63.pdf
Vesuvius India Ltd,https://www.bseindia.com/stockinfo/AnnPdfOpen.aspx?Pname=6b803853-6489-452a-b246-3d48eb5b0c5d.pdf
Huhtamaki India Ltd,https://www.bseindia.com/stockinfo/AnnPdfOpen.aspx?Pname=956ae68d-4c8a-42fc-bcee-47b83a0aaccb.pdf
Sanofi India Ltd,https://www.bseindia.com/stockinfo/AnnPdfOpen.aspx?Pname=dd8176f0-2241-44e2-8bab-e2942c166e22.pdf
KSB Ltd,https://www.bseindia.com/stockinfo/AnnPdfOpen.aspx?Pname=6cf2e6bb-c776-4bc1-a4a5-e989c6be8c64.pdf
Foseco India Ltd,https://www.bseindia.com/stockinfo/AnnPdfOpen.aspx?Pname=2c5dcfe9-0fb2-48c3-82ed-f471d0e12a68.pdf
R Systems International Ltd,https://www.bseindia.com/stockinfo/AnnPdfOpen.aspx?Pname=6ae5c764-eef1-4bc5-b008-6ba2e73ea027.pdf
International Gemmological Institute India Ltd,https://www.bseindia.com/stockinfo/AnnPdfOpen.aspx?Pname=07e8e3da-9520-4799-87ca-5dc6464c871c.pdf
FDC Ltd,https://www.bseindia.com/stockinfo/AnnPdfOpen.aspx?Pname=2a643f5a-e73c-457f-829d-937716d543c5.pdf
RailTel Corporation of India Ltd,https://www.bseindia.com/stockinfo/AnnPdfOpen.aspx?Pname=5646e14d-db1a-4523-a9c4-cc6687ab5b58.pdf
Poonawalla Fincorp Ltd,https://www.bseindia.com/stockinfo/AnnPdfOpen.aspx?Pname=283b1eca-3e03-4059-92e6-d393ba782a32.pdf
Mazagon Dock Shipbuilders Ltd,https://www.bseindia.com/stockinfo/AnnPdfOpen.aspx?Pname=41395269-4ea8-4bae-b976-4e8ea05d0897.pdf
OMAXE LTD.,https://www.bseindia.com/stockinfo/AnnPdfOpen.aspx?Pname=9397ed49-e5de-4090-a8f1-2671c169e514.pdf
BODAL CHEMICALS LTD.,https://www.bseindia.com/stockinfo/AnnPdfOpen.aspx?Pname=ba9930cc-a1f6-4e45-a35b-5dd1e6eb7824.pdf
GE Power India Ltd,https://www.bseindia.com/stockinfo/AnnPdfOpen.aspx?Pname=a060303d-d040-4c9d-bee2-72bb48a30950.pdf
AMBIKA COTTON MILLS LTD.,https://www.bseindia.com/stockinfo/AnnPdfOpen.aspx?Pname=f258a8e9-f1b7-4009-8edb-70e70f25a8fe.pdf
Renaissance Global Ltd,https://www.bseindia.com/stockinfo/AnnPdfOpen.aspx?Pname=cbafc78c-2cd1-4676-b95f-edde78527287.pdf
Renaissance Global Ltd,https://www.bseindia.com/stockinfo/AnnPdfOpen.aspx?Pname=e094a70e-bf2c-480c-ad4f-8e96e539ca1f.pdf
CASTROL INDIA LTD.,https://www.bseindia.com/stockinfo/AnnPdfOpen.aspx?Pname=53c6856b-e6c9-4929-939a-14e52d9dd6c2.pdf
Varun Beverages Ltd,https://www.bseindia.com/stockinfo/AnnPdfOpen.aspx?Pname=0bf35d28-e8d1-4848-adf2-643480468c9b.pdf
CRISIL LTD.,https://www.bseindia.com/stockinfo/AnnPdfOpen.aspx?Pname=95fdcc42-e2bb-460e-adb8-bde4f3b6c164.pdf
STOVEC INDUSTRIES LTD.,https://www.bseindia.com/stockinfo/AnnPdfOpen.aspx?Pname=33c815b9-17b1-45e1-bc2f-5ce6c951ab1d.pdf
ABB India Limited,https://www.bseindia.com/stockinfo/AnnPdfOpen.aspx?Pname=bd60d9ef-0a06-4cdf-b288-5c7bd025ebc0.pdf
Huhtamaki India Ltd,https://www.bseindia.com/stockinfo/AnnPdfOpen.aspx?Pname=79f5ee62-79a0-490b-95c0-ac2169f6c590.pdf
Huhtamaki India Ltd,https://www.bseindia.com/stockinfo/AnnPdfOpen.aspx?Pname=cf22cc55-efb5-44a7-a033-6b172c819610.pdf
ELANTAS BECK INDIA LTD.-,https://www.bseindia.com/stockinfo/AnnPdfOpen.aspx?Pname=b4210dc9-8ee3-4080-bbd3-3499a1898262.pdf
Sanofi India Ltd,https://www.bseindia.com/stockinfo/AnnPdfOpen.aspx?Pname=db017821-81d3-4a83-b06d-6751a2ff26a1.pdf
R Systems International Limited,https://www.bseindia.com/stockinfo/AnnPdfOpen.aspx?Pname=35ae336e-deae-403e-afc5-cf926246da40.pdf
FOSECO INDIA LTD.,https://www.bseindia.com/stockinfo/AnnPdfOpen.aspx?Pname=0413145d-c3c3-48ed-b0b9-865997bd5df2.pdf
CIE Automotive India Ltd,https://www.bseindia.com/stockinfo/AnnPdfOpen.aspx?Pname=3e7a90c9-195b-4c18-85f6-8ca453248d07.pdf
KSB Ltd,https://www.bseindia.com/stockinfo/AnnPdfOpen.aspx?Pname=ea13149f-6dda-4eef-ae72-4666a1415ccc.pdf
KSB Ltd,https://www.bseindia.com/stockinfo/AnnPdfOpen.aspx?Pname=ccef1f7f-9c63-4126-b9eb-67a7260c2fe4.pdf
Rhetan TMT Ltd,https://www.bseindia.com/stockinfo/AnnPdfOpen.aspx?Pname=ad68054c-fbfa-49b5-b9eb-962f669da0a0.pdf
Transformers and Rectifiers (India) Ltd,https://www.bseindia.com/stockinfo/AnnPdfOpen.aspx?Pname=0695f485-a47a-48b8-b849-7321c70ade6b.pdf
Anand Rathi Wealth Ltd,https://www.bseindia.com/stockinfo/AnnPdfOpen.aspx?Pname=9837187f-c741-4b82-a4d2-4c1b933bee65.pdf
Tata Teleservices (Maharashtra) Ltd,https://www.bseindia.com/stockinfo/AnnPdfOpen.aspx?Pname=7c33e96b-91be-49e3-b5c7-8adbbd286b02.pdf
LTIMindtree Ltd,https://www.bseindia.com/stockinfo/AnnPdfOpen.aspx?Pname=19d833a8-dbc7-4553-982e-75923c474c86.pdf
L&T Finance Ltd,https://www.bseindia.com/stockinfo/AnnPdfOpen.aspx?Pname=d0e9473e-6db0-4ede-8025-134e5594a7cb.pdf
Lloyds Metals and Energy Ltd,https://www.bseindia.com/stockinfo/AnnPdfOpen.aspx?Pname=2b335a3e-75fb-4a72-816d-c40db2ba708a.pdf
Archean Chemical Industries Ltd,https://www.bseindia.com/stockinfo/AnnPdfOpen.aspx?Pname=415e7bf4-7821-4dff-b02d-3177502eff5a.pdf
Angel One Ltd,https://www.bseindia.com/stockinfo/AnnPdfOpen.aspx?Pname=3f7312e7-99fb-4c50-991f-a1aca73fab1d.pdf
Jindal Saw Ltd,https://www.bseindia.com/stockinfo/AnnPdfOpen.aspx?Pname=b610fcbe-66d8-4420-8a1f-feda3a6db093.pdf
Himadri Speciality Chemical Ltd,https://www.bseindia.com/stockinfo/AnnPdfOpen.aspx?Pname=08c8ef49-743f-484d-b3a9-ae7288286fdc.pdf
IndiaMART InterMESH Ltd,https://www.bseindia.com/stockinfo/AnnPdfOpen.aspx?Pname=fc01ea79-cb1a-4ee6-a0b0-cc6d808d4bcb.pdf
Tata Consumer Products Ltd,https://www.bseindia.com/stockinfo/AnnPdfOpen.aspx?Pname=4c8ef117-d14c-4e96-9224-3c9593fac70d.pdf
L&T Technology Services Ltd,https://www.bseindia.com/stockinfo/AnnPdfOpen.aspx?Pname=166da888-b9ad-4223-b83b-c7e156f5fe9f.pdf
Tata Motors Ltd,https://www.bseindia.com/stockinfo/AnnPdfOpen.aspx?Pname=0ab929be-ff32-4b19-a799-5b63bd464c41.pdf
Indian Bank,https://www.bseindia.com/stockinfo/AnnPdfOpen.aspx?Pname=272902fa-f89c-423e-9a2c-d7d3d3f7f899.pdf
INOX India Ltd,https://www.bseindia.com/stockinfo/AnnPdfOpen.aspx?Pname=48ff34d2-94ef-4fd0-a732-8424186adc30.pdf
UCO Bank,https://www.bseindia.com/stockinfo/AnnPdfOpen.aspx?Pname=cdacdb95-4858-45d7-88f7-4d56deed2e38.pdf
Tata Consultancy Services Ltd,https://www.bseindia.com/stockinfo/AnnPdfOpen.aspx?Pname=141ef7e3-e697-430b-a62c-108fbc78db2f.pdf
eMudhra Ltd,https://www.bseindia.com/stockinfo/AnnPdfOpen.aspx?Pname=14f25f67-5c58-4a39-a1f4-21cd2835e6ca.pdf
Tata Technologies Ltd,https://www.bseindia.com/stockinfo/AnnPdfOpen.aspx?Pname=74cca130-fe0a-4d4a-bc81-018ded19c45b.pdf
Rallis India Ltd,https://www.bseindia.com/stockinfo/AnnPdfOpen.aspx?Pname=a1483ef9-3d9b-4560-a295-50b972197963.pdf
Tata Elxsi Ltd,https://www.bseindia.com/stockinfo/AnnPdfOpen.aspx?Pname=c928881f-41cc-4818-9d97-a08b4edc65a0.pdf
Bank of Baroda,https://www.bseindia.com/stockinfo/AnnPdfOpen.aspx?Pname=0e38f188-b4ee-480f-b182-1440c7c69e78.pdf
Hindustan Unilever Ltd,https://www.bseindia.com/stockinfo/AnnPdfOpen.aspx?Pname=8bbc99c1-98e8-41e8-89ac-86e81221a963.pdf
Adani Enterprises Ltd,https://www.bseindia.com/stockinfo/AnnPdfOpen.aspx?Pname=9ca2666b-d6f2-4083-a910-34875903e041.pdf
Indegene Ltd,https://www.bseindia.com/stockinfo/AnnPdfOpen.aspx?Pname=82acfe96-ed29-4481-8f55-ab39b1cc2e95.pdf
Nelco Ltd,https://www.bseindia.com/stockinfo/AnnPdfOpen.aspx?Pname=95d3c603-15b9-4470-8680-308f60c8c997.pdf
Canara Bank,https://www.bseindia.com/stockinfo/AnnPdfOpen.aspx?Pname=b90d9877-23bc-43fe-a404-dd7fe9061cf8.pdf
Indian Overseas Bank,https://www.bseindia.com/stockinfo/AnnPdfOpen.aspx?Pname=5c33617e-a0d0-45a8-833b-9b4587158b6d.pdf
Adani Ports and Special Economic Zone Ltd,https://www.bseindia.com/stockinfo/AnnPdfOpen.aspx?Pname=84571380-ab82-41bb-a163-0a6bd4927400.pdf
Adani Ports and Special Economic Zone Ltd,https://www.bseindia.com/stockinfo/AnnPdfOpen.aspx?Pname=4e1d8b56-028c-4683-a86c-ef97ee8576ab.pdf
Adani Total Gas Ltd,https://www.bseindia.com/stockinfo/AnnPdfOpen.aspx?Pname=9a03c51f-d48b-46b4-81c8-35349f38fb18.pdf
Avantel Ltd,https://www.bseindia.com/stockinfo/AnnPdfOpen.aspx?Pname=428661b3-3b63-423c-aabb-3ff7a73c75e7.pdf
Reliance Industrial Infrastructure Ltd,https://www.bseindia.com/stockinfo/AnnPdfOpen.aspx?Pname=d32b41d8-f81d-4e1b-8d3d-66db1372a24c.pdf
Elecon Engineering Company Ltd,https://www.bseindia.com/stockinfo/AnnPdfOpen.aspx?Pname=60111bac-eb50-4d0d-9b57-fe8845172ee0.pdf
Sanghi Industries Ltd,https://www.bseindia.com/stockinfo/AnnPdfOpen.aspx?Pname=ff158223-0865-44a3-a419-e48003c65209.pdf
ACC Ltd,https://www.bseindia.com/stockinfo/AnnPdfOpen.aspx?Pname=f09f46bd-f3f2-4679-b197-1cc4e661f438.pdf
Adani Power Ltd,https://www.bseindia.com/stockinfo/AnnPdfOpen.aspx?Pname=0fdf8453-e69c-4ec7-a247-c3ceec3675d2.pdf
Ambuja Cements Ltd,https://www.bseindia.com/stockinfo/AnnPdfOpen.aspx?Pname=4cee8e7e-3fc0-48f2-b90a-f9c83e92a1ca.pdf
New Delhi Television Ltd,https://www.bseindia.com/stockinfo/AnnPdfOpen.aspx?Pname=1431a8d6-b513-4679-8abe-7b95eb4da6d5.pdf
Adani Energy Solutions Ltd,https://www.bseindia.com/stockinfo/AnnPdfOpen.aspx?Pname=701b36dd-b3f0-4500-8eda-829e8f3deedd.pdf
Infosys Ltd,https://www.bseindia.com/stockinfo/AnnPdfOpen.aspx?Pname=5e2ee0c9-f4b4-4486-b247-674b01b11936.pdf
Sula Vineyards Ltd,https://www.bseindia.com/stockinfo/AnnPdfOpen.aspx?Pname=f6ba1e75-ed3e-46af-9203-90441db01e78.pdf
Apcotex Industries Ltd,https://www.bseindia.com/stockinfo/AnnPdfOpen.aspx?Pname=1aada3f7-2031-4d42-95ae-1be9a139e148.pdf
Home First Finance Company India Ltd,https://www.bseindia.com/stockinfo/AnnPdfOpen.aspx?Pname=c19fe087-7333-4420-b4ec-0408b7128748.pdf
Nestle India Ltd,https://www.bseindia.com/stockinfo/AnnPdfOpen.aspx?Pname=e92f9a49-cea2-4393-8e6c-b3d7287278a1.pdf
Supreme Industries Ltd,https://www.bseindia.com/stockinfo/AnnPdfOpen.aspx?Pname=ed08d2b0-ed56-4f84-9d6b-15165dd7b7f8.pdf
GlaxoSmithKline Pharmaceuticals Ltd,https://www.bseindia.com/stockinfo/AnnPdfOpen.aspx?Pname=1d29441a-0012-4587-aa4a-943f598d252d.pdf
HDFC Asset Management Company Ltd,https://www.bseindia.com/stockinfo/AnnPdfOpen.aspx?Pname=c252a205-906a-4fb7-889b-42c65eae6e60.pdf
Laurus Labs Ltd,https://www.bseindia.com/stockinfo/AnnPdfOpen.aspx?Pname=4c806fda-abe7-4b14-a430-89e51b0dc8ef.pdf
Tejas Networks Ltd,https://www.bseindia.com/stockinfo/AnnPdfOpen.aspx?Pname=cafa8f96-698c-45ac-8db6-75b38912bc3f.pdf
AWL Agri Business Ltd,https://www.bseindia.com/stockinfo/AnnPdfOpen.aspx?Pname=96511fbe-8c29-45dd-a220-4d5bdab04b77.pdf
Ujjivan Small Finance Bank Ltd,https://www.bseindia.com/stockinfo/AnnPdfOpen.aspx?Pname=f1c2453d-b6b1-4f4b-905c-b6ef6c1731d8.pdf
Asian Paints Ltd,https://www.bseindia.com/stockinfo/AnnPdfOpen.aspx?Pname=44d0c07b-0727-4b5f-a47d-b6aba91e51d6.pdf
Dr. Lal PathLabs Ltd,https://www.bseindia.com/stockinfo/AnnPdfOpen.aspx?Pname=6619fc6f-9343-4f0e-8e7a-740c52b0106c.pdf
Tata Investment Corporation Ltd,https://www.bseindia.com/stockinfo/AnnPdfOpen.aspx?Pname=4779fe66-2dbb-484f-b188-d0352c75bdda.pdf
Bank of India,https://www.bseindia.com/stockinfo/AnnPdfOpen.aspx?Pname=61b9bce0-f7c4-4116-ac94-e2977efcc823.pdf
ICICI Prudential Life Insurance Company Ltd,https://www.bseindia.com/stockinfo/AnnPdfOpen.aspx?Pname=058c7dbd-8ea6-4714-90a6-a433f7c422e6.pdf
Punjab National Bank,https://www.bseindia.com/stockinfo/AnnPdfOpen.aspx?Pname=364161b7-cf94-4af6-966d-d0aa446cb31c.pdf
Johnson Controls-Hitachi Air Conditioning India Ltd,https://www.bseindia.com/stockinfo/AnnPdfOpen.aspx?Pname=277b2f6f-c384-4677-a632-af3539ccce9b.pdf
Meghmani Organics Ltd,https://www.bseindia.com/stockinfo/AnnPdfOpen.aspx?Pname=03a6e9d0-aacd-41f8-bdaa-0fa850662046.pdf
Epigral Ltd,https://www.bseindia.com/stockinfo/AnnPdfOpen.aspx?Pname=d017330f-5a97-4d2b-8159-3d3ad331ecf5.pdf
Honeywell Automation India Ltd,https://www.bseindia.com/stockinfo/AnnPdfOpen.aspx?Pname=d3cbeeea-de68-4b77-bfa3-9bfe1afbc503.pdf
Dalmia Bharat Ltd,https://www.bseindia.com/stockinfo/AnnPdfOpen.aspx?Pname=c8d465c8-7e96-4ee4-9a3b-faaaad4bcf44.pdf
Tata Chemicals Ltd,https://www.bseindia.com/stockinfo/AnnPdfOpen.aspx?Pname=4f484229-e35a-46ae-b57e-fb3afbcc75ff.pdf
ICICI Lombard General Insurance Company Ltd,https://www.bseindia.com/stockinfo/AnnPdfOpen.aspx?Pname=8417a323-7d6e-45a7-95b8-f8a9f146b7be.pdf
Sundram Fasteners Ltd,https://www.bseindia.com/stockinfo/AnnPdfOpen.aspx?Pname=da5aa68e-af1a-42e7-b609-fd8b4da1c669.pdf
Sagar Cements Ltd-,https://www.bseindia.com/stockinfo/AnnPdfOpen.aspx?Pname=0855cb61-2128-49b5-ba6b-b635559c2c29.pdf
Kansai Nerolac Paints Ltd,https://www.bseindia.com/stockinfo/AnnPdfOpen.aspx?Pname=700379c2-c4d7-46a8-bf8e-7f3530395cc2.pdf
Pilani Investment and Industries Corporation Ltd,https://www.bseindia.com/stockinfo/AnnPdfOpen.aspx?Pname=c585b8a2-479f-4dac-875f-c10a102c8fa2.pdf
Alkyl Amines Chemicals Ltd-,https://www.bseindia.com/stockinfo/AnnPdfOpen.aspx?Pname=b1232437-f5c7-4199-86d9-a5ee62bbebe8.pdf
Oberoi Realty Ltd,https://www.bseindia.com/stockinfo/AnnPdfOpen.aspx?Pname=f1159cb8-cffa-4caf-8829-52380733554d.pdf
Tata Steel Ltd,https://www.bseindia.com/stockinfo/AnnPdfOpen.aspx?Pname=25161094-9f92-4b97-a95b-6b17e77d81d3.pdf
Orient Green Power Company Ltd,https://www.bseindia.com/stockinfo/AnnPdfOpen.aspx?Pname=122db407-6e3f-4f5b-811b-57f0d1f61283.pdf
Rossari Biotech Ltd,https://www.bseindia.com/stockinfo/AnnPdfOpen.aspx?Pname=c79a2e57-aac2-48ea-9405-063f0528517e.pdf
Piramal Enterprises Ltd,https://www.bseindia.com/stockinfo/AnnPdfOpen.aspx?Pname=d586dec5-a430-4dc6-927d-853dfb019fc2.pdf
Bank of Maharashtra,https://www.bseindia.com/stockinfo/AnnPdfOpen.aspx?Pname=f4d1a271-26c1-4634-b0fe-b1389e5e355e.pdf
Supreme Petrochem Ltd,https://www.bseindia.com/stockinfo/AnnPdfOpen.aspx?Pname=00eb7949-87e4-4c98-8b26-5d8854c06c33.pdf
Polycab India Ltd,https://www.bseindia.com/stockinfo/AnnPdfOpen.aspx?Pname=a4f8db38-e9e8-4cdd-9254-4f9f79ee08cb.pdf
SRF Ltd,https://www.bseindia.com/stockinfo/AnnPdfOpen.aspx?Pname=570d8b0c-0f89-4302-9406-1b3f6cf17cdd.pdf
Tata Power Company Ltd,https://www.bseindia.com/stockinfo/AnnPdfOpen.aspx?Pname=362110eb-d0d6-49f8-9e12-45dc9fa87866.pdf
Dalmia Bharat Sugar and Industries Ltd,https://www.bseindia.com/stockinfo/AnnPdfOpen.aspx?Pname=c82196d2-0f63-4f3d-b3b4-b83740e47084.pdf
Jaiprakash Power Ventures Ltd,https://www.bseindia.com/stockinfo/AnnPdfOpen.aspx?Pname=83d4ac47-3077-48a3-b3d1-2c140a146309.pdf
Network 18 Media & Investments Ltd,https://www.bseindia.com/stockinfo/AnnPdfOpen.aspx?Pname=00a44d95-a52e-40d9-9ad4-e4f595ebaec7.pdf
Trent Ltd,https://www.bseindia.com/stockinfo/AnnPdfOpen.aspx?Pname=121582fa-b16d-4e7f-a75e-756fde02815e.pdf
Indian Hotels Company Ltd,https://www.bseindia.com/stockinfo/AnnPdfOpen.aspx?Pname=39c729e6-6af2-461f-9701-da762cd64cd7.pdf
Rainbow Children's Medicare Ltd,https://www.bseindia.com/stockinfo/AnnPdfOpen.aspx?Pname=4581bb37-7cf0-441e-bf18-03bd00d7e332.pdf
Computer Age Management Services Ltd,https://www.bseindia.com/stockinfo/AnnPdfOpen.aspx?Pname=ae2080a8-b8f3-40da-b6c4-f087d3fe9326.pdf
Voltas Ltd,https://www.bseindia.com/stockinfo/AnnPdfOpen.aspx?Pname=7e810a09-8466-424c-b7fa-aa564a4398a5.pdf
Alembic Pharmaceuticals Ltd,https://www.bseindia.com/stockinfo/AnnPdfOpen.aspx?Pname=3c1dbd6b-4b63-45dc-9095-319022c72930.pdf
Kalpataru Projects International Ltd,https://www.bseindia.com/stockinfo/AnnPdfOpen.aspx?Pname=ce6a9e48-d790-4f56-a63b-62027c437301.pdf
Tata Communications Ltd,https://www.bseindia.com/stockinfo/AnnPdfOpen.aspx?Pname=cde54273-9f58-4717-86d3-863900b7efc5.pdf
Jupiter Life Line Hospitals Ltd,https://www.bseindia.com/stockinfo/AnnPdfOpen.aspx?Pname=af026d1c-7330-4c69-8114-0b99f1ffdbe8.pdf
CARE Ratings Ltd,https://www.bseindia.com/stockinfo/AnnPdfOpen.aspx?Pname=d2dec652-4529-4d25-9731-e7e955bb15d5.pdf
LMW Ltd,https://www.bseindia.com/stockinfo/AnnPdfOpen.aspx?Pname=6f290b4c-29a2-408f-8be2-07ce9eee56a7.pdf
SBFC Finance Ltd,https://www.bseindia.com/stockinfo/AnnPdfOpen.aspx?Pname=49827d92-33ed-4260-82d0-69d8d5182481.pdf
Ajanta Pharma Ltd,https://www.bseindia.com/stockinfo/AnnPdfOpen.aspx?Pname=0d61b5b3-9e41-46a9-ba96-8955cc7674c1.pdf
Dhampur Bio Organics Ltd,https://www.bseindia.com/stockinfo/AnnPdfOpen.aspx?Pname=35927d81-cce7-4fd4-8459-9a7d07217d14.pdf
Vedanta Ltd,https://www.bseindia.com/stockinfo/AnnPdfOpen.aspx?Pname=05b1cce9-56da-4895-a0cb-79405e7a9d3b.pdf
Crompton Greaves Consumer Electricals Ltd,https://www.bseindia.com/stockinfo/AnnPdfOpen.aspx?Pname=69997daa-429a-467c-ad36-2b63a8f728ee.pdf
JSW Energy Ltd,https://www.bseindia.com/stockinfo/AnnPdfOpen.aspx?Pname=b961a315-abf3-4065-9cf2-ca62ba3a55a2.pdf
Swaraj Engines Ltd,https://www.bseindia.com/stockinfo/AnnPdfOpen.aspx?Pname=42a68d3e-6172-45bb-b488-709c745e9b6d.pdf
S.J.S. Enterprises Ltd,https://www.bseindia.com/stockinfo/AnnPdfOpen.aspx?Pname=2287a406-3383-4ee4-a39b-1109364a7d98.pdf
Cipla Ltd,https://www.bseindia.com/stockinfo/AnnPdfOpen.aspx?Pname=47626896-31fb-456b-8664-8c36b0e1d5fe.pdf
Aditya Vision Ltd,https://www.bseindia.com/stockinfo/AnnPdfOpen.aspx?Pname=c4bb275b-3f35-4d6b-bf23-2ee7cbf82033.pdf
Dodla Dairy Ltd,https://www.bseindia.com/stockinfo/AnnPdfOpen.aspx?Pname=a1ebcb4c-6f42-4315-b303-8a75a8e3cc82.pdf
Cera Sanitaryware Ltd,https://www.bseindia.com/stockinfo/AnnPdfOpen.aspx?Pname=2dbc55b5-3956-4bad-a88a-4fa990e8107d.pdf
Escorts Kubota Ltd,https://www.bseindia.com/stockinfo/AnnPdfOpen.aspx?Pname=8c9650cf-f3bd-419a-ad86-6d961dac660c.pdf
Wipro Ltd,https://www.bseindia.com/stockinfo/AnnPdfOpen.aspx?Pname=6a364ef1-0c4c-4046-b56a-12f18ce9d520.pdf
RPG Life Sciences Ltd,https://www.bseindia.com/stockinfo/AnnPdfOpen.aspx?Pname=38911cb3-55a9-4fa9-9422-342b516b09be.pdf
JSW Infrastructure Ltd,https://www.bseindia.com/stockinfo/AnnPdfOpen.aspx?Pname=5d191905-475d-4ebe-86af-9efcceaed589.pdf
Ador Welding Ltd,https://www.bseindia.com/stockinfo/AnnPdfOpen.aspx?Pname=e434f461-e185-4811-9f5b-55ee6824ca4b.pdf
Shoppers Stop Ltd,https://www.bseindia.com/stockinfo/AnnPdfOpen.aspx?Pname=a7d6ffe8-65e4-4036-b3fe-2e745e52b74a.pdf
Kesoram Industries Ltd,https://www.bseindia.com/stockinfo/AnnPdfOpen.aspx?Pname=479a0b11-f3db-4968-b194-6e2a1634c0aa.pdf
Motilal Oswal Financial Services Ltd,https://www.bseindia.com/stockinfo/AnnPdfOpen.aspx?Pname=0a02a48f-c216-428f-9759-36209796b3cc.pdf
Persistent Systems Ltd,https://www.bseindia.com/stockinfo/AnnPdfOpen.aspx?Pname=19f63609-bb15-4d81-9dc7-ed3db6a4b849.pdf
HDFC Life Insurance Company Ltd,https://www.bseindia.com/stockinfo/AnnPdfOpen.aspx?Pname=fa53c28b-bb5e-4e4e-a3d5-cf085d70341a.pdf
Nilkamal Ltd,https://www.bseindia.com/stockinfo/AnnPdfOpen.aspx?Pname=5545db87-166d-45f2-904c-aa8d2654dd95.pdf
Sheela Foam Ltd,https://www.bseindia.com/stockinfo/AnnPdfOpen.aspx?Pname=d76d6ec7-c20e-4b7c-aaa8-8ed98aeb6c29.pdf
Kabra Extrusiontechnik Ltd,https://www.bseindia.com/stockinfo/AnnPdfOpen.aspx?Pname=f08e8000-eee9-4db7-81dd-7e96913ab553.pdf
Akums Drugs and Pharmaceuticals Ltd,https://www.bseindia.com/stockinfo/AnnPdfOpen.aspx?Pname=2b5d2115-922f-4b8b-9682-0d4e6de740da.pdf
Shriram Finance Ltd,https://www.bseindia.com/stockinfo/AnnPdfOpen.aspx?Pname=9edbc301-2864-4946-8b64-e50d802e87ef.pdf
Mahindra Logistics Ltd,https://www.bseindia.com/stockinfo/AnnPdfOpen.aspx?Pname=77364c8d-93ca-4391-8ea0-ebe4b4a5250d.pdf
Cyient Ltd,https://www.bseindia.com/stockinfo/AnnPdfOpen.aspx?Pname=1bb298b7-9a05-47fc-acbe-96e0f80c7ff6.pdf
Mahindra EPC Irrigation Ltd,https://www.bseindia.com/stockinfo/AnnPdfOpen.aspx?Pname=00dc07c1-b528-4dba-b5a6-966deb626ddd.pdf
IIFL Finance Ltd,https://www.bseindia.com/stockinfo/AnnPdfOpen.aspx?Pname=d6e3333f-9a61-4423-a5f9-51ec9892eebf.pdf
IDBI Bank Ltd,https://www.bseindia.com/stockinfo/AnnPdfOpen.aspx?Pname=a0ad2d59-f9c2-4e2a-a8f0-f5f8d6103056.pdf
GHCL Ltd,https://www.bseindia.com/stockinfo/AnnPdfOpen.aspx?Pname=a8f62a1d-f24a-41a0-b4ff-5c7580994630.pdf
Nippon Life India Asset Management Ltd,https://www.bseindia.com/stockinfo/AnnPdfOpen.aspx?Pname=5dcd9719-0dd2-4f16-b139-56bb64518f89.pdf
Mahindra & Mahindra Financial Services Ltd,https://www.bseindia.com/stockinfo/AnnPdfOpen.aspx?Pname=0ecaeae1-0b80-477f-9f35-ed8c79f6d116.pdf
Refex Industries Ltd,https://www.bseindia.com/stockinfo/AnnPdfOpen.aspx?Pname=16753d71-8689-403a-9af3-80b18fa3e477.pdf
Banaras Beads Ltd,https://www.bseindia.com/stockinfo/AnnPdfOpen.aspx?Pname=c7d69e2b-321e-4f7e-b881-f67871385618.pdf
Colgate Palmolive (India) Ltd,https://www.bseindia.com/stockinfo/AnnPdfOpen.aspx?Pname=8d3f1b7c-9413-401b-89da-9b7634a1adad.pdf
Thirumalai Chemicals Ltd,https://www.bseindia.com/stockinfo/AnnPdfOpen.aspx?Pname=6c5fbb90-dca0-4539-8bd0-2ee2b22a14d2.pdf
Newgen Software Technologies Ltd,https://www.bseindia.com/stockinfo/AnnPdfOpen.aspx?Pname=4a6311ea-c60e-4382-b1bf-36e94d3ba90b.pdf
Craftsman Automation Ltd,https://www.bseindia.com/stockinfo/AnnPdfOpen.aspx?Pname=a1f1d737-cc7e-445f-bee8-ca4bf993e03e.pdf
State Bank of India,https://www.bseindia.com/stockinfo/AnnPdfOpen.aspx?Pname=938c3dc8-b424-40fc-836b-101415d323cd.pdf
JK Cement Ltd,https://www.bseindia.com/stockinfo/AnnPdfOpen.aspx?Pname=e4fb539b-1376-4391-98ab-a2bb56920f92.pdf
R R Kabel Ltd,https://www.bseindia.com/stockinfo/AnnPdfOpen.aspx?Pname=6016c10a-24a9-4ed2-ab93-859e70e6e0f9.pdf
AXIS Bank Ltd,https://www.bseindia.com/stockinfo/AnnPdfOpen.aspx?Pname=f9c525c6-500b-418a-ba1c-de529d668fed.pdf
JK Cement Ltd,https://www.bseindia.com/stockinfo/AnnPdfOpen.aspx?Pname=9b467850-65fd-4ed1-b12d-b04666523f43.pdf
ITC Ltd,https://www.bseindia.com/stockinfo/AnnPdfOpen.aspx?Pname=50f15cae-237f-4b1e-8817-15990bae076b.pdf
Titan Company Ltd,https://www.bseindia.com/stockinfo/AnnPdfOpen.aspx?Pname=ca45f9c9-e992-4358-8886-6d82c856295c.pdf
Latent View Analytics Ltd,https://www.bseindia.com/stockinfo/AnnPdfOpen.aspx?Pname=e184cbdc-e9cc-4033-be2c-36a503ba92c7.pdf
TTK Healthcare Ltd-,https://www.bseindia.com/stockinfo/AnnPdfOpen.aspx?Pname=f1fa7fa0-66fb-4b6e-908b-6e60fa7740cd.pdf
Paushak Ltd,https://www.bseindia.com/stockinfo/AnnPdfOpen.aspx?Pname=743e1f34-2a15-45ca-bd12-8ff9ced64e15.pdf
Oracle Financial Services Software Ltd,https://www.bseindia.com/stockinfo/AnnPdfOpen.aspx?Pname=273aa2ad-ba92-4580-b826-c6e2c46a20c4.pdf
Solar Industries India Ltd,https://www.bseindia.com/stockinfo/AnnPdfOpen.aspx?Pname=ecffac84-de93-4bad-8840-a9b88be3d9e5.pdf
Control Print Ltd-,https://www.bseindia.com/stockinfo/AnnPdfOpen.aspx?Pname=a3f2f945-6543-4e24-93f6-41a8ada8f154.pdf
Anant Raj Ltd-,https://www.bseindia.com/stockinfo/AnnPdfOpen.aspx?Pname=6f8f3726-9de8-4ece-864d-1b0dbe518c86.pdf
Muthoot Microfin Ltd,https://www.bseindia.com/stockinfo/AnnPdfOpen.aspx?Pname=9e18acf5-937f-42e1-ba79-638a7b185a27.pdf
Butterfly Gandhimathi Appliances Ltd,https://www.bseindia.com/stockinfo/AnnPdfOpen.aspx?Pname=fcf9132f-8e17-4b7a-b2ad-900b26e52449.pdf
Syngene International Ltd,https://www.bseindia.com/stockinfo/AnnPdfOpen.aspx?Pname=a89bdeb8-c87e-4098-a338-15076bf2b4b0.pdf
Mahindra & Mahindra Ltd,https://www.bseindia.com/stockinfo/AnnPdfOpen.aspx?Pname=32937808-266c-4aec-86e0-8bf550558d19.pdf
Pfizer Ltd,https://www.bseindia.com/stockinfo/AnnPdfOpen.aspx?Pname=e12d6df1-575b-43f7-ac8f-aa68648a902a.pdf
Dr Reddys Laboratories Ltd,https://www.bseindia.com/stockinfo/AnnPdfOpen.aspx?Pname=ef988e9b-9fdf-465e-9d82-22d163078112.pdf
Xpro India Ltd,https://www.bseindia.com/stockinfo/AnnPdfOpen.aspx?Pname=71569d27-8ab0-444c-9f14-e145934b839f.pdf
Kirloskar Pneumatic Company Ltd,https://www.bseindia.com/stockinfo/AnnPdfOpen.aspx?Pname=a03085b5-70f6-4499-bcfe-26578563b54a.pdf
Oriental Hotels Ltd,https://www.bseindia.com/stockinfo/AnnPdfOpen.aspx?Pname=fe1a0661-1ffe-4d89-a7b1-67a32cf08a46.pdf
Afcons Infrastructure Ltd,https://www.bseindia.com/stockinfo/AnnPdfOpen.aspx?Pname=c02d775a-3694-4ddf-916e-92763e5489d4.pdf
VST Industries Ltd,https://www.bseindia.com/stockinfo/AnnPdfOpen.aspx?Pname=48848a13-ee15-47ac-9580-ca1ddc65c769.pdf
Mahindra Holidays & Resorts India Ltd,https://www.bseindia.com/stockinfo/AnnPdfOpen.aspx?Pname=1912d5fe-94ee-443a-8f84-e2cc13fa87a0.pdf
Nuvoco Vistas Corporation Ltd,https://www.bseindia.com/stockinfo/AnnPdfOpen.aspx?Pname=894058cf-fb00-46a9-bfc3-f5ce5cd1bf2b.pdf
Pearl Global Industries Ltd,https://www.bseindia.com/stockinfo/AnnPdfOpen.aspx?Pname=b4ed16e7-20f2-43e5-9029-ee8c93859d3f.pdf
Grindwell Norton Ltd-,https://www.bseindia.com/stockinfo/AnnPdfOpen.aspx?Pname=5f19d587-2578-4a3f-9469-093f914ad98e.pdf
Fusion Finance Ltd,https://www.bseindia.com/stockinfo/AnnPdfOpen.aspx?Pname=10350c82-10dc-43b5-a918-3f89f816a137.pdf
Bajaj Housing Finance Ltd,https://www.bseindia.com/stockinfo/AnnPdfOpen.aspx?Pname=762bd890-80a6-47cc-a7ff-cf0d236279ef.pdf
Maharashtra Scooters Ltd,https://www.bseindia.com/stockinfo/AnnPdfOpen.aspx?Pname=fac1703a-1990-4bd3-a432-872f14759a64.pdf
K.P.R. Mill Limited,https://www.bseindia.com/stockinfo/AnnPdfOpen.aspx?Pname=b6820c6e-5dda-43ee-92f5-4a680d4db45b.pdf
Sona BLW Precision Forgings Ltd,https://www.bseindia.com/stockinfo/AnnPdfOpen.aspx?Pname=f66c1aa7-a533-4ac2-b735-0a0d9fc26243.pdf
Firstsource Solutions Ltd,https://www.bseindia.com/stockinfo/AnnPdfOpen.aspx?Pname=efdb31cf-9348-49b6-99bb-a5ff5b379a39.pdf
Happy Forgings Ltd,https://www.bseindia.com/stockinfo/AnnPdfOpen.aspx?Pname=41a2a6cf-0d91-4cfb-887e-35e02d3c48f2.pdf
Zensar Technologies Ltd,https://www.bseindia.com/stockinfo/AnnPdfOpen.aspx?Pname=fb522a45-1213-45d1-b04a-a16721c80783.pdf
Indo Rama Synthetics (India) Ltd,https://www.bseindia.com/stockinfo/AnnPdfOpen.aspx?Pname=15d7f37a-249a-49ee-93f1-7ab27db83d63.pdf
Mphasis Ltd,https://www.bseindia.com/stockinfo/AnnPdfOpen.aspx?Pname=3108fd09-744d-4e66-9ecc-09263967a14f.pdf
Atul Ltd,https://www.bseindia.com/stockinfo/AnnPdfOpen.aspx?Pname=456a7347-54a7-4cc0-85e0-4e401f99d360.pdf
PDS Ltd,https://www.bseindia.com/stockinfo/AnnPdfOpen.aspx?Pname=cc5d8d08-ee2c-4afe-b507-4d5b0ee35b10.pdf
Bajaj Finance Ltd,https://www.bseindia.com/stockinfo/AnnPdfOpen.aspx?Pname=b080fcc4-f9b5-4a8d-9cf5-fe5c4a1e7e92.pdf
Tanla Platforms Ltd,https://www.bseindia.com/stockinfo/AnnPdfOpen.aspx?Pname=1ee2684c-08f5-499c-b9ef-362c10727d52.pdf
TCI Express Ltd,https://www.bseindia.com/stockinfo/AnnPdfOpen.aspx?Pname=183eebec-db3e-4ee1-9952-b50ef30228ad.pdf
Piramal Pharma Ltd,https://www.bseindia.com/stockinfo/AnnPdfOpen.aspx?Pname=2ace4812-72e7-4184-b077-bd2db1f4096b.pdf
Mirza International Ltd,https://www.bseindia.com/stockinfo/AnnPdfOpen.aspx?Pname=54e4bed2-0d2e-4037-b2ff-598c434386bd.pdf
Automotive Stampings and Assemblies Ltd,https://www.bseindia.com/stockinfo/AnnPdfOpen.aspx?Pname=33b59481-aa02-4774-af59-a0dccdd34308.pdf
Akzo Nobel India Ltd,https://www.bseindia.com/stockinfo/AnnPdfOpen.aspx?Pname=e31a8a6f-a5e4-4e88-922a-0b57a5bce228.pdf
Goodyear India Ltd,https://www.bseindia.com/stockinfo/AnnPdfOpen.aspx?Pname=9340f80b-71ac-4d85-983d-67021cb9e5fd.pdf
Intellect Design Arena Ltd,https://www.bseindia.com/stockinfo/AnnPdfOpen.aspx?Pname=a212f9f2-5691-4fba-8144-e9fa58c16e4c.pdf
Eris Lifesciences Ltd,https://www.bseindia.com/stockinfo/AnnPdfOpen.aspx?Pname=26203f7a-72c6-4b2e-ac51-f73249705d80.pdf
C.E. Info Systems Ltd,https://www.bseindia.com/stockinfo/AnnPdfOpen.aspx?Pname=f571734e-eec7-4fd0-bcaa-7e3f045b28be.pdf
Bajaj Finserv Ltd,https://www.bseindia.com/stockinfo/AnnPdfOpen.aspx?Pname=9f649908-d242-4d93-9ba3-18c387bd2a30.pdf
Sobha Ltd,https://www.bseindia.com/stockinfo/AnnPdfOpen.aspx?Pname=8c47a855-d167-4731-84da-ef7e835daf68.pdf
CG Power and Industrial Solutions Ltd,https://www.bseindia.com/stockinfo/AnnPdfOpen.aspx?Pname=d67c6521-ce86-4409-ba8d-943b6f265a0d.pdf
Mahindra Lifespace Developers Ltd,https://www.bseindia.com/stockinfo/AnnPdfOpen.aspx?Pname=73adae51-4488-4211-bce9-cd3a03d658ac.pdf
Coromandel International Ltd,https://www.bseindia.com/stockinfo/AnnPdfOpen.aspx?Pname=60386103-e226-4976-aa43-3b5fe5331abd.pdf
Nelcast Ltd,https://www.bseindia.com/stockinfo/AnnPdfOpen.aspx?Pname=af346ac6-c59c-4a40-9c68-59518ebdb735.pdf
Sutlej Textiles and Industries Ltd,https://www.bseindia.com/stockinfo/AnnPdfOpen.aspx?Pname=0af3353b-1bd9-4bf5-b8c9-542faf187cc9.pdf
India Shelter Finance Corporation Ltd,https://www.bseindia.com/stockinfo/AnnPdfOpen.aspx?Pname=ec31f44a-df28-4e24-a5b6-234be10a5b0a.pdf
UPL Ltd,https://www.bseindia.com/stockinfo/AnnPdfOpen.aspx?Pname=274fa5e3-33bd-4393-bfe7-745fb4c7b8fe.pdf
Geojit Financial Services Ltd,https://www.bseindia.com/stockinfo/AnnPdfOpen.aspx?Pname=cfebb5e2-7d28-4340-915c-1d050faff7df.pdf
Thangamayil Jewellery Ltd,https://www.bseindia.com/stockinfo/AnnPdfOpen.aspx?Pname=9caf6dc4-15a7-4132-9e20-0f450afbc9c3.pdf
Advanced Enzyme Technologies Ltd,https://www.bseindia.com/stockinfo/AnnPdfOpen.aspx?Pname=28d8699f-01e6-4243-9d7f-46f7f32532dd.pdf
Nucleus Software Exports Ltd,https://www.bseindia.com/stockinfo/AnnPdfOpen.aspx?Pname=8a2a01f8-bb5e-4824-bb2f-9deb46b15fac.pdf
GRP Ltd,https://www.bseindia.com/stockinfo/AnnPdfOpen.aspx?Pname=72195111-b233-449b-8b02-88e6990d6334.pdf
Dollar Industries Ltd,https://www.bseindia.com/stockinfo/AnnPdfOpen.aspx?Pname=c102f764-e38f-44c5-bc7a-4f6ba8c88f23.pdf
Capacite Infraprojects Ltd,https://www.bseindia.com/stockinfo/AnnPdfOpen.aspx?Pname=1ca6668d-057b-4b4a-a14d-e7e37a12eb03.pdf
Orient Electric Ltd,https://www.bseindia.com/stockinfo/AnnPdfOpen.aspx?Pname=89626978-87e4-4c01-803b-7e467969e86d.pdf
JSW Steel Ltd,https://www.bseindia.com/stockinfo/AnnPdfOpen.aspx?Pname=eb97b05b-d1b1-4446-9bdb-5bbe2e8dcff5.pdf
Unichem Laboratories Ltd,https://www.bseindia.com/stockinfo/AnnPdfOpen.aspx?Pname=aacf3f05-37d8-4bd7-a8b3-2ac800e6aac9.pdf
Heritage Foods Ltd,https://www.bseindia.com/stockinfo/AnnPdfOpen.aspx?Pname=17ca7431-5355-4e34-afa5-a08982758cf9.pdf
Prudent Corporate Advisory Services Ltd,https://www.bseindia.com/stockinfo/AnnPdfOpen.aspx?Pname=afa34167-9727-41fd-81c9-2cf82e94170f.pdf
Wendt (India) Ltd,https://www.bseindia.com/stockinfo/AnnPdfOpen.aspx?Pname=7aedd100-e392-4e10-b32e-5f9de2ebc7f0.pdf
V-Mart Retail Ltd,https://www.bseindia.com/stockinfo/AnnPdfOpen.aspx?Pname=1f992791-29fa-4deb-ad11-bfa803464208.pdf
RAJESH EXPORTS LIMITED,https://nsearchives.nseindia.com/corporate/RAJESHEXPO_19122025165539_RelBRSRreport2025.pdf
BF UTILITIES LIMITED,https://nsearchives.nseindia.com/corporate/BFUTILITIE_27112025155734_BRSR_BFUL_27112025.pdf
NETWORK PEOPLE SERVICES TECHNOLOGIES LIMITED,https://nsearchives.nseindia.com/corporate/NPST_24112025144047_BRSR_2024-25.pdf
KIOCL LIMITED,https://nsearchives.nseindia.com/corporate/KIOCL_30102025125301_9cecda78-6e61-46f3-a498-cb7a654e1d92.pdf
SIRCA PAINTS INDIA LIMITED,https://nsearchives.nseindia.com/corporate/SIRCA_24102025151543_XBRL_Sirca_24-25.pdf
INDRAPRASTHA GAS LIMITED,https://nsearchives.nseindia.com/corporate/IGL1_24102025145919_BRSRReportFY202425.pdf
HMT LIMITED,https://nsearchives.nseindia.com/corporate/HMT_16102025193625_BRSR.pdf
THE NEW INDIA ASSURANCE COMPANY LIMITED,https://nsearchives.nseindia.com/corporate/NIACL_16102025175143_BRSR.pdf
ACCELYA SOLUTIONS INDIA LIMITED,https://nsearchives.nseindia.com/corporate/ACCELYA_13102025191608_Annual_Report_2025.pdf
THE ANDHRA SUGARS LIMITED,https://nsearchives.nseindia.com/corporate/ANDHRSUGAR_13102025145017_BRSR_Report_2024-2025.pdf
IFCI LIMITED,https://nsearchives.nseindia.com/corporate/IFCI_06102025193729_STX_BRSR.pdf
MAHANAGAR TELEPHONE NIGAM LIMITED,https://nsearchives.nseindia.com/corporate/MTNL_30092025110029_SD_BRSR_FY_2024_25.pdf
FERTILIZERS AND CHEMICALS TRAVANCORE LIMITED,https://nsearchives.nseindia.com/corporate/FACT_26092025165802_BRSR---2024-25_2523.pdf
RASHTRIYA CHEMICALS AND FERTILIZERS LIMITED,https://nsearchives.nseindia.com/corporate/RCF_24092025164041_Business_Responsibility__Sustainability_Report_2024-25_final.pdf
RACE ECO CHAIN LIMITED,https://nsearchives.nseindia.com/corporate/RACEECOCHAIN_22092025150611_RACE_ECO_CHAIN-_BRSR_FY_24-25.pdf
KOTAK MAHINDRA BANK LIMITED,https://nsearchives.nseindia.com/corporate/Kotakmahindrabank_19092025171829_BRSR_FY25.pdf
CYIENT LIMITED,https://nsearchives.nseindia.com/corporate/CYIENT_15092025150058_Annexure_1_BRSR.pdf
TAJ GVK HOTELS & RESORTS LIMITED,https://nsearchives.nseindia.com/corporate/TAJGVK_10092025104924_BRSR2425intimationfinal.pdf
YATHARTH HOSPITAL & TRAUMA CARE SERVICES LIMITED,https://nsearchives.nseindia.com/corporate/YATHARTH_09092025201653_BRSR.pdf
KELLTON TECH SOLUTIONS LIMITED,https://nsearchives.nseindia.com/corporate/KELLTONTEC_09092025162353_KTSL_BRSR_2025.pdf
NAGARJUNA FERTILIZERS AND CHEMICALS LIMITED,https://nsearchives.nseindia.com/corporate/NAGAFERT_09092025135040_Disclosure.pdf
JINDAL POLY FILMS LIMITED,https://nsearchives.nseindia.com/corporate/JINDALPOLY_08092025235426_BRSR.pdf
EFC (I) LIMITED,https://nsearchives.nseindia.com/corporate/EFCILTD_08092025231120_Submission_of_BRSR_Report.pdf
LT FOODS LIMITED,https://nsearchives.nseindia.com/corporate/532783_08092025224917_BRSRFinal.pdf
VALOR ESTATE LIMITED,https://nsearchives.nseindia.com/corporate/DBR_08092025222528_BRSR_2025.pdf
FILATEX FASHIONS LIMITED,https://nsearchives.nseindia.com/corporate/FILATEXFASHIONS_08092025201711_BRSRintimation.pdf
CONFIDENCE PETROLEUM INDIA LIMITED,https://nsearchives.nseindia.com/corporate/CONFIPET_08092025195346_CPIL_BRSR-2024-25.pdf
TILAKNAGAR INDUSTRIES LIMITED,https://nsearchives.nseindia.com/corporate/gthakur_08092025194255_TI_BRSR_2024-25_Final.pdf
GTL INFRASTRUCTURE LIMITED,https://nsearchives.nseindia.com/corporate/GTLINFRA1_08092025190448_BRSR.pdf
AZAD ENGINEERING LIMITED,https://nsearchives.nseindia.com/corporate/AZAD2356_08092025183639_Covering_DSC.pdf
PC JEWELLER LIMITED,https://nsearchives.nseindia.com/corporate/PCJEWELLER_08092025182259_BRSRReport.pdf
PRIMO CHEMICALS LIMITED,https://nsearchives.nseindia.com/corporate/PRIMO607_08092025172728_BSE_NSE_Intimation_Regarding_BRSR_2024-25.pdf
APEX FROZEN FOODS LIMITED,https://nsearchives.nseindia.com/corporate/APEX_08092025164002_BRSR.pdf
PANACEA BIOTEC LIMITED,https://nsearchives.nseindia.com/corporate/PANACEABIO_08092025163657_IntimationOfBRSR202425signed.pdf
SIGNPOST INDIA LIMITED,https://nsearchives.nseindia.com/corporate/SIGNPOST_08092025132624_BRSR2025.pdf
SUNTECK REALTY LIMITED,https://nsearchives.nseindia.com/corporate/SUNTECK_08092025120833_SRL.pdf
WEBSOL ENERGY SYSTEM LIMITED,https://nsearchives.nseindia.com/corporate/WEBELSOLAR_08092025120518_BRSRWEBSOL2025signed.pdf
PENNAR INDUSTRIES LIMITED,https://nsearchives.nseindia.com/corporate/PENIND_08092025114859_BRSR2025.pdf
SEPC LIMITED,https://nsearchives.nseindia.com/corporate/SHRIRAMEPC_08092025111116_BRSR2024-25sd.pdf
ROTO PUMPS LIMITED,https://nsearchives.nseindia.com/corporate/ROTO_07092025212134_SE_Intimation_BRSR_2025_Signed.pdf
SPACENET ENTERPRISES INDIA LIMITED,https://nsearchives.nseindia.com/corporate/SPCENET_07092025181608_SpacenetBRSR202425.pdf
JAIPRAKASH ASSOCIATES LIMITED,https://nsearchives.nseindia.com/corporate/JPASSOCIAT_07092025174753_Submission_of_BRSR_2024_25.pdf
SRI ADHIKARI BROTHERS TELEVISION NETWORK LIMITED,https://nsearchives.nseindia.com/corporate/SABTNL_06092025235135_BRSR_Report_Final.pdf
SAMMAAN CAPITAL LIMITED,https://nsearchives.nseindia.com/corporate/IHFL_06092025232404_SCL_BRSR_FY25.pdf
RELIGARE ENTERPRISES LIMITED,https://nsearchives.nseindia.com/corporate/RELIGARE_06092025221550_RELIGAREBRSR20242025.pdf
MOLD-TEK PACKAGING LIMITED,https://nsearchives.nseindia.com/corporate/MOLDTKPAC_06092025215301_SE_Intimation_BRSR.pdf
SMS PHARMACEUTICALS LIMITED,https://nsearchives.nseindia.com/corporate/SMSPHARMA_06092025213541_BRSR_2024-25_SMS_Pharma_signed.pdf
EASY TRIP PLANNERS LIMITED,https://nsearchives.nseindia.com/corporate/EASEMYTRIP_06092025203707_BRSREMT.pdf
SHALBY LIMITED,https://nsearchives.nseindia.com/corporate/SHALBYLTD_06092025202236_49BRSRReport.pdf
PREMIER EXPLOSIVES LIMITED,https://nsearchives.nseindia.com/corporate/PREMEXPLN_06092025194748_BSENSEBRSRReportFY202425.pdf
VERANDA LEARNING SOLUTIONS LIMITED,https://nsearchives.nseindia.com/corporate/Verandaipo_06092025194156_BRSRINTIMATION06092025.pdf
SOM DISTILLERIES & BREWERIES LIMITED,https://nsearchives.nseindia.com/corporate/SDBL_06092025190209_brsr060925sd.pdf
NAZARA TECHNOLOGIES LIMITED,https://nsearchives.nseindia.com/corporate/NAZARA_06092025184741_BRSRwithCL.pdf
MISHRA DHATU NIGAM LIMITED,https://nsearchives.nseindia.com/corporate/MIDHANI_06092025184324_MDN_BRSR_2024_25_signed.pdf
SERVOTECH RENEWABLE POWER SYSTEM LIMITED,https://nsearchives.nseindia.com/corporate/SERVOTECH_06092025181504_BRSR_new.pdf
SWAN CORP LIMITED,https://nsearchives.nseindia.com/corporate/SWANENERGY_06092025175240_BRSR_2024-2025.pdf
FISCHER MEDICAL VENTURES LIMITED,https://nsearchives.nseindia.com/corporate/FISCHER_06092025175420_BRSRrEP.pdf
THE PHOENIX MILLS LIMITED,https://nsearchives.nseindia.com/corporate/PHOENIXLTD4_06092025175235_PML_BRSR_06092025_sd.pdf
STEEL EXCHANGE INDIA LIMITED,https://nsearchives.nseindia.com/corporate/STEELXIND_06092025175003_Intimation_of_BRSR_2024_25.pdf
AXITA COTTON LIMITED,https://nsearchives.nseindia.com/corporate/AXITA_06092025174349_DisclosureOfBRSReportforFY202425.pdf
KINGFA SCIENCE & TECHNOLOGY (INDIA) LIMITED,https://nsearchives.nseindia.com/corporate/KINGFA_06092025173035_Kingfa_-_BRSR_2024-25.pdf
ZOTA HEALTH CARE LIMITED,https://nsearchives.nseindia.com/corporate/ZOTA_06092025143351_Zota_AR2025_Brsr.pdf
MAITHAN ALLOYS LIMITED,https://nsearchives.nseindia.com/corporate/MAITHANALL_06092025133245_BRSR2025.pdf
MOIL LIMITED,https://nsearchives.nseindia.com/corporate/MOIL_06092025131947_BRSR_PDF.pdf
HARIOM PIPE INDUSTRIES LIMITED,https://nsearchives.nseindia.com/corporate/hariompipes_06092025130145_Intimation_of_BRSR_signed.pdf
PNC INFRATECH LIMITED,https://nsearchives.nseindia.com/corporate/PNCINFRA_06092025124629_IntimationBRSR06092025.pdf
SHARE INDIA SECURITIES LIMITED,https://nsearchives.nseindia.com/corporate/SISL_06092025120703_SISLBRSR2025.pdf
PARAG MILK FOODS LIMITED,https://nsearchives.nseindia.com/corporate/PARAGMILK_05092025234858_Stock_Exchange_Intimation_BRSR.pdf
GUFIC BIOSCIENCES LIMITED,https://nsearchives.nseindia.com/corporate/GUFIC_05092025233356_IntimationofBRSR.pdf
PRAKASH INDUSTRIES LIMITED,https://nsearchives.nseindia.com/corporate/PRAKASH_05092025225558_PIL_BRSR_2024-25.pdf
PRIME FOCUS LIMITED,https://nsearchives.nseindia.com/corporate/PFOCUS_05092025224037_Intimation_of_BRSR_signed.pdf
PURAVANKARA LIMITED,https://nsearchives.nseindia.com/corporate/PURVA_05092025223229_seintimation-sd.pdf
VISHNU PRAKASH R PUNGLIA LIMITED,https://nsearchives.nseindia.com/corporate/VPRPL_05092025222828_BRSRintimation.pdf
SHREE PUSHKAR CHEMICALS & FERTILISERS LIMITED,https://nsearchives.nseindia.com/corporate/SHREEPUSHK_05092025220211_SEIntimationBRSR2024-25.pdf
OMAXE LIMITED,https://nsearchives.nseindia.com/corporate/OMAXE_05092025214554_BRSR_Intimation_sd.pdf
AURIONPRO SOLUTIONS LIMITED,https://nsearchives.nseindia.com/corporate/AURIONPRO_05092025213308_ASL_BRSR_Stock_Exchange_Intimation_FY25.pdf
D. P. ABHUSHAN LIMITED,https://nsearchives.nseindia.com/corporate/DPABHUSHAN_05092025210959_Covering_BRSR__Signed.pdf
IMAGICAAWORLD ENTERTAINMENT LIMITED,https://nsearchives.nseindia.com/corporate/IMAGICAA_05092025210246_SE_intimation_BRSR.pdf
HEUBACH COLORANTS INDIA LIMITED,https://nsearchives.nseindia.com/corporate/CLNINDIA_05092025203300_HCILAGMIntimation2025SIGNED.pdf
SUDARSHAN CHEMICAL INDUSTRIES LIMITED,https://nsearchives.nseindia.com/corporate/SUDARSCHEM_05092025202219_SEIntimationAnnualReportandAGMNoticeFY25.pdf
INFIBEAM AVENUES LIMITED,https://nsearchives.nseindia.com/corporate/INFIBEAM_05092025201734_IntimationBRSR05092025.pdf
ARIHANT CAPITAL MARKETS LIMITED,https://nsearchives.nseindia.com/corporate/ARIHANTCAP_05092025201655_BRSRF.pdf
FEDBANK FINANCIAL SERVICES LIMITED,https://nsearchives.nseindia.com/corporate/FEDFINA_05092025201050_covering_letter_Signed.pdf
DOLAT ALGOTECH LIMITED,https://nsearchives.nseindia.com/corporate/DOLATALGO_05092025200841_05-09-25-BRSR.pdf
DCW LIMITED,https://nsearchives.nseindia.com/corporate/DCW_05092025200351_Intimation_BRSR.pdf
GMR AIRPORTS LIMITED,https://nsearchives.nseindia.com/corporate/GMRINFRA_05092025195049_05092025-BRSR.pdf
GMR POWER AND URBAN INFRA LIMITED,https://nsearchives.nseindia.com/corporate/GPUIL_05092025194433_BRSR.pdf
HPL ELECTRIC & POWER LIMITED,https://nsearchives.nseindia.com/corporate/HPL_05092025192912_IntimationBRSRSigned.pdf
MUFIN GREEN FINANCE LIMITED,https://nsearchives.nseindia.com/corporate/MUFIN_05092025191104_Intimation_BRSR_2024-25.pdf
GULF OIL LUBRICANTS INDIA LIMITED,https://nsearchives.nseindia.com/corporate/GULFOILLUB_05092025185519_BRSR2025.pdf
GRM OVERSEAS LIMITED,https://nsearchives.nseindia.com/corporate/GRMOVER_05092025184002_BRSRSigned.pdf
AUTOLINE INDUSTRIES LIMITED,https://nsearchives.nseindia.com/corporate/AUTOIND_05092025183626_BRSR.pdf
SUBEX LIMITED,https://nsearchives.nseindia.com/corporate/SUBEXLTD_05092025182946_BRSR.pdf
BIGBLOC CONSTRUCTION LIMITED,https://nsearchives.nseindia.com/corporate/BIGBLOC_05092025182722_BSENSE_BRSR.pdf
PARAMOUNT COMMUNICATIONS LIMITED,https://nsearchives.nseindia.com/corporate/PARACABLES_05092025182145_BRSRREPORTFY2025.pdf
PAISALO DIGITAL LIMITED,https://nsearchives.nseindia.com/corporate/PAISALO_05092025181811_NSE_intimation_05092025.pdf
STEEL STRIPS WHEELS LIMITED,https://nsearchives.nseindia.com/corporate/SSWL_05092025181222_IntimationBRSRSigned.pdf
GENUS POWER INFRASTRUCTURES LIMITED,https://nsearchives.nseindia.com/corporate/GENUSPOWER_05092025175913_BRSR_merged_signed.pdf
KAJARIA CERAMICS LIMITED,https://nsearchives.nseindia.com/corporate/KAJARIACER_05092025174941_BRSR.pdf
EMS LIMITED,https://nsearchives.nseindia.com/corporate/EMSLIMITED_05092025174915_Intimation_BRSR.pdf
RAMA STEEL TUBES LIMITED,https://nsearchives.nseindia.com/corporate/RAMASTEEL_05092025174619_SignedIntimationofBRSR05092025.pdf
ASHIANA HOUSING LIMITED,https://nsearchives.nseindia.com/corporate/ASHIANA_05092025172853_BRSR2025.pdf
ASHOKA BUILDCON LIMITED,https://nsearchives.nseindia.com/corporate/ASHOKA_05092025172714_ABL_BRSR_2024_25_BSE_NSE.pdf
BEST AGROLIFE LIMITED,https://nsearchives.nseindia.com/corporate/BESTAGRO_05092025172559_BRSR2025.pdf
OPTIEMUS INFRACOM LIMITED,https://nsearchives.nseindia.com/corporate/OPTIEMUS_05092025171246_OILBRSR05092025.pdf
ROLEX RINGS LIMITED,https://nsearchives.nseindia.com/corporate/ROLEXRINGS_05092025171005_Business_Responsibility_and_Sustainability_Report.pdf
JAIN IRRIGATION SYSTEMS LIMITED,https://nsearchives.nseindia.com/corporate/JISLDVREQS_05092025165404_JISL_BRSR_2024_25.pdf
JAIN IRRIGATION SYSTEMS LIMITED,https://nsearchives.nseindia.com/corporate/JISLJALEQS_05092025165214_JISL_BRSR_2024_25.pdf
SATIA INDUSTRIES LIMITED,https://nsearchives.nseindia.com/corporate/SATIA_05092025164517_BRSR.pdf
KIRI INDUSTRIES LIMITED,https://nsearchives.nseindia.com/corporate/KIRIINDUS_05092025162100_Intimation_BRSR.pdf
PSP PROJECTS LIMITED,https://nsearchives.nseindia.com/corporate/PSPPROJECT_05092025161044_20250905_BRSR_2024-25_39.pdf
AHLUWALIA CONTRACTS (INDIA) LIMITED,https://nsearchives.nseindia.com/corporate/532811_05092025151224_ACILFY2025BRSR.pdf
PTC INDUSTRIES LIMITED,https://nsearchives.nseindia.com/corporate/PTCINDUSTRIES_05092025145834_BRSR_cover_Exchange_2025.pdf
MRS. BECTORS FOOD SPECIALITIES LIMITED,https://nsearchives.nseindia.com/corporate/BECTORFOOD_05092025144724_Business_Responsibility_and_Sustainability_Report__BRSR__FY_2024-25.pdf
RAJ RAYON INDUSTRIES LIMITED,https://nsearchives.nseindia.com/corporate/RAJRAYON1_05092025132900_Reg342fLetterforBRSRUP.pdf
GENESYS INTERNATIONAL CORPORATION LIMITED,https://nsearchives.nseindia.com/corporate/GENESYS_05092025122345_Genesys_BRSR_intimation.pdf
NLC INDIA LIMITED,https://nsearchives.nseindia.com/corporate/NLCINDIA_05092025000136_Intimation69thBRSR2025.pdf
INOX WIND LIMITED,https://nsearchives.nseindia.com/corporate/INOXWIND_05092025000101_SE_Cover_letters_IWL_BRSR.pdf
APEEJAY SURRENDRA PARK HOTELS LIMITED,https://nsearchives.nseindia.com/corporate/ASPHL_04092025235634_Notice.pdf
DREAMFOLKS SERVICES LIMITED,https://nsearchives.nseindia.com/corporate/DREAMFOLKS24_04092025232903_DFSL_Dispatch_AGM_Notice_Signed_Final.pdf
AUTHUM INVESTMENT & INFRASTRUCTURE LIMITED,https://nsearchives.nseindia.com/corporate/Authum123_04092025224544_BRSRIntimation.pdf
RATTANINDIA ENTERPRISES LIMITED,https://nsearchives.nseindia.com/corporate/RTNINDIA_04092025222351_BRSRRELSTX2025.pdf
RATTANINDIA POWER LIMITED,https://nsearchives.nseindia.com/corporate/RTNPOWER_04092025220253_RPLBRSR2025.pdf
KPI GREEN ENERGY LIMITED,https://nsearchives.nseindia.com/corporate/KPIGLOBAL_04092025212619_KPI_BRSR_FY25_to_Exchange_Signed.pdf
SALASAR TECHNO ENGINEERING LIMITED,https://nsearchives.nseindia.com/corporate/SALASAR_04092025211217_Intimation_BRSR_2025.pdf
INOX GREEN ENERGY SERVICES LIMITED,https://nsearchives.nseindia.com/corporate/IGESL_04092025205823_3_IGESL_BRSRFY2024_25_dsc.pdf
HLE GLASCOAT LIMITED,https://nsearchives.nseindia.com/corporate/HLEGLASCOAT_04092025205048_BSE_NSE_Intimation_BRSR_SD.pdf
BEML LIMITED,https://nsearchives.nseindia.com/corporate/BEML_04092025204609_SE_BRSR_REPORT_040925_signed.pdf
SYNCOM FORMULATIONS (INDIA) LIMITED,https://nsearchives.nseindia.com/corporate/SFILFINANCE123_04092025202231_BRSR2025.pdf
MOSCHIP TECHNOLOGIES LIMITED,https://nsearchives.nseindia.com/corporate/MOSCHIP_04092025201834_BRSR_Report_to_Stock_Exchanges.pdf
BAJAJ HEALTHCARE LIMITED,https://nsearchives.nseindia.com/corporate/BAJAJHCARE_04092025201343_Intimation_for_BRSR_Report.pdf
DCX SYSTEMS LIMITED,https://nsearchives.nseindia.com/corporate/DCX_2022_04092025200702_BRSR.pdf
GALLANTT ISPAT LIMITED,https://nsearchives.nseindia.com/corporate/GALLANTT_04092025195749_GIL_BRSR_Report.pdf
FINOLEX CABLES LIMITED,https://nsearchives.nseindia.com/corporate/CSgayatri_04092025195859_IntimationofBRSRSigned.pdf
PB FINTECH LIMITED,https://nsearchives.nseindia.com/corporate/POLICYBZR_09092025204636_SubmissionofrevisedBRSR09092025.pdf
GTPL HATHWAY LIMITED,https://nsearchives.nseindia.com/corporate/GTPLHL_04092025191233_Submission_of_BRSR_FY_2024_25.pdf
PATANJALI FOODS LIMITED,https://nsearchives.nseindia.com/corporate/RUCHI_04092025185848_LetterBRSR.pdf
ZEE MEDIA CORPORATION LIMITED,https://nsearchives.nseindia.com/corporate/RSZMCL_04092025190101_STXBRSRFINALFILE2425.pdf
ARMAN FINANCIAL SERVICES LIMITED,https://nsearchives.nseindia.com/corporate/ARMANFIN_04092025184347_BRSR_Intimation_04-09-2025.pdf
GUJARAT FLUOROCHEMICALS LIMITED,https://nsearchives.nseindia.com/corporate/FLUOROCHEM_04092025184026_BRSR.pdf
BALU FORGE INDUSTRIES LIMITED,https://nsearchives.nseindia.com/corporate/BALUFORGE_04092025183415_Intimation.pdf
EMBASSY DEVELOPMENTS LIMITED,https://nsearchives.nseindia.com/corporate/IBREL_04092025183329_EDL_BRSR.pdf
STYLAM INDUSTRIES LIMITED,https://nsearchives.nseindia.com/corporate/STYLAMIND_04092025182658_Intimation_BRSR.pdf
K.P. ENERGY LIMITED,https://nsearchives.nseindia.com/corporate/KPENERGY_04092025180919_1_KPE_BRSR_to_Exchange_Signed.pdf
ESTER INDUSTRIES LIMITED,https://nsearchives.nseindia.com/corporate/ESTER_04092025174923_BRSRFY2425.pdf
NALWA SONS INVESTMENTS LIMITED,https://nsearchives.nseindia.com/corporate/NSIL_04092025173132_SubmisionofBRSRNSIL.pdf
WAAREE ENERGIES LIMITED,https://nsearchives.nseindia.com/corporate/WAAREE_04092025172850_Waaree-Energies_BRSR_02092025_Final.pdf
CEIGALL INDIA LIMITED,https://nsearchives.nseindia.com/corporate/ceigall_04092025160038_BRSR_CIL_Signed_Final.pdf
ANUPAM RASAYAN INDIA LIMITED,https://nsearchives.nseindia.com/corporate/ANURAS_04092025152559_ARILSLDSTX20250903041SubmissionofBRSR.pdf
PICCADILY AGRO INDUSTRIES LIMITED,https://nsearchives.nseindia.com/corporate/CSPICCADILY_04092025151507_030925BRSR_2025_Report.pdf
CAPRI GLOBAL CAPITAL LIMITED,https://nsearchives.nseindia.com/corporate/CGCL_04092025150954_CGCL_BRSR_FY25.pdf
INDIA GLYCOLS LIMITED,https://nsearchives.nseindia.com/corporate/INDIAGLYCO_04092025145710_BRSRFSE.pdf
MAN INDUSTRIES (INDIA) LIMITED,https://nsearchives.nseindia.com/corporate/MANINDS_04092025141241_MIIL_BRSR_2024-25.pdf
SANSERA ENGINEERING LIMITED,https://nsearchives.nseindia.com/corporate/SANSERA_04092025140058_BRSR.pdf
NAVNEET EDUCATION LIMITED,https://nsearchives.nseindia.com/corporate/Navneet1984_04092025133157_BRSR_Covering_Signed.pdf
POLY MEDICURE LIMITED,https://nsearchives.nseindia.com/corporate/POLYMED_04092025115512_BRSR_FY_2024_25.pdf
JNK INDIA LIMITED,https://nsearchives.nseindia.com/corporate/JNKINDIA23_04092025114036_BRSR_covering_letter_alongwith_report.pdf
TECHNOCRAFT INDUSTRIES (INDIA) LIMITED,https://nsearchives.nseindia.com/corporate/TIIL_04092025112105_TIIL_BRSR_2024-25_Final.pdf
GANESHA ECOSPHERE LIMITED,https://nsearchives.nseindia.com/corporate/GANECOS_03092025235104_brsr.pdf
KNR CONSTRUCTIONS LIMITED,https://nsearchives.nseindia.com/corporate/KNRCON_03092025235008_BRSR2024-25.pdf
FILATEX INDIA LIMITED,https://nsearchives.nseindia.com/corporate/FILATEX_03092025231341_Filatex_BRSR_2025.pdf
SML ISUZU LIMITED,https://nsearchives.nseindia.com/corporate/SMLISUZU_03092025223533_058-SE_BRSR_2025_sd.pdf
LEMON TREE HOTELS LIMITED,https://nsearchives.nseindia.com/corporate/LEMONTREE_03092025223331_BRSR_Signed.pdf
ANTONY WASTE HANDLING CELL LIMITED,https://nsearchives.nseindia.com/corporate/AWHCLP_03092025213035_AWHCL_BRSR2025.pdf
SHRIRAM PROPERTIES LIMITED,https://nsearchives.nseindia.com/corporate/SHRIRAMPPS_03092025211636_SE_Intimation_BRSR.pdf
DIAMOND POWER INFRASTRUCTURE LIMITED,https://nsearchives.nseindia.com/corporate/DIACABS_03092025205135_DisclosureofBRSR03092025.pdf
HIMATSINGKA SEIDE LIMITED,https://nsearchives.nseindia.com/corporate/HIMATSEIDE_03092025205615_BRSR_Uploading.pdf
FEDERAL-MOGUL GOETZE (INDIA) LIMITED.,https://nsearchives.nseindia.com/corporate/Federal_03092025203746_FMGIL_BRSR_24-25.pdf
RHI MAGNESITA INDIA LTD,https://nsearchives.nseindia.com/corporate/RHIM_03092025202922_BRSR25.pdf
DISHMAN CARBOGEN AMCIS LIMITED,https://nsearchives.nseindia.com/corporate/DCAL_03092025201416_Reg34BRSR03092025.pdf
RATEGAIN TRAVEL TECHNOLOGIES LIMITED,https://nsearchives.nseindia.com/corporate/RATEGAIN_03092025201446_RG_BRSR_03092025.pdf
SHAKTI PUMPS (INDIA) LIMITED,https://nsearchives.nseindia.com/corporate/SHAKTIPUMP_03092025200837_Intimation_of_Submission_of_BRSR.pdf
VIDHI SPECIALTY FOOD INGREDIENTS LIMITED,https://nsearchives.nseindia.com/corporate/VIDHIING_03092025200537_BRSR_signed.pdf
MITCON CONSULTANCY & ENGINEERING SERVICES LIMITED,https://nsearchives.nseindia.com/corporate/MITCON_03092025195912_BUSINESSRESPONSIBILITYANDSUSTAINABILITYREPORTING.PDF
NEOGEN CHEMICALS LIMITED,https://nsearchives.nseindia.com/corporate/NEOGEN_03092025200022_BRSR03092025.pdf
CAPITAL INDIA FINANCE LIMITED,https://nsearchives.nseindia.com/corporate/CIFL_03092025195843_Intimation_SubmissionofBRSR.pdf
SHAILY ENGINEERING PLASTICS LIMITED,https://nsearchives.nseindia.com/corporate/Shailyengineering_03092025195229_BRSR_PDF_SUBMISSION.pdf
AVALON TECHNOLOGIES LIMITED,https://nsearchives.nseindia.com/corporate/AVALON2022_03092025192955_Avalon_BRSR_Intimation_03092025.pdf
SYRMA SGS TECHNOLOGY LIMITED,https://nsearchives.nseindia.com/corporate/SYRMASGS_03092025191648_IntimationBRSR.pdf
YATRA ONLINE LIMITED,https://nsearchives.nseindia.com/corporate/YATRA2022_03092025185315_IntimationBRSRSD.pdf
TARC LIMITED,https://nsearchives.nseindia.com/corporate/TARC_03092025184625_BRSR_signed.pdf
JEENA SIKHO LIFECARE LIMITED,https://nsearchives.nseindia.com/corporate/JEENASIKHO_03092025183807_Intimation_BRSR_Report_JSLL.pdf
RAMKY INFRASTRUCTURE LIMITED,https://nsearchives.nseindia.com/corporate/RAMKY_03092025182659_BRSROCRDSC.pdf
JK LAKSHMI CEMENT LIMITED,https://nsearchives.nseindia.com/corporate/JKLASHMI_03092025182339_BRSR.pdf
ALLCARGO GATI LIMITED,https://nsearchives.nseindia.com/corporate/GATI_03092025175711_BRSR-DSC-SRS.pdf
STOVE KRAFT LIMITED,https://nsearchives.nseindia.com/corporate/STOVEKRAFT_03092025165802_BRSRFY25.pdf
STANLEY LIFESTYLES LIMITED,https://nsearchives.nseindia.com/corporate/STANLEY2023_03092025154453_BRSRDiscSDX.pdf
VISHAL MEGA MART LIMITED,https://nsearchives.nseindia.com/corporate/VMMP2024_03092025152424_Disclosure_BRSR_2025_VMM.pdf
HEALTHCARE GLOBAL ENTERPRISES LIMITED,https://nsearchives.nseindia.com/corporate/HCG1_03092025121224_HCG_BRSR_2025.pdf
HEMISPHERE PROPERTIES INDIA LIMITED,https://nsearchives.nseindia.com/corporate/HEMIPROP_03092025091801_brsrstex.pdf
HEIDELBERGCEMENT INDIA LIMITED,https://nsearchives.nseindia.com/corporate/HEIDELBERG_02092025234248_FinalIntimationBRSRsd.pdf
SANGHVI MOVERS LIMITED,https://nsearchives.nseindia.com/corporate/SANGHVIMOV_02092025224532_SE_Intimation_BRSR_FY_2024-25.pdf
NBCC (INDIA) LIMITED,https://nsearchives.nseindia.com/corporate/NBCC_02092025223453_Intimation_BRSR020292025.pdf
VALIANT ORGANICS LIMITED,https://nsearchives.nseindia.com/corporate/VALIANTORG_02092025221733_Intimation-_BRSR_24-25.pdf
DEE DEVELOPMENT ENGINEERS LIMITED,https://nsearchives.nseindia.com/corporate/DDEL_02092025215205_BSENSESIGNED.pdf
DCM NOUVELLE LIMITED,https://nsearchives.nseindia.com/corporate/DCMNVL_02092025214845_BSENSE_BRSR.pdf
MONARCH NETWORTH CAPITAL LIMITED,https://nsearchives.nseindia.com/corporate/MONARCH_02092025215656_IntimationBRSR2025.pdf
SOLARA ACTIVE PHARMA SCIENCES LIMITED,https://nsearchives.nseindia.com/corporate/SOLARA_02092025214123_SE_intimation_BRSR.pdf
MARATHON NEXTGEN REALTY LIMITED,https://nsearchives.nseindia.com/corporate/MARATHON_02092025214052_BRSRREPORT.pdf
POPULAR VEHICLES AND SERVICES LIMITED,https://nsearchives.nseindia.com/corporate/9072530155_02092025211552_BRSR_FINALSD.pdf
BHARAT WIRE ROPES LIMITED,https://nsearchives.nseindia.com/corporate/BHARATWIRE_02092025205246_Intimation_BRSR.pdf
KRSNAA DIAGNOSTICS LIMITED,https://nsearchives.nseindia.com/corporate/KRSNAA_02092025202614_543328-Signed.pdf
EDELWEISS FINANCIAL SERVICES LIMITED,https://nsearchives.nseindia.com/corporate/EDELWEISS_02092025201659_EFSLBRSR.pdf
AXISCADES TECHNOLOGIES LIMITED,https://nsearchives.nseindia.com/corporate/AXISCADES_02092025195725_AxiscadesBRSR.pdf
HI-TECH PIPES LIMITED,https://nsearchives.nseindia.com/corporate/HITECH_02092025195125_Signed_Intimation_BRSR_FY_2024-25.pdf
CARTRADE TECH LIMITED,https://nsearchives.nseindia.com/corporate/CARTRADE_02092025194235_Covering_letter_for_BRSR.pdf
RACL GEARTECH LIMITED,https://nsearchives.nseindia.com/corporate/RACL1983_02092025192159_Intimation_BRSR_F.pdf
SASTASUNDAR VENTURES LIMITED,https://nsearchives.nseindia.com/corporate/SASTASUNDR_02092025190524_SVLAnnualBRSR2025sign.pdf
VARDHMAN HOLDINGS LIMITED,https://nsearchives.nseindia.com/corporate/VHL_02092025190033_VHL_BRSR_24_25_sd.pdf
SREE RAYALASEEMA HI-STRENGTH HYPO LIMITED,https://nsearchives.nseindia.com/corporate/SRHHYPOLTD_02092025185902_BRSR.pdf
DREDGING CORPORATION OF INDIA LIMITED,https://nsearchives.nseindia.com/corporate/DREDGECORP_02092025185627_brsr.pdf
GOLDIAM INTERNATIONAL LIMITED,https://nsearchives.nseindia.com/corporate/GOLDIAM_02092025185354_BRSR_intimation.pdf
GOODLUCK INDIA LIMITED,https://nsearchives.nseindia.com/corporate/GOODLUCK_02092025184911_BRSRmerged.pdf
VARDHMAN TEXTILES LIMITED,https://nsearchives.nseindia.com/corporate/VTL_02092025184755_VTL_BRSR.pdf
NATIONAL ALUMINIUM COMPANY LIMITED,https://nsearchives.nseindia.com/corporate/bharatsahu_02092025184501_SELetterBRSR202425.pdf
DYNAMATIC TECHNOLOGIES LIMITED,https://nsearchives.nseindia.com/corporate/DYNAMATICH_02092025183601_ANNUAL_REPORT_2024_25_FOR_SHAREHOLDERS.pdf
BLUE JET HEALTHCARE LIMITED,https://nsearchives.nseindia.com/corporate/BLUEJET_02092025181050_FinalUploadBRSR.pdf
VARDHMAN ACRYLICS LIMITED,https://nsearchives.nseindia.com/corporate/VARDHACRLC_02092025180507_VAL_BRSR_24_25_sd.pdf
DCB BANK LIMITED,https://nsearchives.nseindia.com/corporate/Priyeshjain_02092025180451_Business_Responsibility_and_Sustainability_Report.pdf
VARDHMAN SPECIAL STEELS LIMITED,https://nsearchives.nseindia.com/corporate/VSSL_02092025180409_VSSL_BRSR.pdf
HINDWARE HOME INNOVATION LIMITED,https://nsearchives.nseindia.com/corporate/SHIL_02092025174420_Business_Responsibility_and_Sustainability_Report_2024-25.pdf
IRM ENERGY LIMITED,https://nsearchives.nseindia.com/corporate/IRMENERGY_02092025173640_BRSR25signed.pdf
QUICK HEAL TECHNOLOGIES LIMITED,https://nsearchives.nseindia.com/corporate/QUICKHEAL_02092025173451_BRSR.pdf
BODAL CHEMICALS LIMITED,https://nsearchives.nseindia.com/corporate/BODALCHEM_02092025170714_Bodal_Chem_02_09_2025_BRSR.pdf
COCHIN SHIPYARD LIMITED,https://nsearchives.nseindia.com/corporate/Aswi4739_02092025170010_SE_Intimation_BRSR_2025_to_upload_sd.pdf
BHARAT DYNAMICS LIMITED,https://nsearchives.nseindia.com/corporate/BDL_02092025162742_33IntimationofBRSR.pdf
GATEWAY DISTRIPARKS LIMITED,https://nsearchives.nseindia.com/corporate/GATEWAY_02092025154603_BRSR_Intimation_2025.pdf
SUNFLAG IRON AND STEEL COMPANY LIMITED,https://nsearchives.nseindia.com/corporate/SUNFLAG_02092025154156_SE_BRSR_2024-25.pdf
RAJOO ENGINEERS LIMITED,https://nsearchives.nseindia.com/corporate/RAJOO_02092025153521_Submission_of_BRSR_Report.pdf
MONTE CARLO FASHIONS LIMITED,https://nsearchives.nseindia.com/corporate/MONTECARLO_02092025153438_BRSRletter.pdf
HATHWAY CABLE & DATACOM LIMITED,https://nsearchives.nseindia.com/corporate/PRIYAB_02092025150524_HCDL_BRSR_S.pdf
INDOSTAR CAPITAL FINANCE LIMITED,https://nsearchives.nseindia.com/corporate/INDOSTAR_02092025151405_BRSRFinal.pdf
VAKRANGEE LIMITED,https://nsearchives.nseindia.com/corporate/VAKRANGEE_02092025144516_BRSR_Intimation_signed.pdf
MADRAS FERTILIZERS LIMITED,https://nsearchives.nseindia.com/corporate/MADRASFERT_02092025141825_BRSR_NSE.pdf
CUPID LIMITED,https://nsearchives.nseindia.com/corporate/CUPID_02092025140056_BRSR_With_Cover_Letter.pdf
NATIONAL FERTILIZERS LIMITED,https://nsearchives.nseindia.com/corporate/NFL_02092025134526_signedNSEBRSR.pdf
CONTAINER CORPORATION OF INDIA LIMITED,https://nsearchives.nseindia.com/corporate/CONCOR_02092025123057_BRSR-2024-25.pdf
VINATI ORGANICS LIMITED,https://nsearchives.nseindia.com/corporate/VINATIORGA_02092025113349_BRSR_VOL_2024-2025_02092025.pdf
CARYSIL LIMITED,https://nsearchives.nseindia.com/corporate/ACRYSIL_02092025113735_BRSRfinalsigned25.pdf
VENKY'S (INDIA) LIMITED,https://nsearchives.nseindia.com/corporate/VENKEYS_02092025111739_BRSR_Final.pdf
DIXON TECHNOLOGIES (INDIA) LIMITED,https://nsearchives.nseindia.com/corporate/DIXON_01092025235419_Binder1.pdf
SOUTHERN PETROCHEMICALS INDUSTRIES CORPORATION  LIMITED,https://nsearchives.nseindia.com/corporate/SPIC_01092025233404_Intimation_on_BRSR_Final.pdf
PPAP AUTOMOTIVE LIMITED,https://nsearchives.nseindia.com/corporate/PPAP_01092025225521_annualreportfinal.pdf
GENERAL INSURANCE CORPORATION OF INDIA,https://nsearchives.nseindia.com/corporate/GICRE_01092025231521_AGM4BRSR.pdf
APOLLO PIPES LIMITED,https://nsearchives.nseindia.com/corporate/APOLLOPIPE_01092025230344_ApollopipesBRSRsigned.pdf
HONASA CONSUMER LIMITED,https://nsearchives.nseindia.com/corporate/HONASA16_01092025214121_BRSR_2024-25.pdf
SIGNATUREGLOBAL (INDIA) LIMITED,https://nsearchives.nseindia.com/corporate/SGLOBAL_01092025214735_brsr25signed.pdf
SHREE RENUKA SUGARS LIMITED,https://nsearchives.nseindia.com/corporate/RENUKA_01092025213418_BRSR24-25_Final.pdf
JAMNA AUTO INDUSTRIES LIMITED,https://nsearchives.nseindia.com/corporate/JAMNAAUTO_01092025204410_BRSRJAI.pdf
AMINES & PLASTICIZERS LIMITED,https://nsearchives.nseindia.com/corporate/OMKAR_01092025202055_SEsubmission_BRSR_SD.pdf
ACUTAAS CHEMICALS LIMITED,https://nsearchives.nseindia.com/corporate/AMIORG_01092025195818_BRSRforuploadSIGNED.pdf
STAR CEMENT LIMITED,https://nsearchives.nseindia.com/corporate/STARCEMENT_01092025195007_IntimationofBRSR.pdf
PITTI ENGINEERING LIMITED,https://nsearchives.nseindia.com/corporate/PITTIENG_01092025194841_BRSR.pdf
VENUS PIPES & TUBES LIMITED,https://nsearchives.nseindia.com/corporate/VENUSPIPES_01092025192429_Intimation_of_BRSR_VENUS_010925.pdf
SUPRIYA LIFESCIENCE LIMITED,https://nsearchives.nseindia.com/corporate/SUPRIYA_01092025192333_BRSRFinal010925.pdf
UNION BANK OF INDIA,https://nsearchives.nseindia.com/corporate/UNIONBANK_01092025185438_BRSR.pdf
TECHNO ELECTRIC & ENGINEERING COMPANY LIMITED,https://nsearchives.nseindia.com/corporate/TECHNOE_01092025185411_BRSR_2024-25.pdf
GUJARAT MINERAL DEVELOPMENT CORPORATION LIMITED,https://nsearchives.nseindia.com/corporate/GMDCLTD_01092025181437_GMDC_AR_BRSR.pdf
HINDUJA GLOBAL SOLUTIONS LIMITED,https://nsearchives.nseindia.com/corporate/HGSN_01092025180605_BRSR.pdf
GUJARAT STATE FERTILIZERS & CHEMICALS LIMITED,https://nsearchives.nseindia.com/corporate/GSFC_01092025180547_BRSR2024-25.pdf
SJVN LIMITED,https://nsearchives.nseindia.com/corporate/SJVN_01092025180248_brsr.pdf
REDTAPE LIMITED,https://nsearchives.nseindia.com/corporate/REDTAPE_01092025175848_BRSR.pdf
GANESH BENZOPLAST LIMITED,https://nsearchives.nseindia.com/corporate/GANESHBE_01092025175244_BRSR202425.pdf
JAGSONPAL PHARMACEUTICALS LIMITED,https://nsearchives.nseindia.com/corporate/JAGSNPHARM_01092025173946_Intimation_BRSR_SE_F.pdf
GUJARAT ALKALIES AND CHEMICALS LIMITED,https://nsearchives.nseindia.com/corporate/JAXESH_ZAVERI_01092025173142_SE_BRSR_2024-25_S.pdf
63 MOONS TECHNOLOGIES LIMITED,https://nsearchives.nseindia.com/corporate/63MOONS_01092025171058_BRSR2025.pdf
SARDA ENERGY & MINERALS LIMITED,https://nsearchives.nseindia.com/corporate/SARDAEN_01092025170951_SEML_BRSR_2024_25.pdf
SIGACHI INDUSTRIES LIMITED,https://nsearchives.nseindia.com/corporate/SIGACHI_01092025170851_BRSRIntimation.pdf
CIGNITI TECHNOLOGIES LIMITED,https://nsearchives.nseindia.com/corporate/CIGNITITEC_01092025164924_BRSR_Intimation_CTL.pdf
SHALIMAR PAINTS LIMITED,https://nsearchives.nseindia.com/corporate/SHALPAINTS_01092025164601_BSENSEBRSR.pdf
MSTC LIMITED,https://nsearchives.nseindia.com/corporate/MSTCLTD_01092025164557_SE672.pdf
ALLCARGO LOGISTICS LIMITED,https://nsearchives.nseindia.com/corporate/ALLCARGO_01092025164218_SEupload_signed.pdf
UNITECH LIMITED,https://nsearchives.nseindia.com/corporate/UNITECH_01092025161345_BRSR_2024_25_S.pdf
GOPAL SNACKS LIMITED,https://nsearchives.nseindia.com/corporate/GOPALSNACKS_01092025160426_GSLBRSR2025.pdf
SINDHU TRADE LINKS LIMITED,https://nsearchives.nseindia.com/corporate/SINDHUTRAD_01092025151506_BRSRReportBSENSEsigned.pdf
KEWAL KIRAN CLOTHING LIMITED,https://nsearchives.nseindia.com/corporate/KKCL_01092025142523_BRSR2025.pdf
HEXA TRADEX LIMITED,https://nsearchives.nseindia.com/corporate/HEXATRADEX_01092025140844_BRSR_HTL_2025SE.pdf
MMTC LIMITED,https://nsearchives.nseindia.com/corporate/ajaymisra_01092025135525_BRSR_2024-25_sd.pdf
KAMDHENU LIMITED,https://nsearchives.nseindia.com/corporate/KAMDHENU_01092025131549_BRSRfinalsigned.pdf
MAGELLANIC CLOUD LIMITED,https://nsearchives.nseindia.com/corporate/MCLOUD_01092025105040_BRSR_FY2025.pdf
LUX INDUSTRIES LIMITED,https://nsearchives.nseindia.com/corporate/LUXIND_31082025224555_Lux_BRSR_2025.pdf
GUJARAT GAS LIMITED,https://nsearchives.nseindia.com/corporate/GUJGASLTD_31082025112812_1483SECBRSR2425.pdf
STERLING TOOLS LIMITED,https://nsearchives.nseindia.com/corporate/STERTOOLS_31082025005242_SterlingToolsBRSR__1_.pdf
KOLTE - PATIL DEVELOPERS LIMITED,https://nsearchives.nseindia.com/corporate/KOLTEPATIL_30082025231428_BRSR.pdf
LANDMARK CARS LIMITED,https://nsearchives.nseindia.com/corporate/LANDMARK_30082025230913_BRSRReportNSEBSEFY202425.pdf
AARTI DRUGS LIMITED,https://nsearchives.nseindia.com/corporate/AARTIDRUGS_30082025225933_ADL.pdf
THE KARNATAKA BANK LIMITED,https://nsearchives.nseindia.com/corporate/KTKBANK_30082025224214_BRSRF.pdf
DOMS INDUSTRIES LIMITED,https://nsearchives.nseindia.com/corporate/RAHULBS35_30082025223849_IntimationToStockExchangesBRSR.pdf
GARWARE HI-TECH FILMS LIMITED,https://nsearchives.nseindia.com/corporate/GRWRHITECH_30082025222819_BRSR_2024-25.pdf
PG ELECTROPLAST LIMITED,https://nsearchives.nseindia.com/corporate/PGEL_30082025210512_PGELBRSR202425.pdf
BOROSIL RENEWABLES LIMITED,https://nsearchives.nseindia.com/corporate/BORORENEW_30082025200515_BRSR_Report.pdf
GUJARAT STATE PETRONET LIMITED,https://nsearchives.nseindia.com/corporate/GSPL_30082025193923_BSENSEBRSR.pdf
NIIT LEARNING SYSTEMS LIMITED,https://nsearchives.nseindia.com/corporate/NLSL_30082025193522_BRS_Report_for_FY25.pdf
POWER MECH PROJECTS LIMITED,https://nsearchives.nseindia.com/corporate/POWERMECH_30082025193459_BRSR_to_SEs.pdf
CAPLIN POINT LABORATORIES LIMITED,https://nsearchives.nseindia.com/corporate/CAPLINPOINT_30082025185542_Caplin_Point_Labortories_Ltd_BRSR_2024-25.pdf
SAVITA OIL TECHNOLOGIES LIMITED,https://nsearchives.nseindia.com/corporate/SOTL_30082025180018_BRSR2025.pdf
UNIPARTS INDIA LIMITED,https://nsearchives.nseindia.com/corporate/Earth_2018_30082025173716_BRSR2025SEfiling.pdf
MEDI ASSIST HEALTHCARE SERVICES LIMITED,https://nsearchives.nseindia.com/corporate/MEDIASSIST_30082025170255_MAHSIntimationOnAGMNoticeandAnnualReport.pdf
UNITED DRILLING TOOLS LIMITED,https://nsearchives.nseindia.com/corporate/UNIDT_30082025165657_Submission_BRSR_2025.pdf
RBL BANK LIMITED,https://nsearchives.nseindia.com/corporate/RBLBANK_30082025164010_RBLAR25BRSRpdf.pdf
ESAF SMALL FINANCE BANK LIMITED,https://nsearchives.nseindia.com/corporate/esfb_30082025161048_SEIntimation_BRSR.pdf
JTL INDUSTRIES LIMITED,https://nsearchives.nseindia.com/corporate/JTLIND_30082025161239_BRSR202425Signed.pdf
RITES LIMITED,https://nsearchives.nseindia.com/corporate/RITES_30082025155750_IntimationSigned.pdf
LE TRAVENUES TECHNOLOGY LIMITED,https://nsearchives.nseindia.com/corporate/IXIGO_30082025151731_Announcement_Reg_30_BRSR_30082025.pdf
ELECTRONICS MART INDIA LIMITED,https://nsearchives.nseindia.com/corporate/EMILTD_30082025143913_Intimation_BRSR_Final_2024-25.pdf
TARSONS PRODUCTS LIMITED,https://nsearchives.nseindia.com/corporate/TARSONS_30082025134028_SE_Intimation_BRSR.pdf
CAMPUS ACTIVEWEAR LIMITED,https://nsearchives.nseindia.com/corporate/CAMPUSSHOES_30082025132712_CAMPUSSHOES29082025222143SefilingsBRSR.pdf
PETRONET LNG LIMITED,https://nsearchives.nseindia.com/corporate/PETRONET_30082025110848_IntimationSEBRSRsigned.pdf
WAAREE RENEWABLE TECHNOLOGIES LIMITED,https://nsearchives.nseindia.com/corporate/WAAREERTL_29082025224222_BRSR.pdf
NIIT LIMITED,https://nsearchives.nseindia.com/corporate/RARORA_29082025221543_BRSR.pdf
SUZLON ENERGY LIMITED,https://nsearchives.nseindia.com/corporate/SUZLON1_29082025214547_Business_Responsibility_and_Sustainability_Report.pdf
CHAMAN LAL SETIA EXPORTS LIMITED,https://nsearchives.nseindia.com/corporate/CLSEL_29082025210220_READY1.pdf
KRBL LIMITED,https://nsearchives.nseindia.com/corporate/BIBHU_29082025204708_KRBL_AR_2024-25_BRSR_280825__1_.pdf
FDC LIMITED,https://nsearchives.nseindia.com/corporate/FDC_29082025204221_BRSRReportFinalmergedcompressedSIGNED.pdf
BAAZAR STYLE RETAIL LIMITED,https://nsearchives.nseindia.com/corporate/BSRL2024_29082025203051_SignedBRSRFY202425.pdf
ADITYA BIRLA FASHION AND RETAIL LIMITED,https://nsearchives.nseindia.com/corporate/ABFRL_29082025194528_BRSR_ABFRL.pdf
GLENMARK PHARMACEUTICALS LIMITED,https://nsearchives.nseindia.com/corporate/GLENMARK_29082025194521_SE_BRSR1_29082025_signed.pdf
OLECTRA GREENTECH LIMITED,https://nsearchives.nseindia.com/corporate/OLECTRA_29082025193717_BRSR.pdf
SKIPPER LIMITED,https://nsearchives.nseindia.com/corporate/skipper_30082025164259_BRSRINTIMATION.pdf
ONESOURCE SPECIALTY PHARMA LIMITED,https://nsearchives.nseindia.com/corporate/ONESOURCECDMO_29082025185451_Final_OS_BRSR.pdf
NATCO PHARMA LIMITED,https://nsearchives.nseindia.com/corporate/NATCOPHARM_29082025183823_SEBRSR29082025.pdf
BALMER LAWRIE & COMPANY LIMITED,https://nsearchives.nseindia.com/corporate/BALMLAWRIE_29082025182248_BRSR.pdf
KAVERI SEED COMPANY LIMITED,https://nsearchives.nseindia.com/corporate/KSCL_29082025182601_BRSR.pdf
AGARWAL INDUSTRIAL CORPORATION LIMITED,https://nsearchives.nseindia.com/corporate/AGARIND_29082025182534_BRSRFinal.pdf
AFFLE 3I LIMITED,https://nsearchives.nseindia.com/corporate/AFFLE_29082025181218_BRSR_2024_25.pdf
DHANI SERVICES LIMITED,https://nsearchives.nseindia.com/corporate/DHANI_29082025180736_DSL_BRSR_2425.pdf
J.KUMAR INFRAPROJECTS LIMITED,https://nsearchives.nseindia.com/corporate/JKInfra_29082025173014_SE_Business_Responsibility_and_Sustainability_Report.pdf
JUPITER WAGONS LIMITED,https://nsearchives.nseindia.com/corporate/CEBBCO_29082025170056_SEBRSR31032025.pdf
AMRUTANJAN HEALTH CARE LIMITED,https://nsearchives.nseindia.com/corporate/AMRUTANJAN_29082025164759_BRSRIntimationFY25_Sd.pdf
HINDUSTAN COPPER LIMITED,https://nsearchives.nseindia.com/corporate/HINDCOPPERMKD_29082025155022_LettertoBSENSE_BRSR202425_29082025_.pdf
ASHAPURA MINECHEM LIMITED,https://nsearchives.nseindia.com/corporate/ASHAPURMIN_29082025153642_BRSR24-24SE.pdf
MASTEK LIMITED,https://nsearchives.nseindia.com/corporate/MASTEK12_29082025152628_BRSRIntimationFY2024-25_signed.pdf
AARTI PHARMALABS LIMITED,https://nsearchives.nseindia.com/corporate/AARTIPHARMA_29082025151430_BRSR_Upload_signed.pdf
COFORGE LIMITED,https://nsearchives.nseindia.com/corporate/COFORGE_29082025145633_Intimation_of_BRSR.pdf
ENGINEERS INDIA LIMITED,https://nsearchives.nseindia.com/corporate/ENGINERSIN_29082025124015_brsr29082025.pdf
NUVAMA WEALTH MANAGEMENT LIMITED,https://nsearchives.nseindia.com/corporate/NWML_29082025123548_SE_BRSR-24-25.pdf
LIKHITHA INFRASTRUCTURE LIMITED,https://nsearchives.nseindia.com/corporate/LIKHITHA_29082025120911_BRSR_Final.pdf
NAHAR POLY FILMS LIMITED,https://nsearchives.nseindia.com/corporate/NAHARPOLY_29082025104021_BRSR.pdf
PRAJ INDUSTRIES LIMITED,https://nsearchives.nseindia.com/corporate/PRAJIND_29082025091837_BRSR2025.pdf
JUNIPER HOTELS LIMITED,https://nsearchives.nseindia.com/corporate/9930371292_29082025000012_BRSR-signed.pdf
NACL INDUSTRIES LIMITED,https://nsearchives.nseindia.com/corporate/NACLIND_28082025233056_SEIntimationBRSR2025F.pdf
MAZAGON DOCK SHIPBUILDERS LIMITED,https://nsearchives.nseindia.com/corporate/MAZDOCK_28082025231227_SE_Disclosure_BRSR.pdf
INDIA NIPPON ELECTRICALS LIMITED,https://nsearchives.nseindia.com/corporate/INDNIPPON2_28082025223322_INELBRSR202425.pdf
EXICOM TELE-SYSTEMS LIMITED,https://nsearchives.nseindia.com/corporate/EXICOM_28082025214009_Intimation_ETSL_BRSR_2024-25.pdf
STAR HEALTH AND ALLIED INSURANCE COMPANY LIMITED,https://nsearchives.nseindia.com/corporate/STARHEALTH_28082025200410_BRSRFY2025.pdf
HERANBA INDUSTRIES LIMITED,https://nsearchives.nseindia.com/corporate/HERANBA_03092025172720_Heranba_BRSR_Final_Signed.pdf
TEXMACO RAIL & ENGINEERING LIMITED,https://nsearchives.nseindia.com/corporate/TEXRAIL_28082025190830_TexRailBRSR28082025Signed.pdf
SG FINSERVE LIMITED,https://nsearchives.nseindia.com/corporate/SGFINSERVE_28082025170736_BRSR_FY25.pdf
SUN TV NETWORK LIMITED,https://nsearchives.nseindia.com/corporate/SUNTV1_28082025164658_BRSR_2024-25.pdf
SANDHAR TECHNOLOGIES LIMITED,https://nsearchives.nseindia.com/corporate/SANDHAR_28082025160931_STL_BRSR_Intimation_2025_Intimation_signed.pdf
ANJANI PORTLAND CEMENT LIMITED,https://nsearchives.nseindia.com/corporate/APCL_28082025161056_SE_BRSR_FY25.pdf
ALICON CASTALLOY LIMITED,https://nsearchives.nseindia.com/corporate/ALICON_28082025153333_Covering_Let_to_SEs.pdf
ONMOBILE GLOBAL LIMITED,https://nsearchives.nseindia.com/corporate/ONMOBILE_28082025155508_BRSR_FY_2024-25.pdf
BCL INDUSTRIES LIMITED,https://nsearchives.nseindia.com/corporate/BCLIND_28082025145527_BRSR.pdf
AMBIKA COTTON MILLS LIMITED,https://nsearchives.nseindia.com/corporate/AMBIKCO_28082025134648_BRSR202425.pdf
DDEV PLASTIKS INDUSTRIES LIMITED,https://nsearchives.nseindia.com/corporate/DDEVPLASTIKS_28082025123108_BRSR-PDF.pdf
NAHAR SPINNING MILLS LIMITED,https://nsearchives.nseindia.com/corporate/NAHARSPING_28082025104954_BRSR.pdf
MAX ESTATES LIMITED,https://nsearchives.nseindia.com/corporate/MEL_27082025235704_20250827NoticeandAnnualReportAGM.pdf
JYOTI CNC AUTOMATION LIMITED,https://nsearchives.nseindia.com/corporate/JYOTICNC_NSE_27082025204545_bsenseintimationBRSR.pdf
BANSAL WIRE INDUSTRIES LIMITED,https://nsearchives.nseindia.com/corporate/BANSALWIRE_27082025202855_BWIL_BRSR.pdf
RAMKRISHNA FORGINGS LIMITED,https://nsearchives.nseindia.com/corporate/RKFORGE_27082025184409_BRSRFY2025.pdf
ZAGGLE PREPAID OCEAN SERVICES LIMITED,https://nsearchives.nseindia.com/corporate/ZAGGLE_27082025165808_BRSR.pdf
SANGAM (INDIA) LIMITED,https://nsearchives.nseindia.com/corporate/SANGAMIND_27082025164045_Cover_BRSR.pdf
NAHAR CAPITAL AND FINANCIAL SERVICES LIMITED,https://nsearchives.nseindia.com/corporate/NAHARCAP_27082025142856_NCFSBRSR202425.pdf
TEGA INDUSTRIES LIMITED,https://nsearchives.nseindia.com/corporate/TEGA_27082025132743_BRSR_FY_2024_25.pdf
GUJARAT INDUSTRIES POWER COMPANY LIMITED,https://nsearchives.nseindia.com/corporate/Gipcl7868_27082025104212_SE_BRSR_Intimation_ARFY202425.pdf
ORCHID PHARMA LIMITED,https://nsearchives.nseindia.com/corporate/ORCHPHARMA_27082025000240_Stx_Ltr_BRSR.pdf
FORCE MOTORS LTD,https://nsearchives.nseindia.com/corporate/FORCEMOTORS_26082025232640_Business_Responsibility_and_Sustainability_Report.pdf
COHANCE LIFESCIENCES LIMITED,https://nsearchives.nseindia.com/corporate/SUVENPHARMROHIT_26082025231034_Cohance_BRSR_2025.pdf
SUBROS LIMITED,https://nsearchives.nseindia.com/corporate/SUBROS_26082025220707_BRSRreportSE.pdf
RESPONSIVE INDUSTRIES LIMITED,https://nsearchives.nseindia.com/corporate/RESPONIND_26082025203949_BRSR.pdf
GODAWARI POWER AND ISPAT LIMITED,https://nsearchives.nseindia.com/corporate/GPIL_26082025202316_GPILNSEBSESUBMISSIONOFBRSR26082025.pdf
MTAR TECHNOLOGIES LIMITED,https://nsearchives.nseindia.com/corporate/MTARTECH_26082025200028_IntimationBRSR.pdf
UJAAS ENERGY LIMITED,https://nsearchives.nseindia.com/corporate/UEL_26082025200013_ExchangeintimationBRSR202425.pdf
KITEX GARMENTS LIMITED,https://nsearchives.nseindia.com/corporate/KITEX_26082025193701_KGL_BRSR_2025s.pdf
CHOICE INTERNATIONAL LIMITED,https://nsearchives.nseindia.com/corporate/CHOICE_26082025180122_upload.pdf
HIKAL LIMITED,https://nsearchives.nseindia.com/corporate/HIKAL_26082025175517_SubmissionofBRSRtoStockExchanges.pdf
KEYSTONE REALTORS LIMITED,https://nsearchives.nseindia.com/corporate/RUSTOMJEE_26082025174444_Cover_Letter_BRSR.pdf
OIL INDIA LIMITED,https://nsearchives.nseindia.com/corporate/OIL_26082025173409_BRSRFY20242526082025.pdf
BHANSALI ENGINEERING POLYMERS LIMITED,https://nsearchives.nseindia.com/corporate/BEPL_26082025173351_finalsigned.pdf
TEAMLEASE SERVICES LIMITED,https://nsearchives.nseindia.com/corporate/TEAMLEASE_26082025172620_TeamLeaseBRSRFY2425.pdf
TAMILNADU PETROPRODUCTS LIMITED,https://nsearchives.nseindia.com/corporate/TPLSECTL_26082025171854_sdSEintimation_BRSR.pdf
GARDEN REACH SHIPBUILDERS & ENGINEERS LIMITED,https://nsearchives.nseindia.com/corporate/GRSE_26082025171904_Business_Responsibility_and_Sustainability_Report_FY_2024-25.pdf
TATVA CHINTAN PHARMA CHEM LIMITED,https://nsearchives.nseindia.com/corporate/TATVA_26082025171226_BRSRFY25.pdf
SANDUR MANGANESE & IRON ORES LIMITED,https://nsearchives.nseindia.com/corporate/SANDUR_26082025165403_Ltr2SEsBRSR.pdf
DATAMATICS GLOBAL SERVICES LIMITED,https://nsearchives.nseindia.com/corporate/DGSL_26082025164704_Intimation_BRSR.pdf
NANDAN DENIM LIMITED,https://nsearchives.nseindia.com/corporate/NDL_26082025164133_brsr.pdf
GULSHAN POLYOLS LIMITED,https://nsearchives.nseindia.com/corporate/GULPOLY_26082025162431_Intimation26082025.pdf
JAI CORP LIMITED,https://nsearchives.nseindia.com/corporate/JAICORPLTD_26082025161251_JCL_BRSR_2025.pdf
SHILPA MEDICARE LIMITED,https://nsearchives.nseindia.com/corporate/SHILPAMED_26082025154228_SE_BRSR_FY2024_25.pdf
EVEREST INDUSTRIES LIMITED,https://nsearchives.nseindia.com/corporate/EVERESTINDUSTRIES_26082025150126_IntimationofBRSR.pdf
VADILAL INDUSTRIES LIMITED,https://nsearchives.nseindia.com/corporate/VADILALIND_26082025142012_BRSR_Report_VIL_FINAL.pdf
CENTURY PLYBOARDS (INDIA) LIMITED,https://nsearchives.nseindia.com/corporate/CENTURYPLY_26082025135823_CPIL_Reg34_BRSR.pdf
DPSC LIMITED,https://nsearchives.nseindia.com/corporate/DPSCLTD_26082025130415_SubmissionofBRSRunderReg34_2__f_ofSEBI_LODR_FY2024-25.pdf
INDIA TOURISM DEVELOPMENT CORPORATION LIMITED,https://nsearchives.nseindia.com/corporate/ITDC1_26082025111021_ITDC_BRSR_2024_25_2608.pdf
KRN HEAT EXCHANGER AND REFRIGERATION LIMITED,https://nsearchives.nseindia.com/corporate/KRNHEAT_25082025231600_krnbrsrsigned.pdf
PROTEAN EGOV TECHNOLOGIES LIMITED,https://nsearchives.nseindia.com/corporate/PROTEANCS_25082025223236_Intimation_for_BRSR_Report_FY24-25.pdf
MANALI PETROCHEMICALS LIMITED,https://nsearchives.nseindia.com/corporate/MPLSECTL_25082025220914_SE_BRSR_2025_Final_Signed.pdf
TAMIL NADU NEWSPRINT & PAPERS LIMITED,https://nsearchives.nseindia.com/corporate/TNPL_25082025215527_45thAGMBRSR25082025CSDSC.pdf
METRO BRANDS LIMITED,https://nsearchives.nseindia.com/corporate/METROBRAND_25082025213036_BRSR_signed.pdf
ENTERO HEALTHCARE SOLUTIONS LIMITED,https://nsearchives.nseindia.com/corporate/ENTERO_25082025211244_Merged_document.pdf
APTECH LIMITED,https://nsearchives.nseindia.com/corporate/APTECHT_25082025195708_CLBRSR.pdf
TVS SRICHAKRA LIMITED,https://nsearchives.nseindia.com/corporate/TVSSRICHAK_25082025195523_TVSSRICHAKRALIMITEDAGMBRSRFY2024-25.pdf
SOMANY CERAMICS LIMITED,https://nsearchives.nseindia.com/corporate/SOMANYCERAMICS_25082025195246_Stock_Exchange_Intimation_BRSRsd.pdf
RUSHIL DECOR LIMITED,https://nsearchives.nseindia.com/corporate/RUSHIL_25082025193010_FinalBRSR.pdf
GLOBAL HEALTH LIMITED,https://nsearchives.nseindia.com/corporate/MEDANTA21_25082025190325_GHLBRSRINTIMATION25AUG2025FINALSIGNED.pdf
HINDUSTAN FOODS LIMITED,https://nsearchives.nseindia.com/corporate/9136565850_25082025190233_BRSR_SIGNED_25082025.pdf
JAI BALAJI INDUSTRIES LIMITED,https://nsearchives.nseindia.com/corporate/JAIBALAJI_25082025182859_BRSR2025signed.pdf
BLACK BOX LIMITED,https://nsearchives.nseindia.com/corporate/BBOX_25082025182209_SE_BRSR_FY25.pdf
SHARDA MOTOR INDUSTRIES LIMITED,https://nsearchives.nseindia.com/corporate/SHARDACHIRAG_25082025181843_BRSR25082025.pdf
G R INFRAPROJECTS LIMITED,https://nsearchives.nseindia.com/corporate/GRINFRA_25082025175103_Intimation_of_BRSR.pdf
PONDY OXIDES & CHEMICALS LIMITED,https://nsearchives.nseindia.com/corporate/POCL_25082025175303_BRSR202425SD.pdf
RENAISSANCE GLOBAL LIMITED,https://nsearchives.nseindia.com/corporate/RJL1_25082025175002_RGLBRSR25082025SIGNED.pdf
STEEL AUTHORITY OF INDIA LIMITED,https://nsearchives.nseindia.com/corporate/SAIL_25082025170923_BRSR_SAIL.pdf
BANCO PRODUCTS (I) LIMITED,https://nsearchives.nseindia.com/corporate/BANCOINDIA_25082025170537_BSENSE_BRSR_s.pdf
URJA GLOBAL LIMITED,https://nsearchives.nseindia.com/corporate/URJA_25082025170239_AR2025.pdf
MAX FINANCIAL SERVICES LIMITED,https://nsearchives.nseindia.com/corporate/Max_25082025155324_SEDBRSR2025.pdf
BRAINBEES SOLUTIONS LIMITED,https://nsearchives.nseindia.com/corporate/BRAINBEES_25082025153449_BRSR_Disclosuresigned.pdf
CYIENT DLM LIMITED,https://nsearchives.nseindia.com/corporate/9880504433_25082025153424_SE_CyientDLM_BRSR_1106_signed.pdf
IRCON INTERNATIONAL LIMITED,https://nsearchives.nseindia.com/corporate/IRCON_25082025125005_STEXINTIMATIONOFBRSR25082025.pdf
GOKALDAS EXPORTS LIMITED,https://nsearchives.nseindia.com/corporate/GOKEX_24082025203735_brsr.pdf
TITAGARH RAIL SYSTEMS LIMITED,https://nsearchives.nseindia.com/corporate/TWL_24082025184108_BRSR202425.pdf
ETHOS LIMITED,https://nsearchives.nseindia.com/corporate/ETHOS_23082025223910_BRSR.pdf
IIFL CAPITAL SERVICES LIMITED,https://nsearchives.nseindia.com/corporate/IIFLSEC_23082025184504_BRSRSEIntimation.pdf
UTTAM SUGAR MILLS LIMITED,https://nsearchives.nseindia.com/corporate/UTTAMSUGAR_23082025182442_BRSR_Signed_23082025.pdf
JINDAL WORLDWIDE LIMITED,https://nsearchives.nseindia.com/corporate/JINDWORLD_23082025181714_SE_BRSR_2024-2025_Signed.pdf
HOUSING & URBAN DEVELOPMENT CORPORATION LIMITED,https://nsearchives.nseindia.com/corporate/HUDCO_23082025174047_SEDISCLOSURE_BRSR.pdf
DILIP BUILDCON LIMITED,https://nsearchives.nseindia.com/corporate/DBL_23082025164952_BRSR.pdf
FINEOTEX CHEMICAL LIMITED,https://nsearchives.nseindia.com/corporate/FCL_23082025164823_BRSR_2024-25.pdf
IRB INFRASTRUCTURE DEVELOPERS LIMITED,https://nsearchives.nseindia.com/corporate/IRB_23082025164224_BRSR_Intimation_signed.pdf
JAGRAN PRAKASHAN LIMITED,https://nsearchives.nseindia.com/corporate/JAGRAN_23082025161321_JPLBRSR2025.pdf
AAVAS FINANCIERS LIMITED,https://nsearchives.nseindia.com/corporate/AAVAS_23082025142943_BRSR.pdf
KDDL LIMITED,https://nsearchives.nseindia.com/corporate/KDDL_23082025090458_KDDL_AR2024-25_BRSR_SGAAds_V1__Interactve_.pdf
DIVGI TORQTRANSFER SYSTEMS LIMITED,https://nsearchives.nseindia.com/corporate/DIVGITTS_22082025223258_DTTS_BRSR_FinalSubmission_FY2024-25_signed.pdf
SPANDANA SPHOORTY FINANCIAL LIMITED,https://nsearchives.nseindia.com/corporate/SPANDANA_22082025230041_BRSRFY2025.pdf
BLS INTERNATIONAL SERVICES LIMITED,https://nsearchives.nseindia.com/corporate/BLS_22082025224457_Intimation_BRSR_Report.pdf
SUPRAJIT ENGINEERING LIMITED,https://nsearchives.nseindia.com/corporate/SUPRAJIT_22082025222740_IntimationofBRSR2025.pdf
EPACK DURABLE LIMITED,https://nsearchives.nseindia.com/corporate/EPACKNSE_22082025205559_INTIMATION_BRSR22082025.pdf
PNB GILTS LTD.,https://nsearchives.nseindia.com/corporate/PNBGILTSSB_22082025204250_Notice_of_AGM_to_STX.pdf
EUREKA FORBES LIMITED,https://nsearchives.nseindia.com/corporate/PRAGYAKAUL_22082025204126_SEAgmsigned.pdf
POLYPLEX CORPORATION LIMITED,https://nsearchives.nseindia.com/corporate/POLYPLEX_22082025190842_2_PCL_BRSR_2025.pdf
SHIVALIK BIMETAL CONTROLS LIMITED,https://nsearchives.nseindia.com/corporate/SBCL_22082025184908_NSEBSE_BRSR220825.pdf
BIRLA CORPORATION LIMITED,https://nsearchives.nseindia.com/corporate/BIRLACORP1_22082025175340_BRSR_SE_Intimation_22082025.pdf
JASH ENGINEERING LIMITED,https://nsearchives.nseindia.com/corporate/JASH_22082025173155_JASHBRSR202425_merged__1_.pdf
APOLLO MICRO SYSTEMS LIMITED,https://nsearchives.nseindia.com/corporate/APOLLO_22082025172937_BRSR_Report-FY_2024-25.pdf
RICO AUTO INDUSTRIES LIMITED,https://nsearchives.nseindia.com/corporate/RICOAUTO_22082025171301_BRSR.pdf
APL APOLLO TUBES LIMITED,https://nsearchives.nseindia.com/corporate/APLAPOLLO_22082025165426_BRSRFinal.pdf
HINDUSTAN OIL EXPLORATION COMPANY LIMITED,https://nsearchives.nseindia.com/corporate/HINDOILEXPCS_22082025155821_NSE_Intimation.pdf
BHARAT RASAYAN LIMITED,https://nsearchives.nseindia.com/corporate/BHARATRAS_22082025144806_BUSINESS_RESPONSIBILITY_SUSTAINABILITY_REPORTING.pdf
BIKAJI FOODS INTERNATIONAL LIMITED,https://nsearchives.nseindia.com/corporate/BIKAJIFOODS_22082025130708_62.pdf
HFCL LIMITED,https://nsearchives.nseindia.com/corporate/AHMED_22082025105232_HFCL_STX_BRSR.pdf
NRB BEARING LIMITED,https://nsearchives.nseindia.com/corporate/NRBBEARING1_22082025091138_BRSR2025.pdf
MEDPLUS HEALTH SERVICES LIMITED,https://nsearchives.nseindia.com/corporate/MEDPLUS_22082025002757_MedplusBRSR.pdf
SHIPPING CORPORATION OF INDIA LIMITED,https://nsearchives.nseindia.com/corporate/SCI1_22082025002450_BRSRsd.pdf
GUJARAT THEMIS BIOSYN LIMITED,https://nsearchives.nseindia.com/corporate/GUJARATTHEMIS_21082025215117_Annual_Report_GTBL_2024-25.pdf
PREMIER ENERGIES LIMITED,https://nsearchives.nseindia.com/corporate/PEL2024_21082025225003_BRSR_SE_sd.pdf
THEMIS MEDICARE LIMITED,https://nsearchives.nseindia.com/corporate/THEMISMED_21082025200940_TML_Annual_General_Meeting_12thSept2025.pdf
SHIPPING CORPORATION OF INDIA LAND AND ASSETS LIMITED,https://nsearchives.nseindia.com/corporate/SCILAL_21082025190237_SEIntimationsigned.pdf
ISGEC HEAVY ENGINEERING LIMITED,https://nsearchives.nseindia.com/corporate/ISGEC_21082025184941_Signed_Intimation_BRSR_21082025.pdf
AETHER INDUSTRIES LIMITED,https://nsearchives.nseindia.com/corporate/AETHER_21082025184116_34.pdf
MUSIC BROADCAST LIMITED,https://nsearchives.nseindia.com/corporate/RADIOCITY_21082025173127_IntimationofBRSR.pdf
GOKUL AGRO RESOURCES LIMITED,https://nsearchives.nseindia.com/corporate/GOKULAGRO_21082025153142_BRSR_Intimation_to_Stock_Exchange.pdf
AIA ENGINEERING LIMITED,https://nsearchives.nseindia.com/corporate/AIAENG_21082025152230_SubmissionofBRSR.pdf
HONDA INDIA POWER PRODUCTS LIMITED,https://nsearchives.nseindia.com/corporate/HONDAPOWER_21082025105034_BRSRREPORT_.pdf
FINOLEX INDUSTRIES LIMITED,https://nsearchives.nseindia.com/corporate/FINPIPE2_20082025230116_SE_Intimation_BRSR_signed.pdf
SURYODAY SMALL FINANCE BANK LIMITED,https://nsearchives.nseindia.com/corporate/SURYODAY_20082025222527_SSFB_Intimation_relating_BRSR_sd.pdf
ENTERTAINMENT NETWORK (INDIA) LIMITED,https://nsearchives.nseindia.com/corporate/ENIL_20082025221711_BRSR.pdf
SASKEN TECHNOLOGIES LIMITED,https://nsearchives.nseindia.com/corporate/SASKEN_20082025215637_Sasken_Annual_Report_2025__1_.pdf
BLS E-SERVICES LIMITED,https://nsearchives.nseindia.com/corporate/PROJECTSEWA_20082025202245_BRSR_20082025_signed__BLSE.pdf
HARSHA ENGINEERS INTERNATIONAL LIMITED,https://nsearchives.nseindia.com/corporate/Harsha_20082025182129_HEIL_BRSR_Upload.pdf
JYOTI STRUCTURES LIMITED,https://nsearchives.nseindia.com/corporate/JYOTISTRUC_20082025172132_FINALBRSRUPLOAD.pdf
ZEE ENTERTAINMENT ENTERPRISES LIMITED,https://nsearchives.nseindia.com/corporate/ZEEL_20082025170848_SEintimationBRSR2520Aug25.pdf
UNIPHOS ENTERPRISES LIMITED,https://nsearchives.nseindia.com/corporate/UNIENTER_20082025164133_BUSINESS_RESPONSIBILITY_AND_SUSTAINABILITY_REPORT_2024_25.pdf
PARADEEP PHOSPHATES LIMITED,https://nsearchives.nseindia.com/corporate/PPLTD_20082025164013_PPLBRSR20082025.pdf
INGERSOLL RAND (INDIA) LIMITED,https://nsearchives.nseindia.com/corporate/INGERRAND1_20082025162911_BRSR31325.pdf
NMDC STEEL LIMITED,https://nsearchives.nseindia.com/corporate/NMDCSTEEL_20082025162733_NSLBRSR2025.pdf
NMDC LIMITED,https://nsearchives.nseindia.com/corporate/NMDC_20082025145158_20250806SEA2025036-BRSR.pdf
ASTRA MICROWAVE PRODUCTS LIMITED,https://nsearchives.nseindia.com/corporate/ASTRAMICRO_20082025144219_BRSRLettersigned.pdf
ONE MOBIKWIK SYSTEMS LIMITED,https://nsearchives.nseindia.com/corporate/MOBIKWIK_20082025123029_Intimation_about_BSRS.pdf
ASAHI INDIA GLASS LIMITED,https://nsearchives.nseindia.com/corporate/ASAHIINDIA_20082025002645_MR.pdf
V.S.T TILLERS TRACTORS LIMITED,https://nsearchives.nseindia.com/corporate/VSTTILLERS_19082025222512_BRSR.pdf
UNIVERSAL CABLES LIMITED,https://nsearchives.nseindia.com/corporate/UNIVCABLES_19082025202704_Letter_Submission_of_BRSR.pdf
VINDHYA TELELINKS LIMITED,https://nsearchives.nseindia.com/corporate/VINDHYATEL_19082025201456_BRSRReport2025.pdf
TIME TECHNOPLAST LIMITED,https://nsearchives.nseindia.com/corporate/TIMETECHNO_19082025193533_BRSR19082025.pdf
ROUTE MOBILE LIMITED,https://nsearchives.nseindia.com/corporate/ROUTE_19082025190642_upload.pdf
KAYNES TECHNOLOGY INDIA LIMITED,https://nsearchives.nseindia.com/corporate/KAYNESTECH_19082025185818_SEIntimationofBRSRSigned2025.pdf
SURYA ROSHNI LIMITED,https://nsearchives.nseindia.com/corporate/SURYAROSNI_19082025182128_BRSR_202425.pdf
SWIGGY LIMITED,https://nsearchives.nseindia.com/corporate/SWIGGY_19082025170153_SE_Intimation_BRSR.pdf
JYOTHY LABS LIMITED,https://nsearchives.nseindia.com/corporate/JYOTHYLAB_19082025165223_SE_Intimation_BRSR.pdf
ECLERX SERVICES LIMITED,https://nsearchives.nseindia.com/corporate/ECLERX_19082025162542_ECL19082025BRSR.pdf
PRESTIGE ESTATES PROJECTS LIMITED,https://nsearchives.nseindia.com/corporate/PRESTIGE_19082025162354_Intimation_BRSR.pdf
VIP INDUSTRIES LIMITED,https://nsearchives.nseindia.com/corporate/VIPINDUSTRIES_19082025161013_SEuploadBRSR.pdf
NUCLEUS SOFTWARE EXPORTS LIMITED,https://nsearchives.nseindia.com/corporate/Nucleus_19082025092435_Nucleus_AR-2024-25_BRSR.pdf
FIVE-STAR BUSINESS FINANCE LIMITED,https://nsearchives.nseindia.com/corporate/FIVESTAR_18082025235715_Intimation_signed.pdf
EPL LIMITED,https://nsearchives.nseindia.com/corporate/EPL_18082025233959_SEIntimationReg34_2_Sd.pdf
3I INFOTECH LIMITED,https://nsearchives.nseindia.com/corporate/3IINFOTECHLTD_18082025225731_BRSR_SIGNED.pdf
RADIANT CASH MANAGEMENT SERVICES LIMITED,https://nsearchives.nseindia.com/corporate/RADIANTCASH_18082025222721_RADIANTCMS_BRSRSD.pdf
MAYUR UNIQUOTERS LTD,https://nsearchives.nseindia.com/corporate/MAYURUNIQ_18082025202642_Letter_for_BRSR_Sd.pdf
YASHO INDUSTRIES LIMITED,https://nsearchives.nseindia.com/corporate/8291904474_18082025203008_Intimation_of_BRSR.pdf
DEEPAK FERTILIZERS AND PETROCHEMICALS CORPORATION LIMITED,https://nsearchives.nseindia.com/corporate/DEEPAKFERT_18082025200936_Submission_o_f_BRSR.pdf
DMCC SPECIALITY CHEMICALS LIMITED,https://nsearchives.nseindia.com/corporate/AYUSHI_18082025194125_DMCCBRSR18082025sd.pdf
PATEL ENGINEERING LIMITED,https://nsearchives.nseindia.com/corporate/PATELENG_18082025192738_SEIntimationBRSR.pdf
INDIAN ENERGY EXCHANGE LIMITED,https://nsearchives.nseindia.com/corporate/IEX_18082025174423_Signed_IEX_Intimation_BRSR_FY24_2518_08_2025.pdf
STANDARD GLASS LINING TECHNOLOGY LIMITED,https://nsearchives.nseindia.com/corporate/SGLTPL_18082025143238_BRSR_Intimation.pdf
WESTLIFE FOODWORLD LIMITED,https://nsearchives.nseindia.com/corporate/RadhaWestlife_18082025125225_SE_Submission_WFL_BRSR_2024_25.pdf
CESC LIMITED,https://nsearchives.nseindia.com/corporate/CESC_18082025104331_BRSRPDF.pdf
GABRIEL INDIA LIMITED,https://nsearchives.nseindia.com/corporate/GABRIEL_16082025192629_BRSR_SE_intimation_final_signed.pdf
KOPRAN LIMITED,https://nsearchives.nseindia.com/corporate/KOPRAN_16082025104339_KL_BRSR_2025.pdf
RALLIS INDIA LIMITED,https://nsearchives.nseindia.com/corporate/RALLIS1_14082025235716_BRSR2025.pdf
TRIVENI ENGINEERING & INDUSTRIES LIMITED,https://nsearchives.nseindia.com/corporate/TRIVENI_14082025205954_TEIL_BRSR.pdf
360 ONE WAM LIMITED,https://nsearchives.nseindia.com/corporate/IIFLWAM_14082025205908_20250814BRSR2425signed.pdf
RASHI PERIPHERALS LIMITED,https://nsearchives.nseindia.com/corporate/RASHI2024_14082025205344_SEintimationBRSRFINAL.pdf
SAREGAMA INDIA LIMITED,https://nsearchives.nseindia.com/corporate/SAREGAMA_14082025205157_BRSR_FINAL.pdf
INDOCO REMEDIES LIMITED,https://nsearchives.nseindia.com/corporate/INDOCO_14082025195351_IntimationBRSRSE.pdf
GE VERNOVA T&D INDIA LIMITED,https://nsearchives.nseindia.com/corporate/GETDIL1_14082025192029_GEVTDILIntimationofBRSR2025.pdf
RPSG VENTURES LIMITED,https://nsearchives.nseindia.com/corporate/RPSGVENT_14082025184335_RVL_BRSR.pdf
FAZE THREE LIMITED,https://nsearchives.nseindia.com/corporate/FAZETHREE_14082025184332_FTL_BRSR_2024-25_signed.pdf
WELSPUN LIVING LIMITED,https://nsearchives.nseindia.com/corporate/WELSPUNIND_14082025182417_Reg30_BRSR_signed.pdf
ION EXCHANGE (INDIA) LIMITED,https://nsearchives.nseindia.com/corporate/IONEXCHANGE_14082025172332_BRSR_2024-25_merged.pdf
PVR INOX LIMITED,https://nsearchives.nseindia.com/corporate/PVR_14082025175158_PVRINOXBRSRFY2514082025.pdf
DEEP INDUSTRIES LIMITED,https://nsearchives.nseindia.com/corporate/DEEPINDS_14082025174727_Intimation.pdf
BAJAJ HINDUSTHAN SUGAR LIMITED,https://nsearchives.nseindia.com/corporate/BAJAJNEAPS1_14082025172706_BHSL_BRSR_202425.pdf
V2 RETAIL LIMITED,https://nsearchives.nseindia.com/corporate/V2RETAIL_14082025170226_BRSRIntimation.pdf
AUROBINDO PHARMA LIMITED,https://nsearchives.nseindia.com/corporate/AUROPHARMA_14082025154837_LtrToSEsBRSR1482025.pdf
JAYASWAL NECO INDUSTRIES LIMITED,https://nsearchives.nseindia.com/corporate/JAYNECOIND3_14082025150551_BRSR202514082025.pdf
BHARAT BIJLEE LIMITED,https://nsearchives.nseindia.com/corporate/BBL_14082025150504_BBLBRSRReport20242025NSEBSE.pdf
WHIRLPOOL OF INDIA LIMITED,https://nsearchives.nseindia.com/corporate/WHIRLPOOL_14082025140444_2025_08_14_BRSR_signed.pdf
EQUITAS SMALL FINANCE BANK LIMITED,https://nsearchives.nseindia.com/corporate/EQUITASBNK_14082025131430_BRSRIntimation.pdf
KALYAN JEWELLERS INDIA LIMITED,https://nsearchives.nseindia.com/corporate/KALYANKJIL_14082025120520_BRSR.pdf
PRINCE PIPES AND FITTINGS LIMITED,https://nsearchives.nseindia.com/corporate/PRINCEPIPE_14082025112842_BRSRSE.pdf
BARBEQUE NATION HOSPITALITY LIMITED,https://nsearchives.nseindia.com/corporate/BARBEQUE_13082025232807_BRSRFY25.pdf
ZINKA LOGISTICS SOLUTIONS LIMITED,https://nsearchives.nseindia.com/corporate/ZINKA2015_13082025185632_Intimation_BRSR25.pdf
GRAVITA INDIA LIMITED,https://nsearchives.nseindia.com/corporate/GRAVITA_13082025182655_BRSR2025Final.pdf
PROCTER & GAMBLE HYGIENE AND HEALTH CARE LIMITED,https://nsearchives.nseindia.com/corporate/PGHH_13082025181943_BRSR2025PGHH.pdf
CHEMCON SPECIALITY CHEMICALS LIMITED,https://nsearchives.nseindia.com/corporate/CHEMCON_13082025181353_BRSR2024-25uploaded13082025.pdf
VIJAYA DIAGNOSTIC CENTRE LIMITED,https://nsearchives.nseindia.com/corporate/VIJAYA_13082025181348_Stx_Intimation_Signed.pdf
TRIVENI TURBINE LIMITED,https://nsearchives.nseindia.com/corporate/TRITURBINE_13082025175741_BRSR2025.pdf
GUJARAT NARMADA VALLEY FERTILIZERS AND CHEMICALS LIMITED,https://nsearchives.nseindia.com/corporate/rajeshpillai8741_13082025164339_F_SE_BRSR_24-25_Singed.pdf
GANESH HOUSING CORPORATION LIMITED,https://nsearchives.nseindia.com/corporate/GANESHHOUC_13082025154613_SEDISCLOSUREBRSRSIGNED.pdf
KARUR VYSYA BANK LIMITED,https://nsearchives.nseindia.com/corporate/KARURVYSYA_13082025154521_BRSR_NSE_BSE.pdf
DELTA CORP LIMITED,https://nsearchives.nseindia.com/corporate/DELTACORP_13082025151648_DCLBRSR.pdf
CONCORD BIOTECH LIMITED,https://nsearchives.nseindia.com/corporate/CONCORD_13082025150605_BRSRpdf.pdf
PANAMA PETROCHEM LIMITED,https://nsearchives.nseindia.com/corporate/PANAMAPET_13082025093535_brsrs.pdf
THOMAS COOK  (INDIA)  LIMITED,https://nsearchives.nseindia.com/corporate/THOMASCOOK_12082025223631_SEBRSRfinal.pdf
VEDANT FASHIONS LIMITED,https://nsearchives.nseindia.com/corporate/MANYAVAR_12082025223450_BRSR.pdf
SHIVALIK RASAYAN LIMITED,https://nsearchives.nseindia.com/corporate/SHIVALIK_12082025182435_BRSR.pdf
MEDICAMEN BIOTECH LIMITED,https://nsearchives.nseindia.com/corporate/MEDICAMEQ_12082025181710_Binder1.pdf
SCHNEIDER ELECTRIC INFRASTRUCTURE LIMITED,https://nsearchives.nseindia.com/corporate/SCHNEIDER_12082025181205_IntimationBRSR.pdf
CLEAN SCIENCE AND TECHNOLOGY LIMITED,https://nsearchives.nseindia.com/corporate/CLEAN_12082025180749_CSTL_BRSR_FY_2024_25.pdf
LINDE INDIA LIMITED,https://nsearchives.nseindia.com/corporate/LINDEINDIA1_12082025174254_Linde_India_BRSR_FY_2024-25.pdf
MOREPEN LABORATORIES LIMITED,https://nsearchives.nseindia.com/corporate/MOREPENLAB_12082025171516_SEIntimation120825BRSRF.pdf
ALIVUS LIFE SCIENCES LIMITED,https://nsearchives.nseindia.com/corporate/GLS_12082025162744_BSE_NSE_BRSR_2025_Signed.pdf
RSWM LIMITED,https://nsearchives.nseindia.com/corporate/RSWM_12082025160429_Business_Responsibility_and_Sustainability_Report_2024-25.pdf
GO FASHION (INDIA) LIMITED,https://nsearchives.nseindia.com/corporate/GOCOLORS_12082025142034_BRSRfinalupload.pdf
RATNAMANI METALS & TUBES LIMITED,https://nsearchives.nseindia.com/corporate/RATNAMANI_12082025133100_RMTLBRSRFY20242512082025.pdf
AJMERA REALTY & INFRA INDIA LIMITED,https://nsearchives.nseindia.com/corporate/AJMERA_12082025122936_Intimation_R.pdf
ASTER DM HEALTHCARE LIMITED,https://nsearchives.nseindia.com/corporate/ASTERDM2_12082025114506_Intimation_BRSR.pdf
JUST DIAL LIMITED,https://nsearchives.nseindia.com/corporate/Dimple_11082025230531_Just_Dial_BRSR.pdf
JBM AUTO LIMITED,https://nsearchives.nseindia.com/corporate/JBMA_11082025221638_intimationBRSR.pdf
POKARNA LIMITED,https://nsearchives.nseindia.com/corporate/POKARNA_11082025195900_BRSR_11082025.pdf
EMAMI PAPER MILLS LIMITED,https://nsearchives.nseindia.com/corporate/GAICH_11082025182247_epml_brsr_24_25_signed.pdf
AVT NATURAL PRODUCTS LIMITED,https://nsearchives.nseindia.com/corporate/AVTNPL_11082025181642_BRSR202425.pdf
NITIN SPINNERS LIMITED,https://nsearchives.nseindia.com/corporate/NITINSPIN_11082025180224_BRSR.pdf
GARWARE TECHNICAL FIBRES LIMITED,https://nsearchives.nseindia.com/corporate/GARFIBRES_11082025142353_BRSRSEUpload11082025signed.pdf
GILLETTE INDIA LIMITED,https://nsearchives.nseindia.com/corporate/GILLETTE_11082025113426_GILBRSR2025.pdf
SPECIALITY RESTAURANTS LIMITED,https://nsearchives.nseindia.com/corporate/SPECIALITY_09082025171308_BSENSELETTERDATED09082025.pdf
KRISHANA PHOSCHEM LIMITED,https://nsearchives.nseindia.com/corporate/KRISHANA_09082025132956_01BRSR_YEAR_202425MERGETOUP.pdf
JINDAL STEEL & POWER LIMITED,https://nsearchives.nseindia.com/corporate/JINDALSTEL_08082025223801_3b261af5-9c65-4d86-9ea8-96bd540b0525.pdf
JINDAL STAINLESS LIMITED,https://nsearchives.nseindia.com/corporate/JSL_08082025221459_JSLBRSR08082025F.pdf
MUTHOOT FINANCE LIMITED,https://nsearchives.nseindia.com/corporate/MUTHOOTFIN_08082025205313_BRSR__Annual_Report_merged_SD.pdf
JAY BHARAT MARUTI LIMITED,https://nsearchives.nseindia.com/corporate/JAYBARMARUT_08082025204109_submission_signed.pdf
DELHIVERY LIMITED,https://nsearchives.nseindia.com/corporate/DELHIVERYLTD_08082025203001_BRSR_FY25_Final.pdf
NHPC LIMITED,https://nsearchives.nseindia.com/corporate/NHPC_08082025202148_Intimation_BRSR_202425.pdf
PCBL CHEMICAL LIMITED,https://nsearchives.nseindia.com/corporate/PCBL_08082025201002_IR202425.pdf
MAS FINANCIAL SERVICES LIMITED,https://nsearchives.nseindia.com/corporate/MASFIN_08082025185239_Untitled.pdf
GUJARAT PIPAVAV PORT LIMITED,https://nsearchives.nseindia.com/corporate/GPPL_08082025185016_BRSR.pdf
INDIGO PAINTS LIMITED,https://nsearchives.nseindia.com/corporate/INDIGOPNTS_08082025183716_SE_Intimation_BRSR_FY_24-25_SD.pdf
S. P. APPARELS LIMITED,https://nsearchives.nseindia.com/corporate/SPAL_08082025183335_BRSRCV.pdf
INDUSIND BANK LIMITED,https://nsearchives.nseindia.com/corporate/INDUSINDBK3_08082025132913_SEIntimationforBRSRmergedsigned.pdf
NARAYANA HRUDAYALAYA LTD.,https://nsearchives.nseindia.com/corporate/Narayana_08082025130806_NHSEletterBRSRFY25__1_.pdf
INDUS TOWERS LIMITED,https://nsearchives.nseindia.com/corporate/BHARTIINFRATEL_08082025030028_SEIntimationFINAL.pdf
STYRENIX PERFORMANCE MATERIALS LIMITED,https://nsearchives.nseindia.com/corporate/INEOSSTYRO_07082025235320_BRSR.pdf
AGI GREENPAC LIMITED,https://nsearchives.nseindia.com/corporate/HSIL_07082025215114_AGI_BRSR_2025.pdf
WELSPUN ENTERPRISES LIMITED,https://nsearchives.nseindia.com/corporate/WELENT_07082025213545_Intimation.pdf
OIL & NATURAL GAS CORPORATION LIMITED,https://nsearchives.nseindia.com/corporate/ONGC_07082025211320_coverbrsrsigned.pdf
THE FEDERAL BANK  LIMITED,https://nsearchives.nseindia.com/corporate/FEDERALBNK_07082025200630_FBL_BRSR_070825_Final_S.pdf
SBI LIFE INSURANCE COMPANY LIMITED,https://nsearchives.nseindia.com/corporate/SBILIFE_07082025192458_SE07082025BRSR_signed.pdf
INDIAN RAILWAY CATERING AND TOURISM CORPORATION LIMITED,https://nsearchives.nseindia.com/corporate/IRCTC_07082025191209_SEintimationforBRSR.pdf
KRISHNA INSTITUTE OF MEDICAL SCIENCES LIMITED,https://nsearchives.nseindia.com/corporate/KIMS_07082025191533_BRSR.pdf
APOLLO HOSPITALS ENTERPRISE LIMITED,https://nsearchives.nseindia.com/corporate/APOLLOHOSP_07082025190409_brsr_2025.pdf
CANTABIL RETAIL INDIA LIMITED,https://nsearchives.nseindia.com/corporate/CANTABIL_07082025190505_BRSR2025.pdf
RUPA & COMPANY LIMITED,https://nsearchives.nseindia.com/corporate/RUPA_07082025184531_Rupa_BRSR_2024-25.pdf
MPS LIMITED,https://nsearchives.nseindia.com/corporate/MPSLIMITED_07082025183550_BRSR2025.pdf
NTPC LIMITED,https://nsearchives.nseindia.com/corporate/NTPC2_07082025183536_BRSR_Stock_Exchange_07082025_signed.pdf
PAGE INDUSTRIES LIMITED,https://nsearchives.nseindia.com/corporate/PAGEIND_07082025175107_BRSR202425.pdf
MADHYA BHARAT AGRO PRODUCTS LIMITED,https://nsearchives.nseindia.com/corporate/MBAPL_07082025172717_BRSR.pdf
GAIL (INDIA) LIMITED,https://nsearchives.nseindia.com/corporate/Himanshugail_07082025171448_agm.pdf
POWER FINANCE CORPORATION LIMITED,https://nsearchives.nseindia.com/corporate/PFC2023_07082025165802_Intimation06082025_SIGNED.pdf
D.B.CORP LIMITED,https://nsearchives.nseindia.com/corporate/DBCORP_07082025165307_SE_BRSR_Signed.pdf
INDIAN OIL CORPORATION LIMITED,https://nsearchives.nseindia.com/corporate/IOC_07082025163501_66_AGM_24_25_Cover_letter_and_BRSR_SEs.pdf
PROCTER & GAMBLE HEALTH LIMITED,https://nsearchives.nseindia.com/corporate/PGHL_07082025155226_PGHLBRR2025.pdf
ACTION CONSTRUCTION EQUIPMENT LIMITED,https://nsearchives.nseindia.com/corporate/ACE_07082025151637_Intimation_BRSR_2024_25_FFAN.pdf
MANGALORE REFINERY AND PETROCHEMICALS LIMITED,https://nsearchives.nseindia.com/corporate/MRPL_07082025144506_BRSR_2024-25.pdf
ALOK INDUSTRIES LIMITED,https://nsearchives.nseindia.com/corporate/ALOKIND_07082025135331_20250807_Alok_BRSR.pdf
RELIANCE INDUSTRIES LIMITED,https://nsearchives.nseindia.com/corporate/kavinavora_07082025133236_SE_BRSR.pdf
RAIL VIKAS NIGAM LIMITED,https://nsearchives.nseindia.com/corporate/RVNL_07082025003546_BRSRSTOCKXCHANGEINTIMATION.pdf
BALRAMPUR CHINI MILLS LIMITED,https://nsearchives.nseindia.com/corporate/SUNILBCML_06082025223043_SE_BCML_BRSR_2425.pdf
FINO PAYMENTS BANK LIMITED,https://nsearchives.nseindia.com/corporate/FINOPB_06082025205814_Cover_BRSR.pdf
MANORAMA INDUSTRIES LIMITED,https://nsearchives.nseindia.com/corporate/MANORAMA_06082025200426_FinalBRSR.pdf
GUJARAT AMBUJA EXPORTS LIMITED,https://nsearchives.nseindia.com/corporate/GAEL_06082025193013_BRSRFY2024-25.pdf
MAHARASHTRA SEAMLESS LIMITED,https://nsearchives.nseindia.com/corporate/MAHSEAMLES_06082025185751_MSLBRSR.pdf
JINDAL DRILLING AND INDUSTRIES LIMITED,https://nsearchives.nseindia.com/corporate/JINDRILL_06082025185332_UPLOAD.pdf
HMA AGRO INDUSTRIES LIMITED,https://nsearchives.nseindia.com/corporate/HMA_06082025180032_BRSR_Report_FY_2024-25_Final.pdf
INDIAN RAILWAY FINANCE CORPORATION LIMITED,https://nsearchives.nseindia.com/corporate/IRFC_06082025175235_BRSR2425.pdf
BHARAT ELECTRONICS LIMITED,https://nsearchives.nseindia.com/corporate/BEL_06082025173321_Letter_BRSR_Signed.pdf
GODFREY PHILLIPS INDIA LIMITED,https://nsearchives.nseindia.com/corporate/PANKAJCHAWLA_06082025164302_BRSR.pdf
HYUNDAI MOTOR INDIA LIMITED,https://nsearchives.nseindia.com/corporate/HMILNSE_06082025151818_BRSRReport.pdf
UNITED SPIRITS LIMITED,https://nsearchives.nseindia.com/corporate/MCDOWELL_06082025142128_SEIntimationBRSR_F.pdf
TV TODAY NETWORK LIMITED,https://nsearchives.nseindia.com/corporate/TVTODAY_06082025133936_SE_BRSR_2025.pdf
ONE 97 COMMUNICATIONS LIMITED,https://nsearchives.nseindia.com/corporate/PAYTM_06082025105925_BRSR31032025_Signed.pdf
JK PAPER LIMITED,https://nsearchives.nseindia.com/corporate/JKPAPER_06082025102147_STX_BRSR.pdf
KFIN TECHNOLOGIES LIMITED,https://nsearchives.nseindia.com/corporate/KFINTECHNSE_06082025005352_BRSR_Intimation.pdf
SAMVARDHANA MOTHERSON INTERNATIONAL LIMITED,https://nsearchives.nseindia.com/corporate/MOTHERSON_06082025000629_BRSR.pdf
IFGL REFRACTORIES LIMITED,https://nsearchives.nseindia.com/corporate/IFGLEXPOR_05082025235236_Covering_letter.pdf
MOTHERSON SUMI WIRING INDIA LIMITED,https://nsearchives.nseindia.com/corporate/MSWIL_05082025223927_BRSR.pdf
JUBILANT INGREVIA LIMITED,https://nsearchives.nseindia.com/corporate/JUBLINGREA_05082025221435_BRSR_signed.pdf
MARUTI SUZUKI INDIA LIMITED,https://nsearchives.nseindia.com/corporate/MARUTIASHISH_05082025211748_STXintimation_BRSR_2025.pdf
QUESS CORP LIMITED,https://nsearchives.nseindia.com/corporate/Quesscorp_05082025205301_Cover_Letter_AGM_Notice_AR_signed.pdf
ICICI BANK LIMITED,https://nsearchives.nseindia.com/corporate/ICICI2022_05082025202810_NSEBSEAnnualReport05082025.pdf
JUBILANT PHARMOVA LIMITED,https://nsearchives.nseindia.com/corporate/JUBLPHARMA_05082025195300_JPM_BRSR_2025_signed.pdf
SHREE DIGVIJAY CEMENT CO.LTD,https://nsearchives.nseindia.com/corporate/SHREEDIG_05082025194617_SDCCL_BRSR_Report_FY_2024_25.pdf
LIC HOUSING FINANCE LIMITED,https://nsearchives.nseindia.com/corporate/LICHSGFIN_05082025194123_BRSR_FY2024_25.pdf
SUNDROP BRANDS LIMITED,https://nsearchives.nseindia.com/corporate/ATFL_05082025185204_SBLIntimationofBRSRReport202425signed.pdf
NTPC GREEN ENERGY LIMITED,https://nsearchives.nseindia.com/corporate/dinesh01_05082025184816_BRSR.pdf
NETWEB TECHNOLOGIES INDIA LIMITED,https://nsearchives.nseindia.com/corporate/NETWEB1234_05082025172054_BRSR_2025.pdf
SPORTKING INDIA LIMITED,https://nsearchives.nseindia.com/corporate/SPORTKING_05082025170951_Business_Responsibility_and_Sustainability_Reporting.pdf
LLOYDS ENTERPRISES LIMITED,https://nsearchives.nseindia.com/corporate/SGTL2008_05082025170008_IntimationBRSR.pdf
EMAMI LIMITED,https://nsearchives.nseindia.com/corporate/EMAMILTD_05082025162502_BRSR_FY_24-25_signed.pdf
JIO FINANCIAL SERVICES LIMITED,https://nsearchives.nseindia.com/corporate/JIOFIN_05082025132019_BRSR.pdf
JANA SMALL FINANCE BANK LIMITED,https://nsearchives.nseindia.com/corporate/sanath_rao_janabank_com_05082025121420_BRSR.pdf
GE POWER INDIA LIMITED,https://nsearchives.nseindia.com/corporate/GEPILDEE_05082025113342_BRSR_2024-25_F1.pdf
3M INDIA LIMITED,https://nsearchives.nseindia.com/corporate/3MINDIALTD_05082025104652_3MINDIABRSRPDF.pdf
SENCO GOLD LIMITED,https://nsearchives.nseindia.com/corporate/Sencogold_04082025193725_SE_Intimation_BRSR_Report_2024-25.pdf
RELAXO FOOTWEARS LIMITED,https://nsearchives.nseindia.com/corporate/RELAXO_04082025182856_Signed_StxIntimation_merged.pdf
RAM RATNA WIRES LIMITED,https://nsearchives.nseindia.com/corporate/RAMRATNA_04082025181243_SE_Intimation_BRSR_Report.pdf
SHYAM METALICS AND ENERGY LIMITED,https://nsearchives.nseindia.com/corporate/SHYAMMETL_04082025173106_BRSR04082025.pdf
KHAITAN CHEMICALS & FERTILIZERS LIMITED,https://nsearchives.nseindia.com/corporate/KHAICHEM_04082025154259_finalbrsr.pdf
COAL INDIA LIMITED,https://nsearchives.nseindia.com/corporate/COALINDIA_04082025110405_BRSR2425.pdf
NORTHERN ARC CAPITAL LIMITED,https://nsearchives.nseindia.com/corporate/NACL2020_03082025230731_BRSR_signed.pdf
POWER GRID CORPORATION OF INDIA LIMITED,https://nsearchives.nseindia.com/corporate/POWERGRID1_03082025201817_BRSRfinal.pdf
HCL TECHNOLOGIES LIMITED,https://nsearchives.nseindia.com/corporate/HCLTECH_02082025204043_BRSR_2024-25.pdf
FSN E COMMERCE VENTURES LIMITED,https://nsearchives.nseindia.com/corporate/NYKAA_02082025183506_BRSR.pdf
THE JAMMU & KASHMIR BANK LIMITED,https://nsearchives.nseindia.com/corporate/MARYA_02082025165506_BRSR_final.pdf
KUANTUM PAPERS LIMITED,https://nsearchives.nseindia.com/corporate/KUANTUM_02082025145919_BRSRBSENSE2025.pdf
ASTRAL LIMITED,https://nsearchives.nseindia.com/corporate/ASTRAL_02082025143233_BRSR.pdf
CHAMBAL FERTILIZERS & CHEMICALS LIMITED,https://nsearchives.nseindia.com/corporate/JOYLINJ_02082025122637_Intimation_of_BRSR_FY25.pdf
CSB BANK LIMITED,https://nsearchives.nseindia.com/corporate/CSBBANK_02082025121618_BSENSEBRSR202502082025f.pdf
ARVIND FASHIONS LIMITED,https://nsearchives.nseindia.com/corporate/ARVINDFASN_02082025073218_BRSRIntimation.pdf
REC LIMITED,https://nsearchives.nseindia.com/corporate/RECLTD_01082025234706_Signed_IntimationBRSR_010825.pdf
CHENNAI PETROLEUM CORPORATION LIMITED,https://nsearchives.nseindia.com/corporate/CHENNPETRO_01082025232452_BRSR_SE_INTIMATION.pdf
SAI SILKS (KALAMANDIR) LIMITED,https://nsearchives.nseindia.com/corporate/SSKL_01082025222326_BRSRFY24-25.pdf
JUBILANT FOODWORKS LIMITED,https://nsearchives.nseindia.com/corporate/JUBLFOOD_01082025192521_JFLBRSR01082025.pdf
5PAISA CAPITAL LIMITED,https://nsearchives.nseindia.com/corporate/5PAISA_01082025192625_EXINTIMATION.pdf
INFO EDGE (INDIA) LIMITED,https://nsearchives.nseindia.com/corporate/NAUKRI2_01082025192257_IEIL_BRSR.pdf
LUMAX AUTO TECHNOLOGIES LIMITED,https://nsearchives.nseindia.com/corporate/LUMAXTECH_01082025190336_LATLBRSR202425.pdf
LUMAX INDUSTRIES LIMITED,https://nsearchives.nseindia.com/corporate/LUMAXIND_01082025185350_LILBRSR.pdf
HINDUSTAN ZINC LIMITED,https://nsearchives.nseindia.com/corporate/HINDZINCNSE_01082025184432_SEIntimationBRSR01082025.pdf
VODAFONE IDEA LIMITED,https://nsearchives.nseindia.com/corporate/IDEA_01082025183304_SEIntimationBRSR01082025signed.pdf
HATSUN AGRO PRODUCT LIMITED,https://nsearchives.nseindia.com/corporate/HATSUN_01082025180108_BRSR31Mar2025.pdf
ELECTROSTEEL CASTINGS LIMITED,https://nsearchives.nseindia.com/corporate/ELECTCAST_01082025173433_Submission_of_BRSR_2024-25_.pdf
VEEDOL CORPORATION LIMITED,https://nsearchives.nseindia.com/corporate/TIDEWATER1_01082025174024_BRSR_2024-25_Signed.pdf
TRIDENT LIMITED,https://nsearchives.nseindia.com/corporate/TRIDENT_01082025172626_SE_BRSR.pdf
DHAMPUR SUGAR MILLS LIMITED,https://nsearchives.nseindia.com/corporate/DHAMPURSUG_01082025172124_Intimation_BRSRReport.pdf
NCC LIMITED,https://nsearchives.nseindia.com/corporate/NCC_01082025172501_SubmissionofBRSR.pdf
GREENPLY INDUSTRIES LIMITED,https://nsearchives.nseindia.com/corporate/GREEN_01082025122817_BRSR_2025.pdf
ZEN TECHNOLOGIES LIMITED,https://nsearchives.nseindia.com/corporate/ZENTEC_01082025115902_BRSR_Intimation.pdf
AARTI INDUSTRIES LIMITED,https://nsearchives.nseindia.com/corporate/AARTIIND_31072025224645_AARTIIND_BRSR.pdf
MAHANAGAR GAS LIMITED,https://nsearchives.nseindia.com/corporate/MGL25_31072025224204_SEIntimationMGLBRSR20242531072025.pdf
OLA ELECTRIC MOBILITY LIMITED,https://nsearchives.nseindia.com/corporate/OLAELECTRIC_31072025223516_Intimation_BRSR_OEM.pdf
UTKARSH SMALL FINANCE BANK LIMITED,https://nsearchives.nseindia.com/corporate/UTKARSHBANK_31072025213711_AGMintimation.pdf
NIVA BUPA HEALTH INSURANCE COMPANY LIMITED,https://nsearchives.nseindia.com/corporate/MAXBUPA_31072025210623_SubmissionBRSR31072025.pdf
SBI CARDS AND PAYMENT SERVICES LIMITED,https://nsearchives.nseindia.com/corporate/SBICARDS_31072025204046_SEFilingBRSRJuly2025.pdf
BHARAT PETROLEUM CORPORATION LIMITED,https://nsearchives.nseindia.com/corporate/BPCL22_31072025204824_stexbrsr31725s.pdf
DEN NETWORKS LIMITED,https://nsearchives.nseindia.com/corporate/DEN_31072025202236_BRSRgkbr.pdf
IOL CHEMICALS AND PHARMACEUTICALS LIMITED,https://nsearchives.nseindia.com/corporate/IOLCP_31072025175915_BRSR.pdf
GLAND PHARMA LIMITED,https://nsearchives.nseindia.com/corporate/GLAND_31072025173044_BRSR_FY25_Final.pdf
BALAXI PHARMACEUTICALS LIMITED,https://nsearchives.nseindia.com/corporate/BALAXI_31072025171833_31072025.pdf
THEJO ENGINEERING LIMITED,https://nsearchives.nseindia.com/corporate/THEJO_31072025122446_NSE_Intimation_BRSR_2025.pdf
MINDA CORPORATION LIMITED,https://nsearchives.nseindia.com/corporate/MINDACORP_31072025121115_NSEBSEBRSR.pdf
PARAS DEFENCE AND SPACE TECHNOLOGIES LIMITED,https://nsearchives.nseindia.com/corporate/PARAS_31072025001634_BRSR.pdf
CMS INFO SYSTEMS LIMITED,https://nsearchives.nseindia.com/corporate/CMSINFO_30072025220343_BRSRSEIntimation.pdf
BANDHAN BANK LIMITED,https://nsearchives.nseindia.com/corporate/BANDHANBNK_30072025205143_SE_AGM_Notice_AnnualReport_30072025_sd.pdf
MANGALAM CEMENT LIMITED,https://nsearchives.nseindia.com/corporate/MANGLMCEM_30072025202142_NSE_BSE_BRSR_24-25_S.pdf
WEST COAST PAPER MILLS LIMITED,https://nsearchives.nseindia.com/corporate/WSTCSTPAPR_30072025200059_BRSRTwentyfivetoSE.pdf
LIFE INSURANCE CORPORATION OF INDIA,https://nsearchives.nseindia.com/corporate/LIC_BOARD_30072025182416_Disclosure_BRSR.pdf
MANGALORE CHEMICALS & FERTILIZERS LIMITED,https://nsearchives.nseindia.com/corporate/MANGCHEFER_30072025182412_BRSRintimation30072025DSC.pdf
ZF COMMERCIAL VEHICLE CONTROL SYSTEMS INDIA LIMITED,https://nsearchives.nseindia.com/corporate/WABCOINDIA_30072025165524_SdSEBRSR.pdf
BHAGIRADHA CHEMICALS & INDUSTRIES LIMITED,https://nsearchives.nseindia.com/corporate/BHAGCHEM_30072025162843_seintimation.pdf
CEAT LIMITED,https://nsearchives.nseindia.com/corporate/CEATLTD_30072025150047_CEATSELetterAR.pdf
SUVEN LIFE SCIENCES LIMITED,https://nsearchives.nseindia.com/corporate/SUVEN_30072025145225_SuvenLife_BRSR_2025.pdf
EVEREST KANTO CYLINDER LIMITED,https://nsearchives.nseindia.com/corporate/EKC_30072025134138_EKCLBRSR2025.pdf
HINDUSTAN AERONAUTICS LIMITED,https://nsearchives.nseindia.com/corporate/HAL_30072025115044_BRSR.pdf
VARROC ENGINEERING LIMITED,https://nsearchives.nseindia.com/corporate/VARROC_30072025110841_Business_Responsibility_Sustainability_Report_FY2025.pdf
BANNARI AMMAN SUGARS LIMITED,https://nsearchives.nseindia.com/corporate/BANARISUG_30072025110505_BRSR2025SE.pdf
POLYCAB INDIA LIMITED,https://nsearchives.nseindia.com/corporate/POLYCAB_30072025100354_Intimation_for_BRSR_for_FY_2024-25.pdf
LLOYDS ENGINEERING WORKS LIMITED,https://nsearchives.nseindia.com/corporate/LSIL_29072025225751_BRSRsigned.pdf
APTUS VALUE HOUSING FINANCE INDIA LIMITED,https://nsearchives.nseindia.com/corporate/APTUS_29072025202419_Aptus_BRSR_intimation_sd.pdf
INDO COUNT INDUSTRIES LIMITED,https://nsearchives.nseindia.com/corporate/ICIL_29072025194322_BRSRIntimation.pdf
RAGHAV PRODUCTIVITY ENHANCERS LIMITED,https://nsearchives.nseindia.com/corporate/RPEL2009_29072025173735_BSE_notice_BRSR.pdf
THE SOUTH INDIAN BANK LIMITED,https://nsearchives.nseindia.com/corporate/SOUTHBANK_29072025152201_SD_STT_BRSR_FY2024-25.pdf
IKIO TECHNOLOGIES LIMITED,https://nsearchives.nseindia.com/corporate/IKIO_29072025150502_FinalBRSR.pdf
H.G. INFRA ENGINEERING LIMITED,https://nsearchives.nseindia.com/corporate/HGINFRA_29072025143828_RevisedBRSR.pdf
STERLING AND WILSON RENEWABLE ENERGY LIMITED,https://nsearchives.nseindia.com/corporate/SWSOLAR_28072025234020_Signed_BRSR_AR.pdf
REPCO HOME FINANCE LIMITED,https://nsearchives.nseindia.com/corporate/REPCOHOME_28072025223952_BRSR.pdf
FLAIR WRITING INDUSTRIES LIMITED,https://nsearchives.nseindia.com/corporate/flair2016_28072025221926_FWIL_Intimation_of_BRSR_signed.pdf
BRIGADE ENTERPRISES LIMITED,https://nsearchives.nseindia.com/corporate/BRIGADE_28072025212453_IntimationonIntegratedAnnualReport.pdf
HINDUSTAN PETROLEUM CORPORATION LIMITED,https://nsearchives.nseindia.com/corporate/HINDPETRO1_28072025211142_BRSR.pdf
RESTAURANT BRANDS ASIA LIMITED,https://nsearchives.nseindia.com/corporate/RBA_28072025200416_FinalUpload.pdf
HINDALCO INDUSTRIES LIMITED,https://nsearchives.nseindia.com/corporate/HINDALCOIND_28072025200135_Reg_34_BRSR_Final_signed.pdf
THE ANUP ENGINEERING LIMITED,https://nsearchives.nseindia.com/corporate/ANUP_28072025193104_Intimation_BRSR.pdf
ABANS FINANCIAL SERVICES LIMITED,https://nsearchives.nseindia.com/corporate/AHL_28072025192353_Intimation_of_BRSR_Final.pdf
EICHER MOTORS LIMITED,https://nsearchives.nseindia.com/corporate/EICHERMOT_28072025190434_EMLIR25BRSRFinal28072025Signed.pdf
STERLITE TECHNOLOGIES LIMITED,https://nsearchives.nseindia.com/corporate/STLTECH_28072025185436_Reg_30-Submission_of_BRSR_signed.pdf
EXPLEO SOLUTIONS LIMITED,https://nsearchives.nseindia.com/corporate/SQS_28072025184210_BusinessResponsibilityandSustainabilityReporting.pdf
ORIENTAL AROMATICS LIMITED,https://nsearchives.nseindia.com/corporate/OAL_28072025175310_Intimation.pdf
WONDERLA HOLIDAYS LIMITED,https://nsearchives.nseindia.com/corporate/WONDERLA_28072025174132_BRSR_Report.pdf
ULTRATECH CEMENT LIMITED,https://nsearchives.nseindia.com/corporate/ULTRACEMCO_28072025165544_BRSR.pdf
PNB HOUSING FINANCE LIMITED,https://nsearchives.nseindia.com/corporate/PNBHOUSING_28072025164339_BRSR_Final_File_Signed.pdf
RAJRATAN GLOBAL WIRE LIMITED,https://nsearchives.nseindia.com/corporate/RAJRATAN_28072025163732_Rajratan_Global_Wire_Ltd_BRSR__1_.pdf
EXCEL INDUSTRIES LIMITED,https://nsearchives.nseindia.com/corporate/EXCELINDUS_28072025152352_BusinessResponsibilityandSustainabilityReport202425_signed.pdf
YES BANK LIMITED,https://nsearchives.nseindia.com/corporate/YESBANK_26072025195720_SE_Intimation_Integrated_Annual_Report-2024-25_signed.pdf
TVS HOLDINGS LIMITED,https://nsearchives.nseindia.com/corporate/SUNCLAYLTD_26072025164647_BRSRINTIMATIONSD.pdf
BHARAT HEAVY ELECTRICALS LIMITED,https://nsearchives.nseindia.com/corporate/BHEL_26072025152245_BHELBRSRreport2024-25sd.pdf
TVS MOTOR COMPANY LIMITED,https://nsearchives.nseindia.com/corporate/TVSMOTOR_26072025145916_BSENSETVSMBRSR2025.pdf
INTERGLOBE AVIATION LIMITED,https://nsearchives.nseindia.com/corporate/Indigo1_26072025105314_BRSR.pdf
BHARTI HEXACOM LIMITED,https://nsearchives.nseindia.com/corporate/HexacomApril20_25072025221226_BHL_BRSR_STX.pdf
RAILTEL CORPORATION OF INDIA LIMITED,https://nsearchives.nseindia.com/corporate/RAILTEL_25072025200318_BRSR.pdf
CAN FIN HOMES LIMITED,https://nsearchives.nseindia.com/corporate/CANFINHOME_25072025201607_BRSR-31-03-2025.pdf
FINE ORGANIC INDUSTRIES LIMITED,https://nsearchives.nseindia.com/corporate/FINEORG_25072025201011_IntimationofBRSR.pdf
TRANSWORLD SHIPPING LINES LIMITED,https://nsearchives.nseindia.com/corporate/TRANSWORLD_25072025194300_BRSRPDFCoveringsigned.pdf
INDIA PESTICIDES LIMITED,https://nsearchives.nseindia.com/corporate/IPL_25072025173540_IPL_BRSR_24-25.pdf
NGL FINE-CHEM LIMITED,https://nsearchives.nseindia.com/corporate/NGL2022_25072025145225_BRSR2025UPLOAD.pdf
LG BALAKRISHNAN & BROS LIMITED,https://nsearchives.nseindia.com/corporate/LGBBROSLTD_25072025133911_LGBBRSR2025.pdf
GLOBUS SPIRITS LIMITED,https://nsearchives.nseindia.com/corporate/GLOBUSSPR_25072025133203_BRSR.pdf
ETERNAL LIMITED,https://nsearchives.nseindia.com/corporate/ZOMATO_24072025203100_EternalBRSRSigned.pdf
HITACHI ENERGY INDIA LIMITED,https://nsearchives.nseindia.com/corporate/HitachiEnergy_24072025163636_SEBRSR_.pdf
KALYANI STEELS LIMITED,https://nsearchives.nseindia.com/corporate/KSL_24072025163021_KSL_AGM-2025-Submission_of_BRSR-2025_.pdf
GODREJ CONSUMER PRODUCTS LIMITED,https://nsearchives.nseindia.com/corporate/GODREJCP_24072025160509_SE_BRSR_2024-25_Signed.pdf
BSE LIMITED,https://nsearchives.nseindia.com/corporate/BSE1_24072025105146_NSEIntimationBRSR.pdf
DEEPAK NITRITE LIMITED,https://nsearchives.nseindia.com/corporate/DEEPAKNTR_23072025215148_Deepak_Nitrite_IR_2024-25_BRSR.pdf
DISH TV INDIA LIMITED,https://nsearchives.nseindia.com/corporate/DISHTV1_23072025214637_DTILBRSR23072025.pdf
CCL PRODUCTS (INDIA) LIMITED,https://nsearchives.nseindia.com/corporate/CCL_23072025213812_BRSR.pdf
CENTRAL DEPOSITORY SERVICES (INDIA) LIMITED,https://nsearchives.nseindia.com/corporate/CDSL_23072025191036_IntimationBRSR.pdf
ASTRAZENECA PHARMA INDIA LIMITED,https://nsearchives.nseindia.com/corporate/ASTRAZEN_23072025183343_AZPIL_BRSR_2024-25_signed.pdf
HINDUSTAN CONSTRUCTION COMPANY LIMITED,https://nsearchives.nseindia.com/corporate/HCC_23072025173100_BRSR.pdf
N. B. I. INDUSTRIAL FINANCE COMPANY LIMITED,https://nsearchives.nseindia.com/corporate/NBIFIN_23072025163604_NBI_BRSR_FY202425.pdf
VISHNU CHEMICALS LIMITED,https://nsearchives.nseindia.com/corporate/VISHNU_23072025153848_Intimation_of_BRSR_2025_Final_Signed.pdf
ADITYA BIRLA CAPITAL LIMITED,https://nsearchives.nseindia.com/corporate/ABCAPITAL_22072025215530_BRSR_2024_25_Signed.pdf
REPRO INDIA LIMITED,https://nsearchives.nseindia.com/corporate/REPRO_22072025201751_Intimation_of_BRSR_2025.pdf
METROPOLIS HEALTHCARE LIMITED,https://nsearchives.nseindia.com/corporate/METROPOLIS_22072025195730_Cover_Letter_BRSR_sd.pdf
CITY UNION BANK LIMITED,https://nsearchives.nseindia.com/corporate/CUB_22072025195158_BRSRFY2025.pdf
AMARA RAJA ENERGY & MOBILITY LIMITED,https://nsearchives.nseindia.com/corporate/AMARARAJA_22072025184415_Stock_exchange_intimation_-_BRSR.pdf
SIYARAM SILK MILLS LIMITED,https://nsearchives.nseindia.com/corporate/SIYSIL_22072025172259_SSMLBRSRFY202425.pdf
UNIMECH AEROSPACE AND MANUFACTURING LIMITED,https://nsearchives.nseindia.com/corporate/UNIMECH_22072025172056_BRSR_Report.pdf
TIMKEN INDIA LIMITED,https://nsearchives.nseindia.com/corporate/TIMKEN_22072025144216_Letter.pdf
ALKEM LABORATORIES LIMITED,https://nsearchives.nseindia.com/corporate/ALKEM_21072025232212_ExchangeintimationBRSRsigned.pdf
VA TECH WABAG LIMITED,https://nsearchives.nseindia.com/corporate/VATECH_21072025223914_SI_BRSRFY2425.pdf
THE INDIA CEMENTS LIMITED,https://nsearchives.nseindia.com/corporate/INDIACEM_21072025210249_SEAGM21072025BRSRsd.pdf
GRASIM INDUSTRIES LIMITED,https://nsearchives.nseindia.com/corporate/GRASIM_21072025201038_SEIntimationBRSR.pdf
AEGIS LOGISTICS LIMITED,https://nsearchives.nseindia.com/corporate/AEGISCHEM_21072025200623_ALL_BRSR_2024-25_S.pdf
BERGER PAINTS (I) LIMITED,https://nsearchives.nseindia.com/corporate/PAINTBERGE_21072025200428_BRSRfinalletter210725.pdf
PI INDUSTRIES LIMITED,https://nsearchives.nseindia.com/corporate/PIIND_21072025195914_BRSR_2025_signed.pdf
BOMBAY BURMAH TRADING CORPORATION LIMITED,https://nsearchives.nseindia.com/corporate/KML_21072025194250_SEIntimation_BRSR_2024-25.pdf
RAMCO INDUSTRIES LIMITED,https://nsearchives.nseindia.com/corporate/RAMCOIND_21072025193740_RIL_BRSR.pdf
BLUE DART EXPRESS LIMITED,https://nsearchives.nseindia.com/corporate/BLUEDART_21072025193310_SEBRSR.pdf
NAVA LIMITED,https://nsearchives.nseindia.com/corporate/NBVENTURES_21072025193005_BRSR.pdf
MANAPPURAM FINANCE LIMITED,https://nsearchives.nseindia.com/corporate/MANAPPURAM_21072025190408_NoticeARfinal.pdf
GIC HOUSING FINANCE LIMITED,https://nsearchives.nseindia.com/corporate/GICHSGFIN_21072025175749_NSE.pdf
TVS SUPPLY CHAIN SOLUTIONS LIMITED,https://nsearchives.nseindia.com/corporate/CSCOMPLIANCE_21072025151034_TVS_SCS_BRSR_SE.pdf
LA OPALA RG LIMITED,https://nsearchives.nseindia.com/corporate/LAOPALA_21072025135617_LORG_SE_BRSR_2024_25_F.pdf
LUPIN LIMITED,https://nsearchives.nseindia.com/corporate/Lupin2_21072025103550_LupinBRSR_FY202425.pdf
AVENUE SUPERMARTS LIMITED,https://nsearchives.nseindia.com/corporate/DMART_21072025103415_ASLBRSR202425.pdf
BRITANNIA INDUSTRIES LIMITED,https://nsearchives.nseindia.com/corporate/BRITANNIA1_19072025235926_BRSR_Intimation_signed.pdf
BAJAJ CONSUMER CARE LIMITED,https://nsearchives.nseindia.com/corporate/BAJAJCON_19072025224235_Exchanges_BRSR.pdf
AVANTI FEEDS LIMITED,https://nsearchives.nseindia.com/corporate/AVANTIFEEDS_19072025204811_BRSR_Report.pdf
AMBER ENTERPRISES INDIA LIMITED,https://nsearchives.nseindia.com/corporate/AMBER_18072025235834_BRSRIntimation.pdf
JM FINANCIAL LIMITED,https://nsearchives.nseindia.com/corporate/JMFINANCIL_18072025230258_BRSR202425upload.pdf
ROSSELL INDIA LIMITED,https://nsearchives.nseindia.com/corporate/ROSSELLIND_18072025214016_BRSR_2024_2025.pdf
RAMCO SYSTEMS LIMITED,https://nsearchives.nseindia.com/corporate/RAMCOSYS_18072025213250_BRSR20242025withcoveringletterJuly182025.pdf
AUTOMOTIVE AXLES LIMITED,https://nsearchives.nseindia.com/corporate/AUTOAXLES_18072025202627_AALBRSR2025.pdf
BAJEL PROJECTS LIMITED,https://nsearchives.nseindia.com/corporate/BAJEL_18072025195803_IntimationofBRSR_signed.pdf
SUN PHARMA ADVANCED RESEARCH COMPANY LIMITED,https://nsearchives.nseindia.com/corporate/SPARC_18072025184916_IntimationOfBRSR.pdf
BOMBAY DYEING & MFG COMPANY LIMITED,https://nsearchives.nseindia.com/corporate/Savita_18072025183107_BRSRsigned.pdf
S H KELKAR AND COMPANY LIMITED,https://nsearchives.nseindia.com/corporate/9152077850_18072025180003_BRSRFY202425.pdf
XCHANGING SOLUTIONS LIMITED,https://nsearchives.nseindia.com/corporate/XCHANGING_18072025180144_ilovepdf_merged__19_.pdf
PRECISION WIRES INDIA LIMITED,https://nsearchives.nseindia.com/corporate/PRECWIRE_18072025174114_BRSRPWIL.pdf
ENDURANCE TECHNOLOGIES LIMITED,https://nsearchives.nseindia.com/corporate/ENDURANCE_18072025174035_2025_07_18___SE_intimation_-_Annual_Report_and_AGM_Notice.pdf
GODREJ INDUSTRIES LIMITED,https://nsearchives.nseindia.com/corporate/Anupama_19072025181244_BSENSEBRSRFY2025_19072025.pdf
CENTURY ENKA LIMITED,https://nsearchives.nseindia.com/corporate/CENTURYENKA_18072025171639_CL_BRSR_signed.pdf
CHEMPLAST SANMAR LIMITED,https://nsearchives.nseindia.com/corporate/CHEMPLASTS_18072025171512_InitmationCSLBRSR2025sdSD.pdf
KCP LIMITED,https://nsearchives.nseindia.com/corporate/radhika_18072025164552_BRSR.pdf
ELGI EQUIPMENTS LIMITED,https://nsearchives.nseindia.com/corporate/ELGIEQUIP_18072025162137_Annual_Report_2024-2025.pdf
BATA INDIA LIMITED,https://nsearchives.nseindia.com/corporate/BATAINDIA_18072025144329_SE_Letter_BRSR_2025_Signed.pdf
ASHOK LEYLAND LIMITED,https://nsearchives.nseindia.com/corporate/ASHOKLEY_18072025130141_ALBRSRFY2024-25.pdf
GALAXY SURFACTANTS LIMITED,https://nsearchives.nseindia.com/corporate/GALAXYSURF_18072025125554_BRSR31032025ds.pdf
DWARIKESH SUGAR INDUSTRIES LIMITED,https://nsearchives.nseindia.com/corporate/DWARKESH_18072025124128_Reg34SubmissionofBRSR.pdf
RANE HOLDINGS LIMITED,https://nsearchives.nseindia.com/corporate/RANEHOLDIN_18072025114039_RHLSE_BRSR_2025_SD.pdf
HINDUSTAN UNILEVER LIMITED,https://nsearchives.nseindia.com/corporate/HINDUNILVR_18072025110703_BRSRPDF.pdf
MAN INFRACONSTRUCTION LIMITED,https://nsearchives.nseindia.com/corporate/vishaladhav_18072025092606_Intimation_of_BRSR.pdf
CELLO WORLD LIMITED,https://nsearchives.nseindia.com/corporate/CELLO2023_18072025002302_Intimationbrsr.pdf
ADF FOODS LIMITED,https://nsearchives.nseindia.com/corporate/ADFFOODS1_17072025200728_ADFLBRSR202425.pdf
CHOLAMANDALAM FINANCIAL HOLDINGS LIMITED,https://nsearchives.nseindia.com/corporate/CHOLAHLDNG_17072025193855_SE_Intimation.pdf
GANDHAR OIL REFINERY (INDIA) LIMITED,https://nsearchives.nseindia.com/corporate/GANDHAROIL_17072025193352_GandharOilBRSR17072025.pdf
GLOSTER LIMITED,https://nsearchives.nseindia.com/corporate/GLOSTER_17072025185630_BRSR_for_upload.pdf
KEC INTERNATIONAL LIMITED,https://nsearchives.nseindia.com/corporate/KEC_17072025183850_SEIntimation_BRSR.pdf
KIRLOSKAR INDUSTRIES LIMITED,https://nsearchives.nseindia.com/corporate/KIRLOSIND_17072025172837_BRSR.pdf
CAMLIN FINE SCIENCES LIMITED,https://nsearchives.nseindia.com/corporate/CAMLINFINE_17072025163715_Intimation_-_BRSR.pdf
BIOCON LIMITED,https://nsearchives.nseindia.com/corporate/Biocon2_17072025151850_Biocon_AGM_Intimation_SEs.pdf
SEAMEC LIMITED,https://nsearchives.nseindia.com/corporate/SEAMECLTD_17072025141101_BSENSEintimationofBRSR.pdf
RELIANCE POWER LIMITED,https://nsearchives.nseindia.com/corporate/RPOWER_17072025023335_ReliancePowerLetterforBRSR.pdf
RELIANCE INFRASTRUCTURE LIMITED,https://nsearchives.nseindia.com/corporate/RELINFRA_17072025015016_RinfraBRSR17072025.pdf
BHARTI AIRTEL LIMITED,https://nsearchives.nseindia.com/corporate/BHARTIARTL_16072025232215_BAL_STX_BRSR_FY24-25.pdf
WOCKHARDT LIMITED,https://nsearchives.nseindia.com/corporate/WOCKPHARMA_16072025215453_CoveringletterBRSRReport2025finalsigned.pdf
TASTY BITE EATABLES LIMITED,https://nsearchives.nseindia.com/corporate/TASTYBITE_16072025214608_BRSR_intimation_2024-25.pdf
AU SMALL FINANCE BANK LIMITED,https://nsearchives.nseindia.com/corporate/AUBANK_16072025204305_Annual_Report_Disclosure.pdf
SEQUENT SCIENTIFIC LIMITED,https://nsearchives.nseindia.com/corporate/SEQUENT1_16072025203803_Sequent_BRSR_FY_2024-25_signed.pdf
MATRIMONY.COM LIMITED,https://nsearchives.nseindia.com/corporate/MATRIMONY_16072025202541_NSESubmissionofBRSR16Jul25.pdf
MARKSANS PHARMA LIMITED,https://nsearchives.nseindia.com/corporate/MARKSANS_16072025194320_MPL_BRSR_File.pdf
MUKAND LIMITED,https://nsearchives.nseindia.com/corporate/MUKANDLTD_16072025193555_ML_BRSR_31032025.pdf
LAURUS LABS LIMITED,https://nsearchives.nseindia.com/corporate/LAURUSLABS_16072025191915_BRSR16072025.pdf
BALAJI AMINES LIMITED,https://nsearchives.nseindia.com/corporate/BALAMINES_16072025191324_BRSR_Signed.pdf
THE RAMCO CEMENTS LIMITED,https://nsearchives.nseindia.com/corporate/RAMCOCEM_16072025185759_Business_Responsibility_and_sustainability_Report_page_104-141.pdf
ARVIND LIMITED,https://nsearchives.nseindia.com/corporate/ARVIND1_16072025182606_BRSR.pdf
GRANULES INDIA LIMITED,https://nsearchives.nseindia.com/corporate/GRANULES_16072025182327_NSEBSEBRSR.pdf
HERCULES HOISTS LIMITED,https://nsearchives.nseindia.com/corporate/herculeshoists_16072025175036_Business_Responsibility_and_Sustainability_Report_2024-25.pdf
UPDATER SERVICES LIMITED,https://nsearchives.nseindia.com/corporate/COMPLIANCEOFFICERUDS_16072025170302_SE_Intimation_Reg_34_2f_BRSR_F.pdf
INSECTICIDES (INDIA) LIMITED,https://nsearchives.nseindia.com/corporate/INSECTICID_16072025163930_STXBRSR2425.pdf
ZYDUS LIFESCIENCES LIMITED,https://nsearchives.nseindia.com/corporate/Cadilahc_16072025162913_SubmissionofBRSR_2024_25.pdf
DCM SHRIRAM LIMITED,https://nsearchives.nseindia.com/corporate/DCMSHRIRAM_16072025155812_BRSRSEINTIMATION2025SIGNED.pdf
SAKSOFT LIMITED,https://nsearchives.nseindia.com/corporate/SAKSOFT_16072025144024_BRSR_Extract.pdf
RADICO KHAITAN LIMITED,https://nsearchives.nseindia.com/corporate/RADICO_16072025115410_BRSR.pdf
CHALET HOTELS LIMITED,https://nsearchives.nseindia.com/corporate/CHALET_16072025111739_BRSRFY2025.pdf
USHA MARTIN LIMITED,https://nsearchives.nseindia.com/corporate/USHAMART_15072025234015_SESubmissionBRSR.pdf
SAPPHIRE FOODS INDIA LIMITED,https://nsearchives.nseindia.com/corporate/SAPPHIRE_15072025233321_BRSR.pdf
CARBORUNDUM UNIVERSAL LIMITED,https://nsearchives.nseindia.com/corporate/CARBORUNIV_15072025230300_BRSR-SD.pdf
ITD CEMENTATION INDIA LIMITED,https://nsearchives.nseindia.com/corporate/ITD_15072025222841_stock_exchange_inti_BRSR_Signed.pdf
TAMILNAD MERCANTILE BANK LIMITED,https://nsearchives.nseindia.com/corporate/9659523378_15072025213412_BRSR_SE_Signed.pdf
CUMMINS INDIA LIMITED,https://nsearchives.nseindia.com/corporate/CUMMINSIND_15072025211448_SignedBRSRIntimationFY2425.pdf
SAMHI HOTELS LIMITED,https://nsearchives.nseindia.com/corporate/Samhi_15072025204238_SAMHI_BRSR_2024-25.pdf
MANKIND PHARMA LIMITED,https://nsearchives.nseindia.com/corporate/MANKIND4_15072025190737_BRSR_SD.pdf
ANDHRA PAPER LIMITED,https://nsearchives.nseindia.com/corporate/ANDHRAPAP_15072025190740_BRSRFY2425Final.pdf
PRISM JOHNSON LIMITED,https://nsearchives.nseindia.com/corporate/PRSMJOHNSN_15072025184813_SEIntimationBRSR2025.pdf
DHUNSERI VENTURES LIMITED,https://nsearchives.nseindia.com/corporate/DVL_15072025184407_BRSR-24-25.pdf
EID PARRY INDIA LIMITED,https://nsearchives.nseindia.com/corporate/EIDPARRY1_15072025183321_SEBRSRSd.pdf
GODREJ AGROVET LIMITED,https://nsearchives.nseindia.com/corporate/GODREJAGRO_15072025173521_BSENSEBRSR31032025.pdf
DCM SHRIRAM INDUSTRIES LIMITED,https://nsearchives.nseindia.com/corporate/DCMSRIND_15072025173333_BRSR.pdf
DATA PATTERNS (INDIA) LIMITED,https://nsearchives.nseindia.com/corporate/Datapatterns_15072025170445_SubmissionofBRSRFy25.pdf
PTC INDIA FINANCIAL SERVICES LIMITED,https://nsearchives.nseindia.com/corporate/PFS_15072025160931_BRSRFiling.pdf
UFLEX LIMITED,https://nsearchives.nseindia.com/corporate/DineshSharma_15072025153233_SIGNEDUFLEXNSEBSEBRSR2025.pdf
FAIRCHEM ORGANICS LIMITED,https://nsearchives.nseindia.com/corporate/FAIRCHEMOR_15072025140036_BRSR_FOL_FY_2024-25.pdf
BHARAT FORGE LIMITED,https://nsearchives.nseindia.com/corporate/ANILSHINDE_15072025144157_SEIntimation_BRSR_Combined.pdf
ARVIND SMARTSPACES LIMITED,https://nsearchives.nseindia.com/corporate/539301_15072025141852_ASLBRSR2025.pdf
KOKUYO CAMLIN LIMITED,https://nsearchives.nseindia.com/corporate/RAVIDAMLE_15072025140825_stockexchangeintimationBRSR2025.pdf
TTK PRESTIGE LIMITED,https://nsearchives.nseindia.com/corporate/TTKPRESTIG1_15072025130614_CoverringLetter_BRSR_Combined_Signed.pdf
GREENPANEL INDUSTRIES LIMITED,https://nsearchives.nseindia.com/corporate/GREENPANEL_14072025231545_BRSR_PDF.pdf
GO DIGIT GENERAL INSURANCE LIMITED,https://nsearchives.nseindia.com/corporate/GODIGIT_14072025223729_GDGIL_Intimation_Notice_AR.pdf
BAJAJ HOLDINGS & INVESTMENT LIMITED,https://nsearchives.nseindia.com/corporate/BAJAJHLDNG_14072025221705_Signed_BRSR_Final.pdf
UNITED BREWERIES LIMITED,https://nsearchives.nseindia.com/corporate/UBLSJR_14072025215702_IntimationBRSRFY2025.pdf
IG PETROCHEMICALS LIMITED,https://nsearchives.nseindia.com/corporate/IGPL_14072025193046_BRSRIGPL2425.pdf
FORTIS HEALTHCARE LIMITED,https://nsearchives.nseindia.com/corporate/FORTIS_14072025190029_IntimationannualreportAGMnotice.pdf
DIVI'S LABORATORIES LIMITED,https://nsearchives.nseindia.com/corporate/DIVISLAB_14072025185732_BRSR2024-25_Divislabs_Submission.pdf
MM FORGINGS LIMITED,https://nsearchives.nseindia.com/corporate/MMFL_14072025185518_MMFBRSRFY25.pdf
ESAB INDIA LIMITED,https://nsearchives.nseindia.com/corporate/chaithanya_lakshmi_esab_co_in_14072025183852_BRSR_2024-25_Signed.pdf
TBO TEK LIMITED,https://nsearchives.nseindia.com/corporate/7235938746_14072025181255_BRSR.pdf
PTC INDIA LIMITED,https://nsearchives.nseindia.com/corporate/PTC_14072025180701_PTCBRSR2025.pdf
JK TYRE & INDUSTRIES LIMITED,https://nsearchives.nseindia.com/corporate/JKTYRE_14072025173932_BRSR.pdf
MRF LIMITED,https://nsearchives.nseindia.com/corporate/MRF_14072025170908_BRSRFINAL.pdf
ALLDIGI TECH LIMITED,https://nsearchives.nseindia.com/corporate/ALLSEC_14072025172525_SEIntimation_BRSR.pdf
BAJAJ ELECTRICALS LIMITED,https://nsearchives.nseindia.com/corporate/BAJAJELEC_14072025171858_Final_Bajaj_Electricals_BRSR_FY_2024_25.pdf
INDIAN RENEWABLE ENERGY DEVELOPMENT AGENCY LIMITED,https://nsearchives.nseindia.com/corporate/IREDAEQ_14072025171302_SignedSENoticeintimation.pdf
UJJIVAN SMALL FINANCE BANK LIMITED,https://nsearchives.nseindia.com/corporate/UJJIVANBANK_14072025163131_28_BRSR_FY202324_June_2025_Combined.pdf
THE UGAR SUGAR WORKS LIMITED,https://nsearchives.nseindia.com/corporate/UGARSUGAR_14072025160141_BRSR_REPORT.pdf
PRICOL LIMITED,https://nsearchives.nseindia.com/corporate/PRICOLLTD_14072025155801_seletterbrsr.pdf
PUNJAB & SIND BANK,https://nsearchives.nseindia.com/corporate/PSB_14072025155202_bsense14072025brsr.pdf
UNO MINDA LIMITED,https://nsearchives.nseindia.com/corporate/MINDAIND1_14072025151936_BRSR.pdf
JTEKT INDIA LIMITED,https://nsearchives.nseindia.com/corporate/JTEKTINDIA_14072025145951_BusinessResponsibilityandSustainabilityReporting.pdf
BASF INDIA LIMITED,https://nsearchives.nseindia.com/corporate/BASFIL_14072025135813_BRSRsigned.pdf
SHARDA CROPCHEM LIMITED,https://nsearchives.nseindia.com/corporate/SHARDACROP_14072025122621_NSE.pdf
HDFC BANK LIMITED,https://nsearchives.nseindia.com/corporate/HDFCBANK_14072025080813_BRSR.pdf
RAYMOND LIMITED,https://nsearchives.nseindia.com/corporate/RAYMOND_13072025135610_RLSEintimationsigned.pdf
RAYMOND LIFESTYLE LIMITED,https://nsearchives.nseindia.com/corporate/RLL_13072025111627_RLLSEintimationsigned.pdf
DLF LIMITED,https://nsearchives.nseindia.com/corporate/DLF_13072025094510_BRSR_Report.pdf
VAIBHAV GLOBAL LIMITED,https://nsearchives.nseindia.com/corporate/VAIBHAVGBL_12072025214254_BRSR_VGL_202425.pdf
EIH LIMITED,https://nsearchives.nseindia.com/corporate/EIHOTEL01_12072025210149_brsr.pdf
BAJAJ AUTO LIMITED,https://nsearchives.nseindia.com/corporate/lkwalimbe_bajajauto_co_in_12072025203722_BRSR_2025.pdf
V-GUARD INDUSTRIES LIMITED,https://nsearchives.nseindia.com/corporate/VGUARD4321_12072025193341_BRSR_Intimation.pdf
VRL LOGISTICS LIMITED,https://nsearchives.nseindia.com/corporate/VRLLOGI_12072025154602_BRSRVRL202425.pdf
HERO MOTOCORP LIMITED,https://nsearchives.nseindia.com/corporate/HEROMOTO_12072025142933_StxintimationBRSR.pdf
ORIENT CEMENT LIMITED,https://nsearchives.nseindia.com/corporate/ORIENTCEM_12072025121405_SEIntimation-Annual_Report-Dispatch_Signed.pdf
ATUL LIMITED,https://nsearchives.nseindia.com/corporate/ATUL1_12072025113135_Atul_Ltd_IAR_2024-25_BRSR.pdf
MARICO LIMITED,https://nsearchives.nseindia.com/corporate/marico_12072025111613_SEBRSR.pdf
CENTRUM CAPITAL LIMITED,https://nsearchives.nseindia.com/corporate/CENTRUM_11072025222853_BSENSEIntimation_BRSR.pdf
EIH ASSOCIATED HOTELS LIMITED,https://nsearchives.nseindia.com/corporate/EIHAHOTELS_11072025222449_brsr.pdf
SHREE CEMENT LIMITED,https://nsearchives.nseindia.com/corporate/SHREECEM_11072025205616_NSE_BSE_BRSR_11072025.pdf
BLUE STAR LIMITED,https://nsearchives.nseindia.com/corporate/BLUESTARCO_11072025205146_SEIntimationBRSR.pdf
KIRLOSKAR OIL ENGINES LIMITED,https://nsearchives.nseindia.com/corporate/KIRLOSENG_11072025201446_SE_Annualreport_11Jul25.pdf
JB CHEMICALS & PHARMACEUTICALS LIMITED,https://nsearchives.nseindia.com/corporate/JBCHEPHARM_11072025195106_NSE_BRSR_2025.pdf
IGARASHI MOTORS INDIA LIMITED,https://nsearchives.nseindia.com/corporate/IGARASHI_11072025184935_IMILBRSR110725SD.pdf
PRATAAP SNACKS LIMITED,https://nsearchives.nseindia.com/corporate/DIAMONDYD_11072025181250_IntimationofBRSR2025.pdf
TD POWER SYSTEMS LIMITED,https://nsearchives.nseindia.com/corporate/TDPOWERSYS_11072025171353_Final_for_Upload-sg.pdf
PIDILITE INDUSTRIES LIMITED,https://nsearchives.nseindia.com/corporate/Nisha_11072025162512_BRSR2024-2025.pdf
STRIDES PHARMA SCIENCE LIMITED,https://nsearchives.nseindia.com/corporate/STRIDES_11072025161730_Strides_IntimationtoSE_BRSR.pdf
BIRLASOFT LIMITED,https://nsearchives.nseindia.com/corporate/BSOFT_11072025145714_SEIntimationBRSR.pdf
IPCA LABORATORIES LIMITED,https://nsearchives.nseindia.com/corporate/IPCALAB_11072025142934_IpcaBRSRReport2024-25.pdf
HESTER BIOSCIENCES LIMITED,https://nsearchives.nseindia.com/corporate/HESTERBIO_11072025141612_20250331BusinessResponsibilityandSustainabilityReportFY25.pdf
NOCIL LIMITED,https://nsearchives.nseindia.com/corporate/NOCIL1961_11072025133436_Intimation_toexchange_BRSR_signed.pdf
COSMO FIRST LIMITED,https://nsearchives.nseindia.com/corporate/COSMOFILMS_11072025124236_Intimation_BRSR.pdf
KPIT TECHNOLOGIES LIMITED,https://nsearchives.nseindia.com/corporate/KPITTECH_11072025105357_KPITBRSR2425_Signed.pdf
CENTUM ELECTRONICS LIMITED,https://nsearchives.nseindia.com/corporate/CENTUME_10072025233812_BRSRIntimation.pdf
UGRO CAPITAL LIMITED,https://nsearchives.nseindia.com/corporate/UGROCAP_10072025203002_IntimationofBRSR10072025.pdf
TORRENT POWER LIMITED,https://nsearchives.nseindia.com/corporate/TORNTPOWER_10072025192825_BRSR.pdf
SATIN CREDITCARE NETWORK LIMITED,https://nsearchives.nseindia.com/corporate/SATIN_10072025172657_SATINBRSRFY2025.pdf
MACROTECH DEVELOPERS LIMITED,https://nsearchives.nseindia.com/corporate/LODHA_10072025162241_Lodha_BRSR_FY_2025.pdf
APAR INDUSTRIES LIMITED,https://nsearchives.nseindia.com/corporate/APARINDSHM_10072025143638_BRSR-FY25.PDF
SUNDARAM CLAYTON LIMITED,https://nsearchives.nseindia.com/corporate/SUNDARAMCLAYTON_10072025134535_SCLBRSRSTEXSD.pdf
EVEREADY INDUSTRIES INDIA LIMITED,https://nsearchives.nseindia.com/corporate/EVEREADY_10072025134812_SEIntimation-BRSR.pdf
HEG LIMITED,https://nsearchives.nseindia.com/corporate/HEG_10072025120731_BRSR2425.pdf
UTI ASSET MANAGEMENT COMPANY LIMITED,https://nsearchives.nseindia.com/corporate/CSUTIAMC_09072025232041_BRSR.pdf
JSW HOLDINGS LIMITED,https://nsearchives.nseindia.com/corporate/JSWHL_09072025230645_BRSR2025signed.pdf
NAVIN FLUORINE INTERNATIONAL LIMITED,https://nsearchives.nseindia.com/corporate/NAVINFLUOR_09072025230806_NFIL-IntimationBRSR-2025__2_.pdf
LAXMI ORGANIC INDUSTRIES LIMITED,https://nsearchives.nseindia.com/corporate/LXCHEM_09072025225429_Intimation_-_BRSR_2025.pdf
SKF INDIA LIMITED,https://nsearchives.nseindia.com/corporate/SKFINDIA23_09072025225339_NSE.pdf
CHOLAMANDALAM INVESTMENT AND FINANCE COMPANY LIMITED,https://nsearchives.nseindia.com/corporate/lakshmits_09072025215619_SE_Intimation_BRSR_FY2025.pdf
GREENLAM INDUSTRIES LIMITED,https://nsearchives.nseindia.com/corporate/GREENLAMRB_09072025213556_BRSR2025.pdf
BLISS GVS PHARMA LIMITED,https://nsearchives.nseindia.com/corporate/BLISSGVS_09072025204157_Intimation_of_BRSR.pdf
STEELCAST LIMITED,https://nsearchives.nseindia.com/corporate/STEELCAS_09072025200658_MergedBRSRReport202425.pdf
WELSPUN CORP LIMITED,https://nsearchives.nseindia.com/corporate/WELCORP_09072025182529_SEBRSR.pdf
DABUR INDIA LIMITED,https://nsearchives.nseindia.com/corporate/DABURIN_09072025181752_FBRSR.pdf
VISAKA INDUSTRIES LIMITED,https://nsearchives.nseindia.com/corporate/VISAKAIND_09072025175104_BRSR_to_Stock_Exchange__signed.pdf
SUPREME PETROCHEM LIMITED,https://nsearchives.nseindia.com/corporate/FINIAN_09072025161147_BRSR_Annual_Report_2024-25_BSE_NSE_DSC.pdf
SYMPHONY LIMITED,https://nsearchives.nseindia.com/corporate/SYMPHONY_09072025143937_BRSR_SE_Letter.pdf
GMM PFAUDLER LIMITED,https://nsearchives.nseindia.com/corporate/GMMPFAUDLR_08072025213839_GMM_BRSR_FY25.pdf
AVADH SUGAR & ENERGY LIMITED,https://nsearchives.nseindia.com/corporate/AVADHSUGAR_08072025210838_ASEL_BRSR2425.pdf
PRECISION CAMSHAFTS LIMITED,https://nsearchives.nseindia.com/corporate/PRECAMS_08072025200047_SE_Intimation_BRSR_24-25.pdf
ADANI ENERGY SOLUTIONS LIMITED,https://nsearchives.nseindia.com/corporate/ADANITRANS_08072025191234_BRSR.pdf
GOCL CORPORATION LIMITED,https://nsearchives.nseindia.com/corporate/GULFCORP_08072025183605_IntimationBRSR2025Signed.pdf
RISHABH INSTRUMENTS LIMITED,https://nsearchives.nseindia.com/corporate/RISHABH_08072025180808_RIL_BRSR_2024-25_Executed.pdf
THE GREAT EASTERN SHIPPING COMPANY LIMITED,https://nsearchives.nseindia.com/corporate/GESHIP_08072025175532_BRSR.pdf
FIEM INDUSTRIES LIMITED,https://nsearchives.nseindia.com/corporate/FIEMIND_08072025170552_FIEMINDBRSRFY2025.pdf
SUMITOMO CHEMICAL INDIA LIMITED,https://nsearchives.nseindia.com/corporate/SUMICHEM_08072025170341_BRSR.pdf
APOLLO TYRES LIMITED,https://nsearchives.nseindia.com/corporate/APOLLOTYRE1_08072025162747_intimationbrsr.pdf
SAFARI INDUSTRIES (INDIA) LIMITED,https://nsearchives.nseindia.com/corporate/SAFARI_08072025155826_AGMNOTICEAR.pdf
SHRIRAM PISTONS & RINGS LIMITED,https://nsearchives.nseindia.com/corporate/SHRIPISTON_08072025160400_BRSR2025SHRIRAMPISTONS.pdf
BOSCH LIMITED,https://nsearchives.nseindia.com/corporate/BOSCHLTD2024_08072025154647_LettertoSEBRSR2025.pdf
REDINGTON LIMITED,https://nsearchives.nseindia.com/corporate/Abhinandhanan_08072025123130_BRSR_Final__1_.pdf
POONAWALLA FINCORP LIMITED,https://nsearchives.nseindia.com/corporate/TUSHARPOONAWALLA_08072025003016_PFL_BRSR.pdf
TIPS MUSIC LIMITED,https://nsearchives.nseindia.com/corporate/TIPSINDLTD_07072025183640_TIPSMUSICbrsrP.pdf
ZYDUS WELLNESS LIMITED,https://nsearchives.nseindia.com/corporate/ZYDUSWELL_07072025192429_SEintimationBRSR.pdf
CENTRAL BANK OF INDIA,https://nsearchives.nseindia.com/corporate/CENTRALBK_07072025191101_Final_SE_BRSR.pdf
ADITYA BIRLA REAL ESTATE LIMITED,https://nsearchives.nseindia.com/corporate/CENTURYTEX_07072025190118_FinalBRSR.pdf
IFB INDUSTRIES LIMITED,https://nsearchives.nseindia.com/corporate/IFBIND_07072025175607_BRSR_Intimation.pdf
INDIAN METALS & FERRO ALLOYS LIMITED,https://nsearchives.nseindia.com/corporate/IMFA_07072025180748_IMFA_BRSR_2425.pdf
ADITYA BIRLA SUN LIFE AMC LIMITED,https://nsearchives.nseindia.com/corporate/ABSLAMC_07072025180651_Aditya_Birla_Sun_Life_AMC_2024-25_BRSR.pdf
TCPL PACKAGING LIMITED,https://nsearchives.nseindia.com/corporate/TCPLPACK_07072025175245_BRSR.pdf
KEI INDUSTRIES LIMITED,https://nsearchives.nseindia.com/corporate/KEI_07072025173957_BRSRDSC.pdf
BF INVESTMENT LIMITED,https://nsearchives.nseindia.com/corporate/BFINVEST_07072025173612_Intimation_BFIL_BRSR_2025.pdf
HDFC LIFE INSURANCE COMPANY LIMITED,https://nsearchives.nseindia.com/corporate/PRASAD_07072025171031_BRSR.pdf
GRAPHITE INDIA LIMITED,https://nsearchives.nseindia.com/corporate/GILKOLKATA_07072025163955_SEGILBRSR20250707.pdf
ASK AUTOMOTIVE LIMITED,https://nsearchives.nseindia.com/corporate/8448091598_07072025163453_BRSR_File_mergedSD.pdf
ARTEMIS MEDICARE SERVICES LIMITED,https://nsearchives.nseindia.com/corporate/ARTEMISMED_07072025140402_Disclosure_BRSR_Report.pdf
INDIAN HUME PIPE COMPANY LIMITED,https://nsearchives.nseindia.com/corporate/SHARES_07072025130905_SUBMISSIONBRSRREPORT2025.pdf
SONATA SOFTWARE LIMITED,https://nsearchives.nseindia.com/corporate/k_vivek_sonata-software_com_07072025130350_Sefilingbrsr.pdf
BIRLANU LIMITED,https://nsearchives.nseindia.com/corporate/HIL_07072025121841_BRSR25dated07072025signed.pdf
NESCO LIMITED,https://nsearchives.nseindia.com/corporate/NESCONSE_07072025100323_BRSR202425.pdf
PUNJAB CHEMICALS & CROP PROTECTION LIMITED,https://nsearchives.nseindia.com/corporate/PUNJAB_05072025223253_BRSRReport.pdf
IDFC FIRST BANK LIMITED,https://nsearchives.nseindia.com/corporate/IDFCFIRSTB_05072025220730_SE_Intimation_BRSR.pdf
CREDITACCESS GRAMEEN LIMITED,https://nsearchives.nseindia.com/corporate/CREDITACC_05072025220638_CAGL_BRSRReport_05072025.pdf
PRIVI SPECIALITY CHEMICALS LIMITED,https://nsearchives.nseindia.com/corporate/FAIRCHEMDP_05072025202124_LettertoBSEandNSEBRSRSigned.pdf
THYROCARE TECHNOLOGIES LIMITED,https://nsearchives.nseindia.com/corporate/THYROCARE_05072025200633_SE_BRSR.pdf
DEVYANI INTERNATIONAL LIMITED,https://nsearchives.nseindia.com/corporate/DEVYANI_05072025184646_BRSR.pdf
ICRA LIMITED,https://nsearchives.nseindia.com/corporate/ICRA_05072025165923_BSER342f05072025.pdf
ASTEC LIFESCIENCES LIMITED,https://nsearchives.nseindia.com/corporate/ASTEC_05072025170148_BSENSEBRSR31032025.pdf
DHANUKA AGRITECH LIMITED,https://nsearchives.nseindia.com/corporate/DHANUKA_05072025163313_BRSR.pdf
TRANSPORT CORPORATION OF INDIA LIMITED,https://nsearchives.nseindia.com/corporate/ak_bansal_tcil_com_05072025161409_TCILLETTERBRSRFY2024-25.pdf
KIRLOSKAR BROTHERS LIMITED,https://nsearchives.nseindia.com/corporate/KIRLOSBROS_05072025161231_BusinessResponsibilityAndSustainabilityReport.pdf
THERMAX LIMITED,https://nsearchives.nseindia.com/corporate/THERMAXNSE_05072025160145_SEIntimationBRSR2024-25.pdf
BOROSIL LIMITED,https://nsearchives.nseindia.com/corporate/SIDBOROLTD_05072025155458_Borosil_Limited_-_BRSR_-_FY_2024-25.pdf
MAX HEALTHCARE INSTITUTE LIMITED,https://nsearchives.nseindia.com/corporate/MAXHEALTH_05072025101359_SE_Intimation_BRSR.pdf
TUBE INVESTMENTS OF INDIA LIMITED,https://nsearchives.nseindia.com/corporate/TIINDIA_04072025232433_TIINSEAR2025BRSR.pdf
NEULAND LABORATORIES LIMITED,https://nsearchives.nseindia.com/corporate/NEULANDLAB_04072025203241_NeulandBRSR_FY25.pdf
OBEROI REALTY LIMITED,https://nsearchives.nseindia.com/corporate/OBEROIRLTY_04072025193716_Business_Responsibility_and_sustainability_report.pdf
IDEAFORGE TECHNOLOGY LIMITED,https://nsearchives.nseindia.com/corporate/IDEAFORGE_04072025193514_Intimation_to_SE_BRSR_24-25.pdf
VOLTAMP TRANSFORMERS LIMITED,https://nsearchives.nseindia.com/corporate/VOLTAMP_04072025193510_BRSR_FY202425.pdf
SUN PHARMACEUTICAL INDUSTRIES LIMITED,https://nsearchives.nseindia.com/corporate/SUNSEC_04072025192506_BRSRwithnote.pdf
BALKRISHNA INDUSTRIES LIMITED,https://nsearchives.nseindia.com/corporate/BALKRISIND_04072025192357_BRSRnewfsigned.pdf
GREAVES COTTON LIMITED,https://nsearchives.nseindia.com/corporate/GREAVESCOT_04072025190603_BRSR_Intimation.pdf
JK CEMENT LIMITED,https://nsearchives.nseindia.com/corporate/JKCEMENT_04072025181554_BRSR_Report.pdf
GODREJ PROPERTIES LIMITED,https://nsearchives.nseindia.com/corporate/GODREJPROP_04072025183109_SEIntimationBRSR.pdf
PIX TRANSMISSIONS LIMITED,https://nsearchives.nseindia.com/corporate/SHYBUV_04072025183842_UPLOAD_BRSR_2025.pdf
TORRENT PHARMACEUTICALS LIMITED,https://nsearchives.nseindia.com/corporate/TORNTPHARM_04072025183426_brsrintimation.pdf
SHANTHI GEARS LIMITED,https://nsearchives.nseindia.com/corporate/SHANTIGEAR_04072025174513_BRSR.pdf
HAPPIEST MINDS TECHNOLOGIES LIMITED,https://nsearchives.nseindia.com/corporate/suhask_04072025164529_HappiestMindsBRSR04072025.pdf
ALEMBIC LIMITED,https://nsearchives.nseindia.com/corporate/ALEMBICLTD_04072025155758_SE_Intimation__Submission_of_BRSR_Report.pdf
THANGAMAYIL JEWELLERY LIMITED,https://nsearchives.nseindia.com/corporate/THANGAMAYL_04072025151745_brsr2025.pdf
PRUDENT CORPORATE ADVISORY SERVICES LIMITED,https://nsearchives.nseindia.com/corporate/PRUDENT9992_04072025145526_IntimationBRSR.pdf
INNOVA CAPTAB LIMITED,https://nsearchives.nseindia.com/corporate/INNOVACAPTAB_04072025143935_Intimation_BRSR_signed.pdf
V-MART RETAIL LIMITED,https://nsearchives.nseindia.com/corporate/VMART_04072025140751_FinalBRSR.pdf
HERITAGE FOODS LIMITED,https://nsearchives.nseindia.com/corporate/HERITGFOOD_04072025121642_BRSR_25.pdf
TATA INVESTMENT CORPORATION LIMITED,https://nsearchives.nseindia.com/corporate/TATAINVEST_04072025114536_TICL_BRSR.pdf
CAPACITE INFRAPROJECTS LIMITED,https://nsearchives.nseindia.com/corporate/CAPACITE_04072025113750_IntimationBRSR25.pdf
JSW STEEL LIMITED,https://nsearchives.nseindia.com/corporate/jessydenny_04072025105546_BRSR.pdf
UNICHEM LABORATORIES LIMITED,https://nsearchives.nseindia.com/corporate/UNICHEMLAB_04072025092919_BRSR_ULL.pdf
ORIENT ELECTRIC LIMITED,https://nsearchives.nseindia.com/corporate/OEL_03072025221106_BRSRIntimation2425.pdf
INFOSYS LIMITED,https://nsearchives.nseindia.com/corporate/Infosys_03072025215225_Infosys_Integrated_Annual_Report_2024-25.pdf
GRP LIMITED,https://nsearchives.nseindia.com/corporate/GRPLTD_03072025195434_BRSR_24-25.pdf
DOLLAR INDUSTRIES LIMITED,https://nsearchives.nseindia.com/corporate/DOLLAR_03072025194217_BRSR_pdf.pdf
ADVANCED ENZYME TECHNOLOGIES LIMITED,https://nsearchives.nseindia.com/corporate/AETL_03072025194001_BRSR.pdf
GEOJIT FINANCIAL SERVICES LIMITED,https://nsearchives.nseindia.com/corporate/MEGHAGEOJIT_03072025190355_BRSR_2025.pdf
NELCAST LIMITED,https://nsearchives.nseindia.com/corporate/NELCAST1_03072025183422_NelcastBRSR202425SE.pdf
INDIA SHELTER FINANCE CORPORATION LIMITED,https://nsearchives.nseindia.com/corporate/ISFC2010_03072025182327_Intimation_BRSR_FY_2024_25.pdf
UPL LIMITED,https://nsearchives.nseindia.com/corporate/UPL_03072025175450_BRSRintimation.pdf
MAHINDRA LIFESPACE DEVELOPERS LIMITED,https://nsearchives.nseindia.com/corporate/MAHLIFE1_03072025171553_IntimationBRSR.pdf
SUTLEJ TEXTILES AND INDUSTRIES LIMITED,https://nsearchives.nseindia.com/corporate/SUTLEJTEX_03072025162456_STILBRSR_Report2024-25.pdf
BAJAJ FINSERV LIMITED,https://nsearchives.nseindia.com/corporate/walimbelk_03072025161506_BRSRIntimationSD.pdf
SOBHA LIMITED,https://nsearchives.nseindia.com/corporate/SOBHA_03072025120319_BRSR_2025.pdf
CG POWER AND INDUSTRIAL SOLUTIONS LIMITED,https://nsearchives.nseindia.com/corporate/CGPOWER_03072025103749_Disclosure_BRSR_2024_25.pdf
COROMANDEL INTERNATIONAL LIMITED,https://nsearchives.nseindia.com/corporate/COROMANDELINT_02072025223937_CIL_letter_SD.pdf
C.E. INFO SYSTEMS LIMITED,https://nsearchives.nseindia.com/corporate/MAPMYINDIA_02072025211540_MMI_BRSR_FY25.pdf
ERIS LIFESCIENCES LIMITED,https://nsearchives.nseindia.com/corporate/ERIS_02072025194252_BRSRsigned.pdf
INTELLECT DESIGN ARENA LIMITED,https://nsearchives.nseindia.com/corporate/INTELLECT_02072025192356_BRSR02072025.pdf
AKZO NOBEL INDIA LIMITED,https://nsearchives.nseindia.com/corporate/AKZOINDIA_02072025182012_AkzoIndiaBRSR_2025toSEs.pdf
AUTOMOTIVE STAMPINGS AND ASSEMBLIES LIMITED,https://nsearchives.nseindia.com/corporate/ASAL_02072025171736_BRSRIntimation.pdf
PIRAMAL PHARMA LIMITED,https://nsearchives.nseindia.com/corporate/pratibhamishra_02072025154622_BRSRFY2025.pdf
EXIDE INDUSTRIES LIMITED,https://nsearchives.nseindia.com/corporate/EXIDEIND_02072025154650_FinalSEANNUALREPORT_signed.pdf
PUNJAB NATIONAL BANK,https://nsearchives.nseindia.com/corporate/pnb2_02072025154327_Intimation_BRSR_2025_04062025_DS.pdf
MIRZA INTERNATIONAL LIMITED,https://nsearchives.nseindia.com/corporate/MIRZAINT_02072025152530_Letter_to_SE_BRSR_02072025.pdf
PDS LIMITED,https://nsearchives.nseindia.com/corporate/PDSL_02072025152304_Ltr_BRSR_01072025.pdf
GRINDWELL NORTON LIMITED,https://nsearchives.nseindia.com/corporate/GRINDWELL_02072025122043_BRSR_GNO_SE_signed.pdf
TCI EXPRESS LIMITED,https://nsearchives.nseindia.com/corporate/TCIEXP_02072025001446_BRSR2025.pdf
BAJAJ FINANCE LIMITED,https://nsearchives.nseindia.com/corporate/BAJFINANCE_02072025000329_SE_BRSR_Upload.pdf
TANLA PLATFORMS LIMITED,https://nsearchives.nseindia.com/corporate/TANLA_01072025235855_Tanla_2025_BRSR_signed.pdf
HAPPY FORGINGS LIMITED,https://nsearchives.nseindia.com/corporate/9876964720_01072025205526_BRSR.pdf
MPHASIS LIMITED,https://nsearchives.nseindia.com/corporate/MPHASIS_01072025191435_SubmissionofBRSR2025.pdf
INDO RAMA SYNTHETICS (INDIA) LIMITED,https://nsearchives.nseindia.com/corporate/INDORAMA_01072025190419_BRSR_Letter_SE_01072025.pdf
FIRSTSOURCE SOLUTIONS LIMITED,https://nsearchives.nseindia.com/corporate/FSL_01072025185250_BRSR_2024-2025.pdf
ZENSAR TECHNOLOGIES LIMITED,https://nsearchives.nseindia.com/corporate/ZENSARTECH_01072025182313_SEIntimationBRSRF.pdf
AKUMS DRUGS AND PHARMACEUTICALS LIMITED,https://nsearchives.nseindia.com/corporate/NSEAKUMS10_01072025175306_AKUMSBRSRFY2425SIGNED.pdf
VST INDUSTRIES LIMITED,https://nsearchives.nseindia.com/corporate/VSTIND_01072025164438_SEBRSR.pdf
APCOTEX INDUSTRIES LIMITED,https://nsearchives.nseindia.com/corporate/APCOTEXIND_01072025151257_BRSR_FY_2024-25.pdf
MAHARASHTRA SCOOTERS LIMITED,https://nsearchives.nseindia.com/corporate/MAHSCOOTER_01072025144724_SignedMSBRSRFinalintimation.pdf
SONA BLW PRECISION FORGINGS LIMITED,https://nsearchives.nseindia.com/corporate/SONACOMS_01072025142955_BRSR.pdf
K.P.R. MILL LIMITED,https://nsearchives.nseindia.com/corporate/KPRMILL_01072025115107_BRSR31032025.pdf
BAJAJ HOUSING FINANCE LIMITED,https://nsearchives.nseindia.com/corporate/BHFL_30062025215407_BRSR_Signed.pdf
FUSION FINANCE LIMITED,https://nsearchives.nseindia.com/corporate/FUSIONHO_30062025211756_STXIntimationBRSRUpload.pdf
PEARL GLOBAL INDUSTRIES LIMITED,https://nsearchives.nseindia.com/corporate/PGIL_30062025203544_BRSR.pdf
NUVOCO VISTAS CORPORATION LIMITED,https://nsearchives.nseindia.com/corporate/NUVOCO_30062025202507_Cover_Page_-_Intimation_BRSR.pdf
AFCONS INFRASTRUCTURE LIMITED,https://nsearchives.nseindia.com/corporate/AFCONS_30062025201049_Afcons_Intimation_BRSRFY202425_dated30062025.pdf
MAHINDRA HOLIDAYS & RESORTS INDIA LIMITED,https://nsearchives.nseindia.com/corporate/MHRIL_30062025200225_SE_Intimation_BRSR_signed.pdf
DR. REDDY'S LABORATORIES LIMITED,https://nsearchives.nseindia.com/corporate/DRREDDY_30062025181450_BRSRfy2025.pdf
XPRO INDIA LIMITED,https://nsearchives.nseindia.com/corporate/XPROINDIASKD_30062025174523_BRSR_30062025.pdf
ORIENTAL HOTELS LIMITED,https://nsearchives.nseindia.com/corporate/TAJORIENTAL_30062025173653_SE_BRSR.pdf
KIRLOSKAR PNEUMATIC COMPANY LIMITED,https://nsearchives.nseindia.com/corporate/truneshgujar_30062025172441_KPCL-BRSR__SE_.pdf
TATA CONSULTANCY SERVICES LIMITED,https://nsearchives.nseindia.com/corporate/TCS_CORPCS_30062025164004_BRSR-2024-25.pdf
SUNDARAM FINANCE HOLDINGS LIMITED,https://nsearchives.nseindia.com/corporate/SUNDARMHLD_30062025152720_SFHLBRSR202425.pdf
JOHNSON CONTROLS - HITACHI AIR CONDITIONING INDIA LIMITED,https://nsearchives.nseindia.com/corporate/JCHAC_30062025152703_BRSR202425.pdf
PFIZER LIMITED,https://nsearchives.nseindia.com/corporate/PFIZER_29062025231317_Stock_Exchange_intimation_BRSR_2024-25_.pdf
WENDT (INDIA) LIMITED,https://nsearchives.nseindia.com/corporate/WENDT_29062025004850_ar_intimation_sd.pdf
MAHINDRA & MAHINDRA LIMITED,https://nsearchives.nseindia.com/corporate/Shree_28062025234543_MMAnnual_ReportFY2025_1.pdf
BUTTERFLY GANDHIMATHI APPLIANCES LIMITED,https://nsearchives.nseindia.com/corporate/BUTTERFLY_28062025223645_SEIntimationnoticeofAGM.pdf
SYNGENE INTERNATIONAL LIMITED,https://nsearchives.nseindia.com/corporate/SYNGENE3_28062025222529_IntimationofBRSRFY2025SE.pdf
ANANT RAJ LIMITED,https://nsearchives.nseindia.com/corporate/ANANTRAJ_28062025221947_BRSR_28062025.pdf
MUTHOOT MICROFIN LIMITED,https://nsearchives.nseindia.com/corporate/muthootmicrofin_28062025215220_BRSRMarch2025.pdf
TEJAS NETWORKS LIMITED,https://nsearchives.nseindia.com/corporate/TEJASNET_28062025214409_brsr.pdf
CONTROL PRINT LIMITED,https://nsearchives.nseindia.com/corporate/CONTROLPR_27062025230131_Control_Print_BRSR_2024-25__individual_.pdf
SOLAR INDUSTRIES INDIA LIMITED,https://nsearchives.nseindia.com/corporate/SOLARINDS_27062025215740_SignedBRSR2025.pdf
SUNDARAM FINANCE LIMITED,https://nsearchives.nseindia.com/corporate/SUNDARMFIN_27062025200618_BRSR_PDF.pdf
ORACLE FINANCIAL SERVICES SOFTWARE LIMITED,https://nsearchives.nseindia.com/corporate/OFSS_27062025192716_OFSSLettertoSEBRSR2025.pdf
TTK HEALTHCARE LIMITED,https://nsearchives.nseindia.com/corporate/TTKHCSECL_27062025184242_SE_Intimation_-_BRSR.pdf
AWL AGRI BUSINESS LIMITED,https://nsearchives.nseindia.com/corporate/AWL_27062025182112_BRSR_FY25.pdf
LATENT VIEW ANALYTICS LIMITED,https://nsearchives.nseindia.com/corporate/LATENTVIEW_27062025170959_SEintimationwithBRSRSigned.pdf
TATA CONSUMER PRODUCTS LIMITED,https://nsearchives.nseindia.com/corporate/Sukhvinder_27062025163639_BRSR.pdf
TITAN COMPANY LIMITED,https://nsearchives.nseindia.com/corporate/TITAN_27062025154702_SEnoticeofbrsr.pdf
ITC LIMITED,https://nsearchives.nseindia.com/corporate/ITC_27062025154418_SE_BRSR_.pdf
NESTLE INDIA LIMITED,https://nsearchives.nseindia.com/corporate/NESTLEIND1_27062025152549_Nestle_India_BRSR.pdf
BANARAS BEADS LIMITED,https://nsearchives.nseindia.com/corporate/BANARBEADS_27062025134627_Businessresponsibility.pdf
MAHINDRA & MAHINDRA FINANCIAL SERVICES LIMITED,https://nsearchives.nseindia.com/corporate/M_MFIN_27062025132005_MMFSL_BRSR_Intimation.pdf
AXIS BANK LIMITED,https://nsearchives.nseindia.com/corporate/AXISBANK1_27062025105124_SEBRSRSignedFinal.pdf
R R KABEL LIMITED,https://nsearchives.nseindia.com/corporate/RRKL1995_27062025014143_Intimation_-_BRSR.pdf
CRAFTSMAN AUTOMATION LIMITED,https://nsearchives.nseindia.com/corporate/CRAFTSMAN_26062025190420_BRSR_SEIntimation2025signed.pdf
NEWGEN SOFTWARE TECHNOLOGIES LIMITED,https://nsearchives.nseindia.com/corporate/NEWGEN2_26062025185453_BRSR.pdf
COLGATE PALMOLIVE (INDIA) LIMITED,https://nsearchives.nseindia.com/corporate/CPIL_26062025171902_SE_Intimation_-_BRSR_2025__1_.pdf
THIRUMALAI CHEMICALS LIMITED,https://nsearchives.nseindia.com/corporate/TIRUMALCHM1_26062025165741_TCL_BRSR_SE_Intimation.pdf
SUNDRAM FASTENERS LIMITED,https://nsearchives.nseindia.com/corporate/SUNDRMFAST_26062025164134_SFLSELetterBRSR2025.pdf
REFEX INDUSTRIES LIMITED,https://nsearchives.nseindia.com/corporate/REFEX2002_26062025125717_RIL_23rdAGM_BRSR_sd.pdf
GHCL LIMITED,https://nsearchives.nseindia.com/corporate/GHCL_25062025230117_GHCL_BRSR_Report2025.pdf
NIPPON LIFE INDIA ASSET MANAGEMENT LIMITED,https://nsearchives.nseindia.com/corporate/RNLAM_25062025184442_Intimationletter_BRSR_Final.pdf
DALMIA BHARAT LIMITED,https://nsearchives.nseindia.com/corporate/DALBHARAT_25062025175835_Finalbrsr2025signed.pdf
GLAXOSMITHKLINE PHARMACEUTICALS LIMITED,https://nsearchives.nseindia.com/corporate/GLAXO1924_25062025171749_BRSR_2024-25.pdf
IDBI BANK LIMITED,https://nsearchives.nseindia.com/corporate/MANESHJ_25062025140132_SE_BRSR_25062025.PDF
PERSISTENT SYSTEMS LIMITED,https://nsearchives.nseindia.com/corporate/PERSISTENTUSER1_25062025134906_PSLBusinessResponsibilityandSustainabilityReport2025signed.pdf
MAHINDRA EPC IRRIGATION LIMITED,https://nsearchives.nseindia.com/corporate/MAHEPC_24062025225931_Coveringsd.pdf
IIFL FINANCE LIMITED,https://nsearchives.nseindia.com/corporate/IIFL_24062025213005_SEInitmation.pdf
TATA STEEL LIMITED,https://nsearchives.nseindia.com/corporate/SAKSHIKAPUR_24062025185013_fy25-integratedreport.pdf
MAHINDRA LOGISTICS LIMITED,https://nsearchives.nseindia.com/corporate/MAHLOG24_24062025180141_SEintimationBRSR2025Signed.pdf
SHRIRAM FINANCE LIMITED,https://nsearchives.nseindia.com/corporate/Mathew_24062025173114_NSEBSE24062025BRSR.pdf
KANSAI NEROLAC PAINTS LIMITED,https://nsearchives.nseindia.com/corporate/KANSAINER_24062025162719_SEintimationofBRSR_Signed__1_.pdf
KABRA EXTRUSION TECHNIK LIMITED,https://nsearchives.nseindia.com/corporate/KABRAEXTRU_24062025170924_BRSR202425.pdf
NILKAMAL LIMITED,https://nsearchives.nseindia.com/corporate/NILKAMAL_24062025162539_Letter_BRSR.pdf
SHOPPERS STOP LIMITED,https://nsearchives.nseindia.com/corporate/SHOPERSTOP_24062025161850_BSRSDisclosure_Signed_230625.pdf
SHEELA FOAM LIMITED,https://nsearchives.nseindia.com/corporate/SFL_24062025150614_BRSR.pdf
RPG LIFE SCIENCES LIMITED,https://nsearchives.nseindia.com/corporate/RPGLIFE_24062025134810_CLBRSR.pdf
ONWARD TECHNOLOGIES LIMITED,https://nsearchives.nseindia.com/corporate/MD11015_24062025133210_BRSR_Report.pdf
TATA CHEMICALS LIMITED,https://nsearchives.nseindia.com/corporate/TATACHEMYS_24062025123338_Tata_Chemicals_BRSRfinal.pdf
ASIAN PAINTS LIMITED,https://nsearchives.nseindia.com/corporate/ASIANPAINT_24062025100951_BRSRIntimation03062025signed.pdf
TECH MAHINDRA LIMITED,https://nsearchives.nseindia.com/corporate/Apekshakhemka_23062025234552_StockExchangeIntimationBRSR_S.pdf
MOTILAL OSWAL FINANCIAL SERVICES LIMITED,https://nsearchives.nseindia.com/corporate/MOTILALOFS_23062025202533_MOFSL_BRSR_FY_2024_2025_signed.pdf
WHEELS INDIA LIMITED,https://nsearchives.nseindia.com/corporate/WHEELS_23062025202323_BRSR_2024-25.pdf
ADOR WELDING LIMITED,https://nsearchives.nseindia.com/corporate/ADORWELD_23062025192445_Reg34_2__f_.pdf
KESORAM INDUSTRIES LIMITED,https://nsearchives.nseindia.com/corporate/KESORAMIND_23062025192307_kesoramIndustries2025BRSR.pdf
CANARA BANK,https://nsearchives.nseindia.com/corporate/CANBK_23062025155557_BRSR1533.pdf
JSW INFRASTRUCTURE LIMITED,https://nsearchives.nseindia.com/corporate/GAZAL786_23062025142536_SEBRSR_Report.pdf
ADANI TOTAL GAS LIMITED,https://nsearchives.nseindia.com/corporate/ATGL2024_22062025171836_ATGL_BRSR_2024-25.pdf
NEW DELHI TELEVISION LIMITED,https://nsearchives.nseindia.com/corporate/NDTV_22062025104542_BRSR_2025.pdf
WIPRO LIMITED,https://nsearchives.nseindia.com/corporate/Cslogin_21062025131200_SEIntimationBRSRFY25.pdf
CERA SANITARYWARE LIMITED,https://nsearchives.nseindia.com/corporate/CERA_20062025200416_CERABRSR202520062025s.pdf
ICICI LOMBARD GENERAL INSURANCE COMPANY LIMITED,https://nsearchives.nseindia.com/corporate/ICICIGI_20062025194722_BRSRPDF.pdf
ADITYA VISION LIMITED,https://nsearchives.nseindia.com/corporate/ADITYAVISION_20062025190425_FinalBRSRuploadFY202425.pdf
ESCORTS KUBOTA LIMITED,https://nsearchives.nseindia.com/corporate/ESCORTS2_20062025183053_EKL_2025_06_20_BRSR_Signed.pdf
DR. LAL PATH LABS LTD.,https://nsearchives.nseindia.com/corporate/LALPATHLAB_20062025180522_BRSR2025.pdf
DODLA DAIRY LIMITED,https://nsearchives.nseindia.com/corporate/DODLA_20062025155151_BRSR2025.pdf
ICICI PRUDENTIAL LIFE INSURANCE COMPANY LIMITED,https://nsearchives.nseindia.com/corporate/ICICIPRULI_20062025125244_BRSR_FY2025.pdf
ORIENT GREEN POWER COMPANY LIMITED,https://nsearchives.nseindia.com/corporate/GREENPOWER_20062025105739_SEIntimationBRSR.pdf
CIPLA LIMITED,https://nsearchives.nseindia.com/corporate/CIPLA_19062025212416_BRSRFY25SEIntimation_signed.pdf
S.J.S. ENTERPRISES LIMITED,https://nsearchives.nseindia.com/corporate/SJS_19062025191031_BRSRSEfiling.pdf
SWARAJ ENGINES LIMITED,https://nsearchives.nseindia.com/corporate/SWARAJENG_19062025173124_SELAGMNoticeAndAnnualReportFY2425.pdf
TATA MOTORS LIMITED,https://nsearchives.nseindia.com/corporate/TATAMOTORSSJS_19062025141650_NSEBSELETTERBRSR.pdf
TATA ELXSI LIMITED,https://nsearchives.nseindia.com/corporate/TELNSE_19062025144340_TELBRSRFY25.pdf
PIRAMAL ENTERPRISES LIMITED,https://nsearchives.nseindia.com/corporate/PEL_19062025143414_BRSR_Report.pdf
INDIAN OVERSEAS BANK,https://nsearchives.nseindia.com/corporate/IOB_19062025130224_BRSR2425.pdf
JSW ENERGY LIMITED,https://nsearchives.nseindia.com/corporate/RITESHJSWEL_19062025113051_LetterBRSRfiled.pdf
VEDANTA LIMITED,https://nsearchives.nseindia.com/corporate/VEDL_19062025105048_VEDLSEIntimationBRSRwithAssurancesigned.pdf
CROMPTON GREAVES CONSUMER ELECTRICALS LIMITED,https://nsearchives.nseindia.com/corporate/Crompton123_18062025225751_SEIntimationforAnnualReportdispatch_1.pdf
ADANI ENTERPRISES LIMITED,https://nsearchives.nseindia.com/corporate/nishant_joshi_adani_com_18062025225251_AELIntimationforsubmissionofBRSR.pdf
TATA TECHNOLOGIES LIMITED,https://nsearchives.nseindia.com/corporate/TTLNSE_18062025203520_Business_Responsibility_and_Sustainability_Reporting_FY_24-25.pdf
ADANI PORTS AND SPECIAL ECONOMIC ZONE LIMITED,https://nsearchives.nseindia.com/corporate/rkbhagia_18062025201753_BRSR202425.pdf
RELIANCE INDUSTRIAL INFRASTRUCTURE LIMITED,https://nsearchives.nseindia.com/corporate/mrunalvaidya_18062025200933_RIIL_BRSR_24_25.pdf
DHAMPUR BIO ORGANICS LIMITED,https://nsearchives.nseindia.com/corporate/DBOLTD_18062025200335_BRSR_DBOtoSE.pdf
SBFC FINANCE LIMITED,https://nsearchives.nseindia.com/corporate/SBFC_18062025190851_SBFCBRSR2025.pdf
AJANTA PHARMA LIMITED,https://nsearchives.nseindia.com/corporate/AJANTPHARM_19062025142808_AnnualReportFY202518062025.pdf
ALKYL AMINES CHEMICALS LIMITED,https://nsearchives.nseindia.com/corporate/ALKYLAMINE_18062025171559_BRSR_-_SE.pdf
VOLTAS LIMITED,https://nsearchives.nseindia.com/corporate/VOLTAS_RB_18062025170206_SE_Intimation_BRSR_signed.pdf
HDFC ASSET MANAGEMENT COMPANY LIMITED,https://nsearchives.nseindia.com/corporate/DEEPTI_18062025103242_NSEBSE_18_BRSR.pdf
LMW LIMITED,https://nsearchives.nseindia.com/corporate/LAXMIMACH_18062025102541_BRSRFILING18062025.pdf
SRF LIMITED,https://nsearchives.nseindia.com/corporate/ekta_maheshwari_18062025092419_CombinedBRSRF.pdf
ELECON ENGINEERING COMPANY LIMITED,https://nsearchives.nseindia.com/corporate/ELECON2_18062025090518_BRSR202425.pdf
CARE RATINGS LIMITED,https://nsearchives.nseindia.com/corporate/CARERATINGS_17062025213045_BRSRAREXTRACT.pdf
INTERNATIONAL GEMMOLOGICAL INSTITUTE (INDIA) LIMITED,https://nsearchives.nseindia.com/corporate/IGIINDIA_17062025191638_SE_BRSR_Disclosure.pdf
SANGHI INDUSTRIES LIMITED,https://nsearchives.nseindia.com/corporate/SANGHIIND_17062025172553_SILBRSR31032025.pdf
NETWORK18 MEDIA & INVESTMENTS LIMITED,https://nsearchives.nseindia.com/corporate/Shambhu_17062025155932_NW18_BRSR_2024-25.pdf
JUPITER LIFE LINE HOSPITALS LIMITED,https://nsearchives.nseindia.com/corporate/JUPITER2023_17062025153916_JLHL_BRSR_Report.pdf
DALMIA BHARAT SUGAR AND INDUSTRIES LIMITED,https://nsearchives.nseindia.com/corporate/DALMIACEM_17062025133918_Dalmia_Sugar_Annual_Report_2024-25.pdf
TATA COMMUNICATIONS LIMITED,https://nsearchives.nseindia.com/corporate/TATACOMM_16062025223319_18197B.pdf
ALEMBIC PHARMACEUTICALS LIMITED,https://nsearchives.nseindia.com/corporate/APLLTD_16062025213332_BRSR_Signed.pdf
ADANI POWER LIMITED,https://nsearchives.nseindia.com/corporate/ADANIPOWER_16062025165723_APLBRSR2025.pdf
KALPATARU PROJECTS INTERNATIONAL LIMITED,https://nsearchives.nseindia.com/corporate/KALPATPOWR_16062025153918_SEIntimation16062025BRSR.pdf
EPIGRAL LIMITED,https://nsearchives.nseindia.com/corporate/MFL_16062025121036_BRSR16062025.pdf
COMPUTER AGE MANAGEMENT SERVICES LIMITED,https://nsearchives.nseindia.com/corporate/Jaiganesh_13062025213908_CAMS_BRSR_2025.pdf
MEGHMANI ORGANICS LIMITED,https://nsearchives.nseindia.com/corporate/MOL_13062025190644_BRSR2025MOL.pdf
JAIPRAKASH POWER VENTURES LIMITED,https://nsearchives.nseindia.com/corporate/JPPOWER_13062025181446_JPVL_BRSR_2025.pdf
ACC LIMITED,https://nsearchives.nseindia.com/corporate/ACC_1_13062025170440_ACC_BRSR_2025.pdf
AMBUJA CEMENTS LIMITED,https://nsearchives.nseindia.com/corporate/AMBUJACEM_13062025164719_BRSR.pdf
RAINBOW CHILDRENS MEDICARE LIMITED,https://nsearchives.nseindia.com/corporate/RAINBOWUSER_13062025163551_BRSR.pdf
NELCO LIMITED,https://nsearchives.nseindia.com/corporate/NELCO_13062025144853_BRSR2025.pdf
THE INDIAN HOTELS COMPANY LIMITED,https://nsearchives.nseindia.com/corporate/rashna_master_tajhotels_com_13062025124150_BRSR202425.pdf
SUPREME INDUSTRIES LIMITED,https://nsearchives.nseindia.com/corporate/SUPREMEIND_13062025115535_BRSR2025.pdf
SIS LIMITED,https://nsearchives.nseindia.com/corporate/SIS_13062025002258_Intimation.pdf
HONEYWELL AUTOMATION INDIA LIMITED,https://nsearchives.nseindia.com/corporate/HONAUT_12062025180132_SEBRSR2425.pdf
HOME FIRST FINANCE COMPANY INDIA LIMITED,https://nsearchives.nseindia.com/corporate/HOMEFIRST_12062025165114_BRSRStockExchangeUploading.pdf
PILANI INVESTMENT AND INDUSTRIES CORPORATION LIMITED,https://nsearchives.nseindia.com/corporate/PILANIINVS_12062025154237_Pilani_BRSR_06062025.pdf
TRENT LIMITED,https://nsearchives.nseindia.com/corporate/TRENT_11062025215346_BRSR_FY_2024-25.pdf
TATA POWER COMPANY LIMITED,https://nsearchives.nseindia.com/corporate/VPTPCL_11062025203843_BRSR.pdf
BANK OF INDIA,https://nsearchives.nseindia.com/corporate/BANKINDIA2_11062025175035_BRSR24-25.pdf
BANK OF MAHARASHTRA,https://nsearchives.nseindia.com/corporate/MAHABANK_08062025202100_LettertoSE_BRSR_202425.pdf
ROSSARI BIOTECH LIMITED,https://nsearchives.nseindia.com/corporate/ROSSARI_18062025195003_Intimation_of_BRSR_Report.pdf
FOSECO INDIA LIMITED,https://nsearchives.nseindia.com/corporate/FOSECOIND_06062025201056_Foseco_BRSR_Report_2024.pdf
SAGAR CEMENTS LIMITED,https://nsearchives.nseindia.com/corporate/SAGCEM_06062025171703_SclNsEBsESubmissionofBRSR_2024-25.pdf
SULA VINEYARDS LIMITED,https://nsearchives.nseindia.com/corporate/SULA_16062025170818_BRSR.pdf
AVANTEL LIMITED,https://nsearchives.nseindia.com/corporate/AVANTEL_01062025143312_BRSRReport202425.pdf
INDEGENE LIMITED,https://nsearchives.nseindia.com/corporate/INDEGENE_20062025184658_BRSR.pdf
BANK OF BARODA,https://nsearchives.nseindia.com/corporate/BANKBARODA_29052025215012_SEBRSR2025.pdf
EMUDHRA LIMITED,https://nsearchives.nseindia.com/corporate/EMUDHRA2008_28052025175521_filed_BRSR.pdf
INOX INDIA LIMITED,https://nsearchives.nseindia.com/corporate/KAMLESHS_03072025151858_Reg34BRSRsigned.pdf
UCO BANK,https://nsearchives.nseindia.com/corporate/UCOBANK_27052025143212_BRSR202425.pdf
LARSEN & TOUBRO LIMITED,https://nsearchives.nseindia.com/corporate/PAM_26052025132508_BRSRFinal.pdf
INDIAN BANK,https://nsearchives.nseindia.com/corporate/INDIANB_25052025154810_SE_BRSR_FY2025.pdf
NURECA LIMITED,https://nsearchives.nseindia.com/corporate/NURECA_24052025173151_StockExchangeIntimationBRSRSigned.pdf
L&T TECHNOLOGY SERVICES LIMITED,https://nsearchives.nseindia.com/corporate/LTTS_23052025220125_BRSR_Extract.pdf
STATE BANK OF INDIA,https://nsearchives.nseindia.com/corporate/SBIN_26062025191305_mergedDSC.pdf
SESHASAYEE PAPER AND BOARDS LIMITED,https://nsearchives.nseindia.com/corporate/SESHAPAPER_22052025190643_BRSR.pdf
INDIAMART INTERMESH LIMITED,https://nsearchives.nseindia.com/corporate/INDIAMART_22052025135734_IndiaMART_BRSR_20052025.pdf
R SYSTEMS INTERNATIONAL LIMITED,https://nsearchives.nseindia.com/corporate/RSYSTEMS_20052025232933_RSYSTEMS.pdf
HIMADRI SPECIALITY CHEMICAL LIMITED,https://nsearchives.nseindia.com/corporate/HSCL_20052025173733_BRSRFY202425.pdf
SCHAEFFLER INDIA LIMITED,https://nsearchives.nseindia.com/corporate/SCHAEFFLERUSER1_20052025154927_SchaefflerIndia_BRSRReport.pdf
JINDAL SAW LIMITED,https://nsearchives.nseindia.com/corporate/JINDALSAW_20052025142417_CoveringJSAWBRSR2025.pdf
ANGEL ONE LIMITED,https://nsearchives.nseindia.com/corporate/ANGEL8896_16052025212623_IntimationforfilingofBRSR.pdf
HAVELLS INDIA LIMITED,https://nsearchives.nseindia.com/corporate/HAVELLS1_16052025200031_CoverLetter_Notice_IntegratedAR_BRSR_Core_16052025_FullVersion.pdf
ARCHEAN CHEMICAL INDUSTRIES LIMITED,https://nsearchives.nseindia.com/corporate/ARCHEAN_12052025001948_BRSRIntimation.pdf
LLOYDS METALS AND ENERGY LIMITED,https://nsearchives.nseindia.com/corporate/LLOYDSME_17062025145727_20250509_Intimation_of_BRSR.pdf
L&T FINANCE LIMITED,https://nsearchives.nseindia.com/corporate/naguiyer_09052025204807_NSEBSEINTIMATION.pdf
LTIMINDTREE LIMITED,https://nsearchives.nseindia.com/corporate/LTI_07052025122421_annualreportseintimation.pdf
TATA TELESERVICES (MAHARASHTRA) LIMITED,https://nsearchives.nseindia.com/corporate/TTML_23062025115325_TTML_532371_BRSR.pdf
GM BREWERIES LIMITED,https://nsearchives.nseindia.com/corporate/sab65d_05052025152223_BRSR.pdf
ANAND RATHI WEALTH LIMITED,https://nsearchives.nseindia.com/corporate/ANANDRATHI_19062025122326_IntimationBRSR.pdf
KSB LIMITED,https://nsearchives.nseindia.com/corporate/KSB_24042025230908_KSB_BRSR.pdf
SANOFI INDIA LIMITED,https://nsearchives.nseindia.com/corporate/COSECSANOFI_22042025212248_SanofiAR2024BRSR.pdf
TRANSFORMERS AND RECTIFIERS (INDIA) LIMITED,https://nsearchives.nseindia.com/corporate/TRIL_21042025042044_SEIntimation_BRSR.pdf
HUHTAMAKI INDIA LIMITED,https://nsearchives.nseindia.com/corporate/HUHTAMAKI_15042025125251_HIL_BRSR2024_15Apr25.pdf
VESUVIUS INDIA LIMITED,https://nsearchives.nseindia.com/corporate/VESUVIUS_14042025230424_BRSR.pdf
SANOFI CONSUMER HEALTHCARE INDIA LIMITED,https://nsearchives.nseindia.com/corporate/SANOFICONSUMER_13042025171234_SCHIL_BRSR.pdf
ABB INDIA LIMITED,https://nsearchives.nseindia.com/corporate/ABB_09042025200907_Annual_Report_2024.pdf
RAIN INDUSTRIES LIMITED,https://nsearchives.nseindia.com/corporate/RAIN_09042025150807_RainIndustriesLtdBRSRREPORTSE.pdf
CRISIL LIMITED,https://nsearchives.nseindia.com/corporate/CRISIL_04042025183902_BRSR_Report.pdf
CIE AUTOMOTIVE INDIA LIMITED,https://nsearchives.nseindia.com/corporate/Mahindracie_04042025134456_BRSR.pdf
VARUN BEVERAGES LIMITED,https://nsearchives.nseindia.com/corporate/VBL_11032025174358_VBLNoticeAR2024.pdf
CASTROL INDIA LIMITED,https://nsearchives.nseindia.com/corporate/CASTROLINDIA_25022025195909_SE_Intimation_BRSRFY2024_25022025.pdf
CYIENT LIMITED,https://nsearchives.nseindia.com/corporate/CYIENT_19022025125655_BRSR2024.pdf
SIEMENS LIMITED,https://nsearchives.nseindia.com/corporate/SIEMENS57_14012025173818_Siemens-Limited-BRSR-2024.pdf
