2026-01-27 23:12:05,614 - INFO - ============================================================
2026-01-27 23:12:05,614 - INFO - ESG METADATA FIX TOOL
2026-01-27 23:12:05,614 - INFO - ============================================================
2026-01-27 23:12:05,614 - INFO - This tool will remove 'tier' and 'industry' fields from all JSON files
2026-01-27 23:12:05,614 - INFO - ============================================================
2026-01-27 23:12:05,620 - INFO - Found 2119 JSON files to process
2026-01-27 23:12:05,660 - INFO - Backing up 2119 files...
2026-01-27 23:12:38,883 - INFO - ============================================================
2026-01-27 23:12:38,883 - INFO - [1/2119] Processing: 360_ONE_WAM_LTD_esg.json
2026-01-27 23:12:38,884 - INFO - Removed tier, industry from 360 ONE WAM LTD
2026-01-27 23:12:38,885 - INFO - [2/2119] Processing: 3i_Infotech_Ltd_esg.json
2026-01-27 23:12:38,886 - INFO - Removed tier, industry from 3i Infotech Ltd
2026-01-27 23:12:38,887 - INFO - [3/2119] Processing: 3I_INFOTECH_LTD__esg.json
2026-01-27 23:12:38,888 - INFO - Removed tier, industry from 3I INFOTECH LTD.
2026-01-27 23:12:38,890 - INFO - [4/2119] Processing: 3M_India_Ltd_esg.json
2026-01-27 23:12:38,890 - INFO - Removed tier, industry from 3M India Limited
2026-01-27 23:12:38,892 - INFO - [5/2119] Processing: 3M_INDIA_LTD__esg.json
2026-01-27 23:12:38,893 - INFO - Removed tier, industry from 3M INDIA LTD.
2026-01-27 23:12:38,894 - INFO - [6/2119] Processing: 5paisa_Capital_Ltd_esg.json
2026-01-27 23:12:38,895 - INFO - Removed tier, industry from 5paisa Capital Ltd.
2026-01-27 23:12:38,897 - INFO - [7/2119] Processing: 63_MOONS_TECHNOLOGIES_LIMITED_esg.json
2026-01-27 23:12:38,898 - INFO - Removed tier, industry from 63 MOONS TECHNOLOGIES LIMITED
2026-01-27 23:12:38,899 - INFO - [8/2119] Processing: 63_Moons_Technologies_Ltd_esg.json
2026-01-27 23:12:38,900 - INFO - Removed tier, industry from 63 Moons Technologies Ltd
2026-01-27 23:12:38,902 - INFO - [9/2119] Processing: AARTI_DRUGS_LIMITED_esg.json
2026-01-27 23:12:38,902 - INFO - Removed tier, industry from AARTI DRUGS LIMITED
2026-01-27 23:12:38,904 - INFO - [10/2119] Processing: Aarti_Drugs_Ltd_esg.json
2026-01-27 23:12:38,905 - INFO - Removed tier, industry from Aarti Drugs Ltd
2026-01-27 23:12:38,907 - INFO - [11/2119] Processing: AARTI_DRUGS_LTD__esg.json
2026-01-27 23:12:38,907 - INFO - Removed tier, industry from AARTI DRUGS LTD.
2026-01-27 23:12:38,909 - INFO - [12/2119] Processing: AARTI_INDUSTRIES_LTD__esg.json
2026-01-27 23:12:38,909 - INFO - Removed tier, industry from AARTI INDUSTRIES LTD.
2026-01-27 23:12:38,912 - INFO - [13/2119] Processing: AARTI_PHARMALABS_LIMITED_esg.json
2026-01-27 23:12:38,912 - INFO - Removed tier, industry from AARTI PHARMALABS LIMITED
2026-01-27 23:12:38,914 - INFO - [14/2119] Processing: Aarti_Pharmalabs_Ltd_esg.json
2026-01-27 23:12:38,915 - INFO - Removed tier, industry from Aarti Pharmalabs Ltd
2026-01-27 23:12:38,916 - INFO - [15/2119] Processing: AAVAS_Financiers_Ltd_esg.json
2026-01-27 23:12:38,917 - INFO - Removed tier, industry from AAVAS Financiers Ltd
2026-01-27 23:12:38,918 - INFO - [16/2119] Processing: Abans_Financial_Services_Ltd_esg.json
2026-01-27 23:12:38,919 - INFO - Removed tier, industry from Abans Financial Services Ltd
2026-01-27 23:12:38,921 - INFO - [17/2119] Processing: Abbott_India_Ltd_esg.json
2026-01-27 23:12:38,921 - INFO - Removed tier, industry from Abbott India Ltd
2026-01-27 23:12:38,923 - INFO - [18/2119] Processing: ABBOTT_INDIA_LTD__esg.json
2026-01-27 23:12:38,923 - INFO - Removed tier, industry from ABBOTT INDIA LTD.
2026-01-27 23:12:38,925 - INFO - [19/2119] Processing: ABB_India_Limited_esg.json
2026-01-27 23:12:38,925 - INFO - Removed tier, industry from ABB India Limited
2026-01-27 23:12:38,927 - INFO - [20/2119] Processing: ACCELYA_SOLUTIONS_INDIA_LIMITED_esg.json
2026-01-27 23:12:38,927 - INFO - Removed tier, industry from ACCELYA SOLUTIONS INDIA LIMITED
2026-01-27 23:12:38,929 - INFO - [21/2119] Processing: Accelya_Solutions_India_Ltd_esg.json
2026-01-27 23:12:38,930 - INFO - Removed tier, industry from Accelya Solutions India Ltd
2026-01-27 23:12:38,932 - INFO - [22/2119] Processing: ACC_Ltd_esg.json
2026-01-27 23:12:38,932 - INFO - Removed tier, industry from ACC Ltd
2026-01-27 23:12:38,934 - INFO - [23/2119] Processing: ACC_LTD__esg.json
2026-01-27 23:12:38,934 - INFO - Removed tier, industry from ACC LTD
2026-01-27 23:12:38,936 - INFO - [24/2119] Processing: Action_Construction_Equipment_Ltd_esg.json
2026-01-27 23:12:38,937 - INFO - Removed tier, industry from Action Construction Equipment Ltd
2026-01-27 23:12:38,939 - INFO - [25/2119] Processing: ACTION_CONSTRUCTION_EQUIPMENT_LTD__esg.json
2026-01-27 23:12:38,939 - INFO - Removed tier, industry from ACTION CONSTRUCTION EQUIPMENT LTD.
2026-01-27 23:12:38,941 - INFO - [26/2119] Processing: ACUTAAS_CHEMICALS_LIMITED_esg.json
2026-01-27 23:12:38,941 - INFO - Removed tier, industry from ACUTAAS CHEMICALS LIMITED
2026-01-27 23:12:38,943 - INFO - [27/2119] Processing: Acutaas_Chemicals_Ltd_esg.json
2026-01-27 23:12:38,944 - INFO - Removed tier, industry from Acutaas Chemicals Limited
2026-01-27 23:12:38,946 - INFO - [28/2119] Processing: Adani_Energy_Solutions_Ltd_esg.json
2026-01-27 23:12:38,946 - INFO - Removed tier, industry from Adani Energy Solutions Ltd
2026-01-27 23:12:38,948 - INFO - [29/2119] Processing: Adani_Enterprises_Ltd_esg.json
2026-01-27 23:12:38,948 - INFO - Removed tier, industry from Adani Enterprises Ltd
2026-01-27 23:12:38,950 - INFO - [30/2119] Processing: ADANI_ENTERPRISES_LTD__esg.json
2026-01-27 23:12:38,950 - INFO - Removed tier, industry from ADANI ENTERPRISES LTD.
2026-01-27 23:12:38,952 - INFO - [31/2119] Processing: Adani_Green_Energy_Ltd_esg.json
2026-01-27 23:12:38,953 - INFO - Removed tier, industry from Adani Green Energy Ltd
2026-01-27 23:12:38,955 - INFO - [32/2119] Processing: Adani_Ports_and_Special_Economic_Zone_Ltd_esg.json
2026-01-27 23:12:38,955 - INFO - Removed tier, industry from Adani Ports and Special Economic Zone Ltd
2026-01-27 23:12:38,957 - INFO - [33/2119] Processing: ADANI_PORTS_AND_SPECIAL_ECONOMIC_ZONE_LTD__esg.json
2026-01-27 23:12:38,957 - INFO - Removed tier, industry from ADANI PORTS AND SPECIAL ECONOMIC ZONE LTD.
2026-01-27 23:12:38,959 - INFO - [34/2119] Processing: Adani_Power_Ltd_esg.json
2026-01-27 23:12:38,959 - INFO - Removed tier, industry from Adani Power Ltd
2026-01-27 23:12:38,961 - INFO - [35/2119] Processing: ADANI_POWER_LTD__esg.json
2026-01-27 23:12:38,962 - INFO - Removed tier, industry from ADANI POWER LTD.
2026-01-27 23:12:38,964 - INFO - [36/2119] Processing: Adani_Total_Gas_Ltd_esg.json
2026-01-27 23:12:38,964 - INFO - Removed tier, industry from Adani Total Gas Ltd
2026-01-27 23:12:38,966 - INFO - [37/2119] Processing: Adani_Wilmar_Ltd_esg.json
2026-01-27 23:12:38,966 - INFO - Removed tier, industry from Adani Wilmar Ltd
2026-01-27 23:12:38,968 - INFO - [38/2119] Processing: Adf_Foods_Ltd-_esg.json
2026-01-27 23:12:38,969 - INFO - Removed tier, industry from Adf Foods Ltd-
2026-01-27 23:12:38,970 - INFO - [39/2119] Processing: ADF_FOODS_LTD_-_esg.json
2026-01-27 23:12:38,971 - INFO - Removed tier, industry from ADF FOODS LTD.-
2026-01-27 23:12:38,973 - INFO - [40/2119] Processing: Aditya_Birla_Capital_Ltd_esg.json
2026-01-27 23:12:38,973 - INFO - Removed tier, industry from Aditya Birla Capital Ltd
2026-01-27 23:12:38,975 - INFO - [41/2119] Processing: ADITYA_BIRLA_FASHION_AND_RETAIL_LIMITED_esg.json
2026-01-27 23:12:38,975 - INFO - Removed tier, industry from ADITYA BIRLA FASHION AND RETAIL LIMITED
2026-01-27 23:12:38,977 - INFO - [42/2119] Processing: Aditya_Birla_Fashion_and_Retail_Ltd_esg.json
2026-01-27 23:12:38,977 - INFO - Removed tier, industry from Aditya Birla Fashion and Retail Ltd
2026-01-27 23:12:38,979 - INFO - [43/2119] Processing: Aditya_Birla_Real_Estate_Ltd_esg.json
2026-01-27 23:12:38,980 - INFO - Removed tier, industry from Aditya Birla Real Estate Ltd
2026-01-27 23:12:38,982 - INFO - [44/2119] Processing: Aditya_Birla_Sun_Life_AMC_Ltd_esg.json
2026-01-27 23:12:38,982 - INFO - Removed tier, industry from Aditya Birla Sun Life AMC Ltd.
2026-01-27 23:12:38,984 - INFO - [45/2119] Processing: Aditya_Vision_Ltd_esg.json
2026-01-27 23:12:38,984 - INFO - Removed tier, industry from Aditya Vision Ltd
2026-01-27 23:12:38,986 - INFO - [46/2119] Processing: Ador_Welding_Ltd_esg.json
2026-01-27 23:12:38,986 - INFO - Removed tier, industry from Ador Welding Ltd
2026-01-27 23:12:38,988 - INFO - [47/2119] Processing: ADOR_WELDING_LTD__esg.json
2026-01-27 23:12:38,988 - INFO - Removed tier, industry from ADOR WELDING LTD.
2026-01-27 23:12:38,990 - INFO - [48/2119] Processing: Advanced_Enzyme_Technologies_Ltd_esg.json
2026-01-27 23:12:38,990 - INFO - Removed tier, industry from Advanced Enzyme Technologies Ltd
2026-01-27 23:12:38,992 - INFO - [49/2119] Processing: Aegis_Logistics_Ltd_esg.json
2026-01-27 23:12:38,992 - INFO - Removed tier, industry from Aegis Logistics Ltd
2026-01-27 23:12:38,994 - INFO - [50/2119] Processing: AEGIS_LOGISTICS_LTD__esg.json
2026-01-27 23:12:38,994 - INFO - Removed tier, industry from AEGIS LOGISTICS LTD.
2026-01-27 23:12:38,996 - INFO - [51/2119] Processing: Aether_Industries_Ltd_esg.json
2026-01-27 23:12:38,997 - INFO - Removed tier, industry from Aether Industries Ltd
2026-01-27 23:12:38,998 - INFO - [52/2119] Processing: Afcons_Infrastructure_Ltd_esg.json
2026-01-27 23:12:38,999 - INFO - Removed tier, industry from Afcons Infrastructure Ltd
2026-01-27 23:12:39,002 - INFO - [53/2119] Processing: AFFLE_3I_LIMITED_esg.json
2026-01-27 23:12:39,003 - INFO - Removed tier, industry from AFFLE 3I LIMITED
2026-01-27 23:12:39,005 - INFO - [54/2119] Processing: Affle_3I_Ltd_esg.json
2026-01-27 23:12:39,005 - INFO - Removed tier, industry from Affle 3i Limited
2026-01-27 23:12:39,007 - INFO - [55/2119] Processing: Affle__India__Ltd_esg.json
2026-01-27 23:12:39,008 - INFO - Removed tier, industry from Affle (India) Ltd
2026-01-27 23:12:39,009 - INFO - [56/2119] Processing: AGARWAL_INDUSTRIAL_CORPORATION_LIMITED_esg.json
2026-01-27 23:12:39,010 - INFO - Removed tier, industry from AGARWAL INDUSTRIAL CORPORATION LIMITED
2026-01-27 23:12:39,012 - INFO - [57/2119] Processing: Agarwal_Industrial_Corporation_Ltd_esg.json
2026-01-27 23:12:39,012 - INFO - Removed tier, industry from Agarwal Industrial Corporation Ltd.
2026-01-27 23:12:39,014 - INFO - [58/2119] Processing: Agi_Greenpac_Ltd_esg.json
2026-01-27 23:12:39,015 - INFO - Removed tier, industry from Agi Greenpac Ltd
2026-01-27 23:12:39,017 - INFO - [59/2119] Processing: AGRO_TECH_FOODS_LTD__esg.json
2026-01-27 23:12:39,017 - INFO - Removed tier, industry from AGRO TECH FOODS LTD.
2026-01-27 23:12:39,019 - INFO - [60/2119] Processing: AGS_Transact_Technologies_Ltd_esg.json
2026-01-27 23:12:39,020 - INFO - Removed tier, industry from AGS Transact Technologies Ltd
2026-01-27 23:12:39,022 - INFO - [61/2119] Processing: AHLUWALIA_CONTRACTS__INDIA__LIMITED_esg.json
2026-01-27 23:12:39,022 - INFO - Removed tier, industry from AHLUWALIA CONTRACTS (INDIA) LIMITED
2026-01-27 23:12:39,024 - INFO - [62/2119] Processing: Ahluwalia_Contracts__India__Ltd_esg.json
2026-01-27 23:12:39,025 - INFO - Removed tier, industry from Ahluwalia Contracts (India) Ltd
2026-01-27 23:12:39,026 - INFO - [63/2119] Processing: AHLUWALIA_CONTRACTS__INDIA__LTD__esg.json
2026-01-27 23:12:39,027 - INFO - Removed tier, industry from AHLUWALIA CONTRACTS (INDIA) LTD.
2026-01-27 23:12:39,028 - INFO - [64/2119] Processing: AIA_ENGINEERING_LTD__esg.json
2026-01-27 23:12:39,029 - INFO - Removed tier, industry from AIA ENGINEERING LTD.
2026-01-27 23:12:39,031 - INFO - [65/2119] Processing: Ajanta_Pharma_Ltd_esg.json
2026-01-27 23:12:39,031 - INFO - Removed tier, industry from Ajanta Pharma Ltd
2026-01-27 23:12:39,033 - INFO - [66/2119] Processing: AJANTA_PHARMA_LTD__esg.json
2026-01-27 23:12:39,034 - INFO - Removed tier, industry from AJANTA PHARMA LTD.
2026-01-27 23:12:39,035 - INFO - [67/2119] Processing: Ajmera_Realty___Infra_India_Ltd_esg.json
2026-01-27 23:12:39,036 - INFO - Removed tier, industry from Ajmera Realty & Infra India Ltd.
2026-01-27 23:12:39,037 - INFO - [68/2119] Processing: AJMERA_REALTY___INFRA_INDIA_LTD__esg.json
2026-01-27 23:12:39,038 - INFO - Removed tier, industry from AJMERA REALTY & INFRA INDIA LTD.
2026-01-27 23:12:39,040 - INFO - [69/2119] Processing: Akums_Drugs_and_Pharmaceuticals_Ltd_esg.json
2026-01-27 23:12:39,040 - INFO - Removed tier, industry from Akums Drugs and Pharmaceuticals Ltd
2026-01-27 23:12:39,042 - INFO - [70/2119] Processing: Akzo_Nobel_India_Limited_esg.json
2026-01-27 23:12:39,042 - INFO - Removed tier, industry from Akzo Nobel India Limited
2026-01-27 23:12:39,044 - INFO - [71/2119] Processing: Akzo_Nobel_India_Ltd_esg.json
2026-01-27 23:12:39,045 - INFO - Removed tier, industry from Akzo Nobel India Ltd
2026-01-27 23:12:39,047 - INFO - [72/2119] Processing: Alembic_Ltd_esg.json
2026-01-27 23:12:39,047 - INFO - Removed tier, industry from Alembic Ltd
2026-01-27 23:12:39,049 - INFO - [73/2119] Processing: ALEMBIC_LTD__esg.json
2026-01-27 23:12:39,049 - INFO - Removed tier, industry from ALEMBIC LTD.
2026-01-27 23:12:39,051 - INFO - [74/2119] Processing: Alembic_Pharmaceuticals_Ltd_esg.json
2026-01-27 23:12:39,052 - INFO - Removed tier, industry from Alembic Pharmaceuticals Ltd
2026-01-27 23:12:39,054 - INFO - [75/2119] Processing: ALEMBIC_PHARMACEUTICALS_LTD__esg.json
2026-01-27 23:12:39,054 - INFO - Removed tier, industry from ALEMBIC PHARMACEUTICALS LTD.
2026-01-27 23:12:39,056 - INFO - [76/2119] Processing: Alicon_Castalloy_Limited_esg.json
2026-01-27 23:12:39,057 - INFO - Removed tier, industry from ALICON CASTALLOY LIMITED
2026-01-27 23:12:39,058 - INFO - [77/2119] Processing: Alicon_Castalloy_Ltd_esg.json
2026-01-27 23:12:39,059 - INFO - Removed tier, industry from Alicon Castalloy Ltd
2026-01-27 23:12:39,061 - INFO - [78/2119] Processing: Alkem_Laboratories_Ltd_esg.json
2026-01-27 23:12:39,061 - INFO - Removed tier, industry from Alkem Laboratories Ltd
2026-01-27 23:12:39,063 - INFO - [79/2119] Processing: ALKYL_AMINES_CHEMICALS_LTD_-_esg.json
2026-01-27 23:12:39,064 - INFO - Removed tier, industry from ALKYL AMINES CHEMICALS LTD.-
2026-01-27 23:12:39,065 - INFO - [80/2119] Processing: ALLCARGO_GATI_LIMITED_esg.json
2026-01-27 23:12:39,066 - INFO - Removed tier, industry from ALLCARGO GATI LIMITED
2026-01-27 23:12:39,068 - INFO - [81/2119] Processing: Allcargo_Gati_Ltd_esg.json
2026-01-27 23:12:39,068 - INFO - Removed tier, industry from Allcargo Gati Ltd
2026-01-27 23:12:39,071 - INFO - [82/2119] Processing: Allcargo_Logistics_Ltd_esg.json
2026-01-27 23:12:39,071 - INFO - Removed tier, industry from Allcargo Logistics Ltd
2026-01-27 23:12:39,073 - INFO - [83/2119] Processing: ALLCARGO_LOGISTICS_LTD__esg.json
2026-01-27 23:12:39,073 - INFO - Removed tier, industry from ALLCARGO LOGISTICS LTD.
2026-01-27 23:12:39,075 - INFO - [84/2119] Processing: ALOK_INDUSTRIES_LTD__esg.json
2026-01-27 23:12:39,075 - INFO - Removed tier, industry from ALOK INDUSTRIES LTD.
2026-01-27 23:12:39,077 - INFO - [85/2119] Processing: Amara_Raja_Energy___Mobility_Ltd_esg.json
2026-01-27 23:12:39,078 - INFO - Removed tier, industry from Amara Raja Energy & Mobility Ltd
2026-01-27 23:12:39,079 - INFO - [86/2119] Processing: Amber_Enterprises_India_Ltd_esg.json
2026-01-27 23:12:39,080 - INFO - Removed tier, industry from Amber Enterprises India Ltd
2026-01-27 23:12:39,081 - INFO - [87/2119] Processing: AMBIKA_COTTON_MILLS_LIMITED_esg.json
2026-01-27 23:12:39,082 - INFO - Removed tier, industry from AMBIKA COTTON MILLS LIMITED
2026-01-27 23:12:39,084 - INFO - [88/2119] Processing: Ambika_Cotton_Mills_Ltd_esg.json
2026-01-27 23:12:39,084 - INFO - Removed tier, industry from Ambika Cotton Mills Ltd
2026-01-27 23:12:39,086 - INFO - [89/2119] Processing: AMBIKA_COTTON_MILLS_LTD__esg.json
2026-01-27 23:12:39,086 - INFO - Removed tier, industry from AMBIKA COTTON MILLS LTD
2026-01-27 23:12:39,088 - INFO - [90/2119] Processing: Ambuja_Cements_Ltd_esg.json
2026-01-27 23:12:39,089 - INFO - Removed tier, industry from Ambuja Cements Ltd
2026-01-27 23:12:39,096 - INFO - [91/2119] Processing: AMBUJA_CEMENTS_LTD__esg.json
2026-01-27 23:12:39,096 - INFO - Removed tier, industry from AMBUJA CEMENTS LTD.
2026-01-27 23:12:39,098 - INFO - [92/2119] Processing: AMINES___PLASTICIZERS_LIMITED_esg.json
2026-01-27 23:12:39,099 - INFO - Removed tier, industry from AMINES & PLASTICIZERS LIMITED
2026-01-27 23:12:39,100 - INFO - [93/2119] Processing: Amines___Plasticizers_Ltd_esg.json
2026-01-27 23:12:39,101 - INFO - Removed tier, industry from Amines & Plasticizers Ltd
2026-01-27 23:12:39,103 - INFO - [94/2119] Processing: Ami_Organics_Ltd_esg.json
2026-01-27 23:12:39,103 - INFO - Removed tier, industry from Ami Organics Ltd
2026-01-27 23:12:39,105 - INFO - [95/2119] Processing: Amrutanjan_Health_Care_Ltd-_esg.json
2026-01-27 23:12:39,105 - INFO - Removed tier, industry from Amrutanjan Health Care Ltd-
2026-01-27 23:12:39,107 - INFO - [96/2119] Processing: AMRUTANJAN_HEALTH_CARE_LTD_-_esg.json
2026-01-27 23:12:39,108 - INFO - Removed tier, industry from AMRUTANJAN HEALTH CARE LTD.-
2026-01-27 23:12:39,109 - INFO - [97/2119] Processing: Anand_Rathi_Wealth_Ltd_esg.json
2026-01-27 23:12:39,110 - INFO - Removed tier, industry from Anand Rathi Wealth Ltd
2026-01-27 23:12:39,112 - INFO - [98/2119] Processing: Anant_Raj_Limited-_esg.json
2026-01-27 23:12:39,112 - INFO - Removed tier, industry from Anant Raj Limited
2026-01-27 23:12:39,114 - INFO - [99/2119] Processing: Anant_Raj_Ltd-_esg.json
2026-01-27 23:12:39,115 - INFO - Removed tier, industry from Anant Raj Ltd-
2026-01-27 23:12:39,116 - INFO - [100/2119] Processing: Andhra_Paper_Ltd_esg.json
2026-01-27 23:12:39,116 - INFO - Removed tier, industry from Andhra Paper Ltd
2026-01-27 23:12:39,118 - INFO - [101/2119] Processing: Andrew_Yule___Company_Ltd_esg.json
2026-01-27 23:12:39,119 - INFO - Removed tier, industry from Andrew Yule & Company Ltd
2026-01-27 23:12:39,121 - INFO - [102/2119] Processing: Angel_One_Ltd_esg.json
2026-01-27 23:12:39,121 - INFO - Removed tier, industry from Angel One Ltd
2026-01-27 23:12:39,123 - INFO - [103/2119] Processing: ANJANI_PORTLAND_CEMENT_LIMITED_esg.json
2026-01-27 23:12:39,123 - INFO - Removed tier, industry from ANJANI PORTLAND CEMENT LIMITED
2026-01-27 23:12:39,125 - INFO - [104/2119] Processing: Anjani_Portland_Cement_Ltd-_esg.json
2026-01-27 23:12:39,125 - INFO - Removed tier, industry from Anjani Portland Cement Ltd-
2026-01-27 23:12:39,127 - INFO - [105/2119] Processing: ANJANI_PORTLAND_CEMENT_LTD_-_esg.json
2026-01-27 23:12:39,128 - INFO - Removed tier, industry from ANJANI PORTLAND CEMENT LTD.-
2026-01-27 23:12:39,129 - INFO - [106/2119] Processing: ANTONY_WASTE_HANDLING_CELL_LIMITED_esg.json
2026-01-27 23:12:39,130 - INFO - Removed tier, industry from ANTONY WASTE HANDLING CELL LIMITED
2026-01-27 23:12:39,132 - INFO - [107/2119] Processing: Antony_Waste_Handling_Cell_Ltd_esg.json
2026-01-27 23:12:39,132 - INFO - Removed tier, industry from Antony Waste Handling Cell Ltd
2026-01-27 23:12:39,133 - INFO - [108/2119] Processing: ANUPAM_RASAYAN_INDIA_LIMITED_esg.json
2026-01-27 23:12:39,134 - INFO - Removed tier, industry from ANUPAM RASAYAN INDIA LIMITED
2026-01-27 23:12:39,136 - INFO - [109/2119] Processing: Anupam_Rasayan_India_Ltd_esg.json
2026-01-27 23:12:39,136 - INFO - Removed tier, industry from Anupam Rasayan India Ltd
2026-01-27 23:12:39,139 - INFO - [110/2119] Processing: Apar_Industries_Ltd_esg.json
2026-01-27 23:12:39,139 - INFO - Removed tier, industry from Apar Industries Ltd
2026-01-27 23:12:39,141 - INFO - [111/2119] Processing: APAR_INDUSTRIES_LTD__esg.json
2026-01-27 23:12:39,141 - INFO - Removed tier, industry from APAR INDUSTRIES LTD.
2026-01-27 23:12:39,143 - INFO - [112/2119] Processing: Apcotex_Industries_Ltd_esg.json
2026-01-27 23:12:39,144 - INFO - Removed tier, industry from Apcotex Industries Ltd
2026-01-27 23:12:39,146 - INFO - [113/2119] Processing: Apeejay_Surrendra_Park_Hotels_Ltd_esg.json
2026-01-27 23:12:39,147 - INFO - Removed tier, industry from Apeejay Surrendra Park Hotels Ltd
2026-01-27 23:12:39,149 - INFO - [114/2119] Processing: APEX_FROZEN_FOODS_LIMITED_esg.json
2026-01-27 23:12:39,149 - INFO - Removed tier, industry from APEX FROZEN FOODS LIMITED
2026-01-27 23:12:39,151 - INFO - [115/2119] Processing: Apex_Frozen_Foods_Ltd_esg.json
2026-01-27 23:12:39,151 - INFO - Removed tier, industry from Apex Frozen Foods Ltd
2026-01-27 23:12:39,154 - INFO - [116/2119] Processing: APL_Apollo_Tubes_Ltd_esg.json
2026-01-27 23:12:39,154 - INFO - Removed tier, industry from APL Apollo Tubes Ltd
2026-01-27 23:12:39,156 - INFO - [117/2119] Processing: APL_APOLLO_TUBES_LTD__esg.json
2026-01-27 23:12:39,156 - INFO - Removed tier, industry from APL APOLLO TUBES LTD.
2026-01-27 23:12:39,158 - INFO - [118/2119] Processing: Apollo_Hospitals_Enterprise_Ltd_esg.json
2026-01-27 23:12:39,158 - INFO - Removed tier, industry from Apollo Hospitals Enterprise Ltd
2026-01-27 23:12:39,160 - INFO - [119/2119] Processing: APOLLO_HOSPITALS_ENTERPRISE_LTD__esg.json
2026-01-27 23:12:39,161 - INFO - Removed tier, industry from APOLLO HOSPITALS ENTERPRISE LTD.
2026-01-27 23:12:39,163 - INFO - [120/2119] Processing: Apollo_Micro_Systems_Ltd_esg.json
2026-01-27 23:12:39,163 - INFO - Removed tier, industry from Apollo Micro Systems Ltd
2026-01-27 23:12:39,165 - INFO - [121/2119] Processing: APOLLO_PIPES_LIMITED_esg.json
2026-01-27 23:12:39,165 - INFO - Removed tier, industry from APOLLO PIPES LIMITED
2026-01-27 23:12:39,167 - INFO - [122/2119] Processing: Apollo_Pipes_Ltd_esg.json
2026-01-27 23:12:39,167 - INFO - Removed tier, industry from Apollo Pipes Ltd
2026-01-27 23:12:39,169 - INFO - [123/2119] Processing: Apollo_Tyres_Ltd_esg.json
2026-01-27 23:12:39,170 - INFO - Removed tier, industry from Apollo Tyres Ltd
2026-01-27 23:12:39,171 - INFO - [124/2119] Processing: APOLLO_TYRES_LTD__esg.json
2026-01-27 23:12:39,172 - INFO - Removed tier, industry from APOLLO TYRES LTD
2026-01-27 23:12:39,173 - INFO - [125/2119] Processing: Aptech_Ltd_esg.json
2026-01-27 23:12:39,174 - INFO - Removed tier, industry from Aptech Ltd
2026-01-27 23:12:39,176 - INFO - [126/2119] Processing: APTECH_LTD__esg.json
2026-01-27 23:12:39,176 - INFO - Removed tier, industry from APTECH LTD.
2026-01-27 23:12:39,178 - INFO - [127/2119] Processing: Aptus_Value_Housing_Finance_India_Ltd_esg.json
2026-01-27 23:12:39,178 - INFO - Removed tier, industry from Aptus Value Housing Finance India Ltd
2026-01-27 23:12:39,180 - INFO - [128/2119] Processing: Archean_Chemical_Industries_Ltd_esg.json
2026-01-27 23:12:39,180 - INFO - Removed tier, industry from Archean Chemical Industries Ltd
2026-01-27 23:12:39,182 - INFO - [129/2119] Processing: ARIHANT_CAPITAL_MARKETS_LIMITED_esg.json
2026-01-27 23:12:39,183 - INFO - Removed tier, industry from ARIHANT CAPITAL MARKETS LIMITED
2026-01-27 23:12:39,184 - INFO - [130/2119] Processing: Arihant_Capital_Markets_Ltd_esg.json
2026-01-27 23:12:39,185 - INFO - Removed tier, industry from Arihant Capital Markets Ltd
2026-01-27 23:12:39,187 - INFO - [131/2119] Processing: ARIHANT_CAPITAL_MARKETS_LTD__esg.json
2026-01-27 23:12:39,187 - INFO - Removed tier, industry from ARIHANT CAPITAL MARKETS LTD.
2026-01-27 23:12:39,189 - INFO - [132/2119] Processing: ARMAN_FINANCIAL_SERVICES_LIMITED_esg.json
2026-01-27 23:12:39,190 - INFO - Removed tier, industry from ARMAN FINANCIAL SERVICES LIMITED
2026-01-27 23:12:39,191 - INFO - [133/2119] Processing: Arman_Financial_Services_Ltd_esg.json
2026-01-27 23:12:39,192 - INFO - Removed tier, industry from Arman Financial Services Ltd
2026-01-27 23:12:39,194 - INFO - [134/2119] Processing: Artemis_Medicare_Services_Ltd_esg.json
2026-01-27 23:12:39,194 - INFO - Removed tier, industry from Artemis Medicare Services Ltd.
2026-01-27 23:12:39,196 - INFO - [135/2119] Processing: Arvind_Fashions_Ltd_esg.json
2026-01-27 23:12:39,196 - INFO - Removed tier, industry from Arvind Fashions Ltd
2026-01-27 23:12:39,198 - INFO - [136/2119] Processing: ARVIND_LTD__esg.json
2026-01-27 23:12:39,199 - INFO - Removed tier, industry from ARVIND LTD.
2026-01-27 23:12:39,200 - INFO - [137/2119] Processing: Arvind_SmartSpaces_Ltd_esg.json
2026-01-27 23:12:39,201 - INFO - Removed tier, industry from Arvind SmartSpaces Ltd
2026-01-27 23:12:39,203 - INFO - [138/2119] Processing: Asahi_India_Glass_Ltd_esg.json
2026-01-27 23:12:39,203 - INFO - Removed tier, industry from Asahi India Glass Ltd
2026-01-27 23:12:39,205 - INFO - [139/2119] Processing: ASAHI_INDIA_GLASS_LTD__esg.json
2026-01-27 23:12:39,205 - INFO - Removed tier, industry from ASAHI INDIA GLASS LTD.
2026-01-27 23:12:39,207 - INFO - [140/2119] Processing: ASHAPURA_MINECHEM_LIMITED_esg.json
2026-01-27 23:12:39,207 - INFO - Removed tier, industry from ASHAPURA MINECHEM LIMITED
2026-01-27 23:12:39,209 - INFO - [141/2119] Processing: Ashapura_Minechem_Ltd_esg.json
2026-01-27 23:12:39,209 - INFO - Removed tier, industry from Ashapura Minechem Ltd
2026-01-27 23:12:39,211 - INFO - [142/2119] Processing: ASHAPURA_MINECHEM_LTD__esg.json
2026-01-27 23:12:39,211 - INFO - Removed tier, industry from ASHAPURA MINECHEM LTD.
2026-01-27 23:12:39,213 - INFO - [143/2119] Processing: ASHIANA_HOUSING_LIMITED_esg.json
2026-01-27 23:12:39,214 - INFO - Removed tier, industry from ASHIANA HOUSING LIMITED
2026-01-27 23:12:39,215 - INFO - [144/2119] Processing: Ashiana_Housing_Ltd-_esg.json
2026-01-27 23:12:39,216 - INFO - Removed tier, industry from Ashiana Housing Ltd-
2026-01-27 23:12:39,217 - INFO - [145/2119] Processing: ASHOKA_BUILDCON_LIMITED_esg.json
2026-01-27 23:12:39,218 - INFO - Removed tier, industry from ASHOKA BUILDCON LIMITED
2026-01-27 23:12:39,220 - INFO - [146/2119] Processing: Ashoka_Buildcon_Ltd_esg.json
2026-01-27 23:12:39,221 - INFO - Removed tier, industry from Ashoka Buildcon Ltd
2026-01-27 23:12:39,222 - INFO - [147/2119] Processing: ASHOKA_BUILDCON_LTD__esg.json
2026-01-27 23:12:39,223 - INFO - Removed tier, industry from ASHOKA BUILDCON LTD.
2026-01-27 23:12:39,225 - INFO - [148/2119] Processing: Ashok_Leyland_Ltd_esg.json
2026-01-27 23:12:39,225 - INFO - Removed tier, industry from Ashok Leyland Ltd
2026-01-27 23:12:39,227 - INFO - [149/2119] Processing: ASHOK_LEYLAND_LTD__esg.json
2026-01-27 23:12:39,228 - INFO - Removed tier, industry from ASHOK LEYLAND LTD.
2026-01-27 23:12:39,230 - INFO - [150/2119] Processing: Asian_Paints_Ltd_esg.json
2026-01-27 23:12:39,230 - INFO - Removed tier, industry from Asian Paints Ltd
2026-01-27 23:12:39,232 - INFO - [151/2119] Processing: ASIAN_PAINTS_LTD__esg.json
2026-01-27 23:12:39,232 - INFO - Removed tier, industry from ASIAN PAINTS LTD.
2026-01-27 23:12:39,235 - INFO - [152/2119] Processing: ASIAN_STAR_CO_LTD_-_esg.json
2026-01-27 23:12:39,235 - INFO - Removed tier, industry from ASIAN STAR CO.LTD.-
2026-01-27 23:12:39,237 - INFO - [153/2119] Processing: ASK_Automotive_Ltd_esg.json
2026-01-27 23:12:39,238 - INFO - Removed tier, industry from ASK Automotive Ltd
2026-01-27 23:12:39,239 - INFO - [154/2119] Processing: ASTEC_LIFESCIENCES_LIMITED_esg.json
2026-01-27 23:12:39,240 - INFO - Removed tier, industry from ASTEC LIFESCIENCES LIMITED
2026-01-27 23:12:39,242 - INFO - [155/2119] Processing: Astec_Lifesciences_Ltd_esg.json
2026-01-27 23:12:39,242 - INFO - Removed tier, industry from Astec Lifesciences Ltd.
2026-01-27 23:12:39,244 - INFO - [156/2119] Processing: Aster_DM_Healthcare_Ltd_esg.json
2026-01-27 23:12:39,244 - INFO - Removed tier, industry from Aster DM Healthcare Ltd
2026-01-27 23:12:39,246 - INFO - [157/2119] Processing: Astral_Ltd_esg.json
2026-01-27 23:12:39,247 - INFO - Removed tier, industry from Astral Ltd
2026-01-27 23:12:39,248 - INFO - [158/2119] Processing: AstraZeneca_Pharma_India_Ltd_esg.json
2026-01-27 23:12:39,249 - INFO - Removed tier, industry from AstraZeneca Pharma India Ltd.
2026-01-27 23:12:39,250 - INFO - [159/2119] Processing: ASTRAZENECA_PHARMA_INDIA_LTD__esg.json
2026-01-27 23:12:39,251 - INFO - Removed tier, industry from ASTRAZENECA PHARMA INDIA LTD.
2026-01-27 23:12:39,253 - INFO - [160/2119] Processing: Astra_Microwave_Products_Ltd_esg.json
2026-01-27 23:12:39,253 - INFO - Removed tier, industry from Astra Microwave Products Ltd
2026-01-27 23:12:39,255 - INFO - [161/2119] Processing: ASTRA_MICROWAVE_PRODUCTS_LTD__esg.json
2026-01-27 23:12:39,256 - INFO - Removed tier, industry from ASTRA MICROWAVE PRODUCTS LTD.
2026-01-27 23:12:39,257 - INFO - [162/2119] Processing: Atul_Ltd_esg.json
2026-01-27 23:12:39,258 - INFO - Removed tier, industry from Atul Ltd
2026-01-27 23:12:39,259 - INFO - [163/2119] Processing: ATUL_LTD__esg.json
2026-01-27 23:12:39,260 - INFO - Removed tier, industry from ATUL LTD.
2026-01-27 23:12:39,262 - INFO - [164/2119] Processing: AURIONPRO_SOLUTIONS_LIMITED_esg.json
2026-01-27 23:12:39,262 - INFO - Removed tier, industry from AURIONPRO SOLUTIONS LIMITED
2026-01-27 23:12:39,264 - INFO - [165/2119] Processing: Aurionpro_Solutions_Ltd_esg.json
2026-01-27 23:12:39,265 - INFO - Removed tier, industry from Aurionpro Solutions Ltd
2026-01-27 23:12:39,268 - INFO - [166/2119] Processing: AURIONPRO_SOLUTIONS_LTD__esg.json
2026-01-27 23:12:39,269 - INFO - Removed tier, industry from AURIONPRO SOLUTIONS LTD.
2026-01-27 23:12:39,274 - INFO - [167/2119] Processing: Aurobindo_Pharma_Ltd_esg.json
2026-01-27 23:12:39,275 - INFO - Removed tier, industry from Aurobindo Pharma Ltd
2026-01-27 23:12:39,278 - INFO - [168/2119] Processing: AUROBINDO_PHARMA_LTD__esg.json
2026-01-27 23:12:39,279 - INFO - Removed tier, industry from AUROBINDO PHARMA LTD.
2026-01-27 23:12:39,283 - INFO - [169/2119] Processing: AUTHUM_INVESTMENT___INFRASTRUCTURE_LIMITED_esg.json
2026-01-27 23:12:39,284 - INFO - Removed tier, industry from AUTHUM INVESTMENT & INFRASTRUCTURE LTD.
2026-01-27 23:12:39,288 - INFO - [170/2119] Processing: Authum_Investment___Infrastructure_Ltd_esg.json
2026-01-27 23:12:39,289 - INFO - Removed tier, industry from Authum Investment & Infrastructure Ltd.
2026-01-27 23:12:39,291 - INFO - [171/2119] Processing: AUTOLINE_INDUSTRIES_LIMITED_esg.json
2026-01-27 23:12:39,292 - INFO - Removed tier, industry from AUTOLINE INDUSTRIES LIMITED
2026-01-27 23:12:39,294 - INFO - [172/2119] Processing: Autoline_Industries_Ltd_esg.json
2026-01-27 23:12:39,295 - INFO - Removed tier, industry from Autoline Industries Ltd
2026-01-27 23:12:39,297 - INFO - [173/2119] Processing: AUTOLINE_INDUSTRIES_LTD__esg.json
2026-01-27 23:12:39,298 - INFO - Removed tier, industry from AUTOLINE INDUSTRIES LTD.
2026-01-27 23:12:39,302 - INFO - [174/2119] Processing: Automotive_Axles_Ltd_esg.json
2026-01-27 23:12:39,303 - INFO - Removed tier, industry from Automotive Axles Ltd
2026-01-27 23:12:39,305 - INFO - [175/2119] Processing: AUTOMOTIVE_AXLES_LTD__esg.json
2026-01-27 23:12:39,305 - INFO - Removed tier, industry from AUTOMOTIVE AXLES LTD.
2026-01-27 23:12:39,307 - INFO - [176/2119] Processing: AUTOMOTIVE_STAMPINGS___ASSEMBLIES_LTD__esg.json
2026-01-27 23:12:39,308 - INFO - Removed tier, industry from AUTOMOTIVE STAMPINGS & ASSEMBLIES LTD.
2026-01-27 23:12:39,310 - INFO - [177/2119] Processing: AU_Small_Finance_Bank_Ltd_esg.json
2026-01-27 23:12:39,310 - INFO - Removed tier, industry from AU Small Finance Bank Ltd
2026-01-27 23:12:39,312 - INFO - [178/2119] Processing: AVALON_TECHNOLOGIES_LIMITED_esg.json
2026-01-27 23:12:39,313 - INFO - Removed tier, industry from AVALON TECHNOLOGIES LIMITED
2026-01-27 23:12:39,314 - INFO - [179/2119] Processing: Avalon_Technologies_Ltd_esg.json
2026-01-27 23:12:39,315 - INFO - Removed tier, industry from Avalon Technologies Ltd
2026-01-27 23:12:39,317 - INFO - [180/2119] Processing: Avantel_Ltd_esg.json
2026-01-27 23:12:39,317 - INFO - Removed tier, industry from Avantel Ltd
2026-01-27 23:12:39,319 - INFO - [181/2119] Processing: AVANTEL_LTD__esg.json
2026-01-27 23:12:39,319 - INFO - Removed tier, industry from AVANTEL LTD.
2026-01-27 23:12:39,321 - INFO - [182/2119] Processing: Avanti_Feeds_Ltd-_esg.json
2026-01-27 23:12:39,321 - INFO - Removed tier, industry from Avanti Feeds Ltd-
2026-01-27 23:12:39,323 - INFO - [183/2119] Processing: AVANTI_FEEDS_LTD_-_esg.json
2026-01-27 23:12:39,323 - INFO - Removed tier, industry from AVANTI FEEDS LTD.-
2026-01-27 23:12:39,325 - INFO - [184/2119] Processing: Avenue_Supermarts_Ltd_esg.json
2026-01-27 23:12:39,325 - INFO - Removed tier, industry from Avenue Supermarts Ltd
2026-01-27 23:12:39,327 - INFO - [185/2119] Processing: AVT_Natural_Products_Ltd_esg.json
2026-01-27 23:12:39,327 - INFO - Removed tier, industry from AVT Natural Products Ltd
2026-01-27 23:12:39,329 - INFO - [186/2119] Processing: AVT_NATURAL_PRODUCTS_LTD__esg.json
2026-01-27 23:12:39,330 - INFO - Removed tier, industry from AVT NATURAL PRODUCTS LTD.
2026-01-27 23:12:39,331 - INFO - [187/2119] Processing: AWL_Agri_Business_Ltd_esg.json
2026-01-27 23:12:39,332 - INFO - Removed tier, industry from AWL Agri Business Ltd
2026-01-27 23:12:39,333 - INFO - [188/2119] Processing: AXISCADES_TECHNOLOGIES_LIMITED_esg.json
2026-01-27 23:12:39,334 - INFO - Removed tier, industry from AXISCADES TECHNOLOGIES LIMITED
2026-01-27 23:12:39,336 - INFO - [189/2119] Processing: Axiscades_Technologies_Ltd_esg.json
2026-01-27 23:12:39,336 - INFO - Removed tier, industry from Axiscades Technologies Ltd
2026-01-27 23:12:39,338 - INFO - [190/2119] Processing: AXIS_Bank_Ltd_esg.json
2026-01-27 23:12:39,338 - INFO - Removed tier, industry from AXIS Bank Ltd
2026-01-27 23:12:39,340 - INFO - [191/2119] Processing: AXIS_BANK_LTD__esg.json
2026-01-27 23:12:39,340 - INFO - Removed tier, industry from AXIS BANK LTD.
2026-01-27 23:12:39,342 - INFO - [192/2119] Processing: AXITA_COTTON_LIMITED_esg.json
2026-01-27 23:12:39,342 - INFO - Removed tier, industry from AXITA COTTON LIMITED
2026-01-27 23:12:39,344 - INFO - [193/2119] Processing: AXTEL_INDUSTRIES_LTD__esg.json
2026-01-27 23:12:39,345 - INFO - Removed tier, industry from Axtel Industries Limited
2026-01-27 23:12:39,346 - INFO - [194/2119] Processing: AZAD_ENGINEERING_LIMITED_esg.json
2026-01-27 23:12:39,347 - INFO - Removed tier, industry from AZAD ENGINEERING LIMITED
2026-01-27 23:12:39,348 - INFO - [195/2119] Processing: Azad_Engineering_Ltd_esg.json
2026-01-27 23:12:39,349 - INFO - Removed tier, industry from Azad Engineering Ltd
2026-01-27 23:12:39,350 - INFO - [196/2119] Processing: BAAZAR_STYLE_RETAIL_LIMITED_esg.json
2026-01-27 23:12:39,351 - INFO - Removed tier, industry from BAAZAR STYLE RETAIL LIMITED
2026-01-27 23:12:39,353 - INFO - [197/2119] Processing: Baazar_Style_Retail_Ltd_esg.json
2026-01-27 23:12:39,353 - INFO - Removed tier, industry from Baazar Style Retail Ltd
2026-01-27 23:12:39,355 - INFO - [198/2119] Processing: Bajaj_Auto_Ltd_esg.json
2026-01-27 23:12:39,355 - INFO - Removed tier, industry from Bajaj Auto Ltd.
2026-01-27 23:12:39,357 - INFO - [199/2119] Processing: BAJAJ_AUTO_LTD__esg.json
2026-01-27 23:12:39,358 - INFO - Removed tier, industry from BAJAJ AUTO LTD.
2026-01-27 23:12:39,359 - INFO - [200/2119] Processing: Bajaj_Consumer_Care_Ltd_esg.json
2026-01-27 23:12:39,359 - INFO - Removed tier, industry from Bajaj Consumer Care Ltd
2026-01-27 23:12:39,361 - INFO - [201/2119] Processing: Bajaj_Electricals_Ltd-_esg.json
2026-01-27 23:12:39,362 - INFO - Removed tier, industry from Bajaj Electricals Ltd-
2026-01-27 23:12:39,364 - INFO - [202/2119] Processing: BAJAJ_ELECTRICALS_LTD_-_esg.json
2026-01-27 23:12:39,364 - INFO - Removed tier, industry from BAJAJ ELECTRICALS LTD.-
2026-01-27 23:12:39,366 - INFO - [203/2119] Processing: Bajaj_Finance_Limited_esg.json
2026-01-27 23:12:39,366 - INFO - Removed tier, industry from Bajaj Finance Limited
2026-01-27 23:12:39,367 - INFO - [204/2119] Processing: Bajaj_Finance_Ltd_esg.json
2026-01-27 23:12:39,368 - INFO - Removed tier, industry from Bajaj Finance Ltd
2026-01-27 23:12:39,370 - INFO - [205/2119] Processing: Bajaj_Finserv_Ltd_esg.json
2026-01-27 23:12:39,371 - INFO - Removed tier, industry from Bajaj Finserv Ltd.
2026-01-27 23:12:39,373 - INFO - [206/2119] Processing: BAJAJ_FINSERV_LTD__esg.json
2026-01-27 23:12:39,373 - INFO - Removed tier, industry from BAJAJ FINSERV LTD.
2026-01-27 23:12:39,375 - INFO - [207/2119] Processing: BAJAJ_HEALTHCARE_LIMITED_esg.json
2026-01-27 23:12:39,375 - INFO - Removed tier, industry from BAJAJ HEALTHCARE LIMITED
2026-01-27 23:12:39,377 - INFO - [208/2119] Processing: Bajaj_Healthcare_Ltd_esg.json
2026-01-27 23:12:39,378 - INFO - Removed tier, industry from Bajaj Healthcare Ltd
2026-01-27 23:12:39,380 - INFO - [209/2119] Processing: Bajaj_Hindusthan_Sugar_Limited_esg.json
2026-01-27 23:12:39,380 - INFO - Removed tier, industry from Bajaj Hindusthan Sugar Limited
2026-01-27 23:12:39,382 - INFO - [210/2119] Processing: Bajaj_Hindusthan_Sugar_Ltd_esg.json
2026-01-27 23:12:39,383 - INFO - Removed tier, industry from Bajaj Hindusthan Sugar Ltd
2026-01-27 23:12:39,384 - INFO - [211/2119] Processing: BAJAJ_HOLDINGS___INVESTMENT_LTD__esg.json
2026-01-27 23:12:39,385 - INFO - Removed tier, industry from BAJAJ HOLDINGS & INVESTMENT LTD.
2026-01-27 23:12:39,387 - INFO - [212/2119] Processing: Bajaj_Housing_Finance_Ltd_esg.json
2026-01-27 23:12:39,388 - INFO - Removed tier, industry from Bajaj Housing Finance Ltd
2026-01-27 23:12:39,389 - INFO - [213/2119] Processing: Bajel_Projects_Ltd_esg.json
2026-01-27 23:12:39,390 - INFO - Removed tier, industry from Bajel Projects Ltd
2026-01-27 23:12:39,391 - INFO - [214/2119] Processing: Balaji_Amines_Ltd-_esg.json
2026-01-27 23:12:39,392 - INFO - Removed tier, industry from Balaji Amines Ltd-
2026-01-27 23:12:39,394 - INFO - [215/2119] Processing: BALAJI_AMINES_LTD_-_esg.json
2026-01-27 23:12:39,394 - INFO - Removed tier, industry from BALAJI AMINES LTD.-
2026-01-27 23:12:39,396 - INFO - [216/2119] Processing: Balkrishna_Industries_Ltd-_esg.json
2026-01-27 23:12:39,397 - INFO - Removed tier, industry from Balkrishna Industries Ltd-
2026-01-27 23:12:39,398 - INFO - [217/2119] Processing: BALKRISHNA_INDUSTRIES_LTD_-_esg.json
2026-01-27 23:12:39,399 - INFO - Removed tier, industry from BALKRISHNA INDUSTRIES LTD.-
2026-01-27 23:12:39,400 - INFO - [218/2119] Processing: BALMER_LAWRIE___COMPANY_LIMITED_esg.json
2026-01-27 23:12:39,401 - INFO - Removed tier, industry from BALMER LAWRIE & COMPANY LIMITED
2026-01-27 23:12:39,403 - INFO - [219/2119] Processing: Balmer_Lawrie___Company_Ltd_esg.json
2026-01-27 23:12:39,403 - INFO - Removed tier, industry from Balmer Lawrie & Co. Ltd.
2026-01-27 23:12:39,405 - INFO - [220/2119] Processing: BALMER_LAWRIE___CO_LTD__esg.json
2026-01-27 23:12:39,406 - INFO - Removed tier, industry from BALMER LAWRIE & CO.LTD.
2026-01-27 23:12:39,407 - INFO - [221/2119] Processing: Balrampur_Chini_Mills_Ltd_esg.json
2026-01-27 23:12:39,407 - INFO - Removed tier, industry from Balrampur Chini Mills Ltd
2026-01-27 23:12:39,409 - INFO - [222/2119] Processing: BALRAMPUR_CHINI_MILLS_LTD__esg.json
2026-01-27 23:12:39,409 - INFO - Removed tier, industry from BALRAMPUR CHINI MILLS LTD.
2026-01-27 23:12:39,411 - INFO - [223/2119] Processing: BALU_FORGE_INDUSTRIES_LIMITED_esg.json
2026-01-27 23:12:39,412 - INFO - Removed tier, industry from BALU FORGE INDUSTRIES LIMITED
2026-01-27 23:12:39,414 - INFO - [224/2119] Processing: Balu_Forge_Industries_Ltd_esg.json
2026-01-27 23:12:39,414 - INFO - Removed tier, industry from Balu Forge Industries Ltd
2026-01-27 23:12:39,416 - INFO - [225/2119] Processing: Banaras_Beads_Ltd_esg.json
2026-01-27 23:12:39,416 - INFO - Removed tier, industry from Banaras Beads Ltd
2026-01-27 23:12:39,418 - INFO - [226/2119] Processing: BANARAS_BEADS_LTD__esg.json
2026-01-27 23:12:39,419 - INFO - Removed tier, industry from BANARAS BEADS LTD.
2026-01-27 23:12:39,420 - INFO - [227/2119] Processing: Banco_Products__India__Ltd-_esg.json
2026-01-27 23:12:39,421 - INFO - Removed tier, industry from Banco Products (India) Ltd-
2026-01-27 23:12:39,423 - INFO - [228/2119] Processing: BANCO_PRODUCTS__INDIA__LTD_-_esg.json
2026-01-27 23:12:39,423 - INFO - Removed tier, industry from BANCO PRODUCTS (INDIA) LIMITED
2026-01-27 23:12:39,425 - INFO - [229/2119] Processing: BANK_OF_BARODA_esg.json
2026-01-27 23:12:39,426 - INFO - Removed tier, industry from Bank of Baroda
2026-01-27 23:12:39,429 - INFO - [230/2119] Processing: BANK_OF_INDIA_esg.json
2026-01-27 23:12:39,430 - INFO - Removed tier, industry from Bank of India
2026-01-27 23:12:39,432 - INFO - [231/2119] Processing: BANK_OF_MAHARASHTRA_esg.json
2026-01-27 23:12:39,432 - INFO - Removed tier, industry from Bank of Maharashtra
2026-01-27 23:12:39,434 - INFO - [232/2119] Processing: Bannari_Amman_Sugars_Ltd_esg.json
2026-01-27 23:12:39,435 - INFO - Removed tier, industry from Bannari Amman Sugars Ltd
2026-01-27 23:12:39,437 - INFO - [233/2119] Processing: BANNARI_AMMAN_SUGARS_LTD__esg.json
2026-01-27 23:12:39,438 - INFO - Removed tier, industry from BANNARI AMMAN SUGARS LTD.
2026-01-27 23:12:39,440 - INFO - [234/2119] Processing: BANSAL_WIRE_INDUSTRIES_LIMITED_esg.json
2026-01-27 23:12:39,440 - INFO - Removed tier, industry from BANSAL WIRE INDUSTRIES LIMITED
2026-01-27 23:12:39,442 - INFO - [235/2119] Processing: Bansal_Wire_Industries_Ltd_esg.json
2026-01-27 23:12:39,443 - INFO - Removed tier, industry from Bansal Wire Industries Limited
2026-01-27 23:12:39,445 - INFO - [236/2119] Processing: Barbeque-Nation_Hospitality_Ltd_esg.json
2026-01-27 23:12:39,446 - INFO - Removed tier, industry from Barbeque-Nation Hospitality Ltd
2026-01-27 23:12:39,448 - INFO - [237/2119] Processing: BASF_India_Ltd_esg.json
2026-01-27 23:12:39,448 - INFO - Removed tier, industry from BASF India Ltd
2026-01-27 23:12:39,450 - INFO - [238/2119] Processing: BATA_INDIA_LTD__esg.json
2026-01-27 23:12:39,450 - INFO - Removed tier, industry from BATA INDIA LTD.
2026-01-27 23:12:39,452 - INFO - [239/2119] Processing: Bayer_CropScience_Ltd_esg.json
2026-01-27 23:12:39,453 - INFO - Removed tier, industry from Bayer CropScience Ltd
2026-01-27 23:12:39,454 - INFO - [240/2119] Processing: BAYER_CROPSCIENCE_LTD__esg.json
2026-01-27 23:12:39,455 - INFO - Removed tier, industry from BAYER CROPSCIENCE LTD.
2026-01-27 23:12:39,457 - INFO - [241/2119] Processing: BCL_Industries_Ltd-_esg.json
2026-01-27 23:12:39,457 - INFO - Removed tier, industry from BCL Industries Ltd-
2026-01-27 23:12:39,459 - INFO - [242/2119] Processing: BEML_LIMITED_esg.json
2026-01-27 23:12:39,459 - INFO - Removed tier, industry from BEML LIMITED
2026-01-27 23:12:39,461 - INFO - [243/2119] Processing: BEML_Ltd_esg.json
2026-01-27 23:12:39,461 - INFO - Removed tier, industry from BEML Ltd
2026-01-27 23:12:39,463 - INFO - [244/2119] Processing: BEML_LTD__esg.json
2026-01-27 23:12:39,464 - INFO - Removed tier, industry from BEML LIMITED
2026-01-27 23:12:39,465 - INFO - [245/2119] Processing: Bengal___Assam_Company_Ltd_esg.json
2026-01-27 23:12:39,466 - INFO - Removed tier, industry from Bengal & Assam Company Ltd
2026-01-27 23:12:39,467 - INFO - [246/2119] Processing: BENGAL___ASSAM_COMPANY_LTD__esg.json
2026-01-27 23:12:39,468 - INFO - Removed tier, industry from BENGAL & ASSAM COMPANY LTD.
2026-01-27 23:12:39,470 - INFO - [247/2119] Processing: Berger_Paints_India_Ltd_esg.json
2026-01-27 23:12:39,470 - INFO - Removed tier, industry from Berger Paints India Ltd
2026-01-27 23:12:39,472 - INFO - [248/2119] Processing: BERGER_PAINTS_INDIA_LTD__esg.json
2026-01-27 23:12:39,473 - INFO - Removed tier, industry from BERGER PAINTS INDIA LTD.
2026-01-27 23:12:39,474 - INFO - [249/2119] Processing: BEST_AGROLIFE_LIMITED_esg.json
2026-01-27 23:12:39,475 - INFO - Removed tier, industry from BEST AGROLIFE LIMITED
2026-01-27 23:12:39,476 - INFO - [250/2119] Processing: Best_Agrolife_Ltd_esg.json
2026-01-27 23:12:39,477 - INFO - Removed tier, industry from Best Agrolife Ltd
2026-01-27 23:12:39,479 - INFO - [251/2119] Processing: BF_Investment_Ltd_esg.json
2026-01-27 23:12:39,479 - INFO - Removed tier, industry from BF Investment Ltd
2026-01-27 23:12:39,481 - INFO - [252/2119] Processing: BF_UTILITIES_LIMITED_esg.json
2026-01-27 23:12:39,482 - INFO - Removed tier, industry from BF UTILITIES LIMITED
2026-01-27 23:12:39,483 - INFO - [253/2119] Processing: BF_Utilities_Ltd-_esg.json
2026-01-27 23:12:39,484 - INFO - Removed tier, industry from BF Utilities Ltd-
2026-01-27 23:12:39,486 - INFO - [254/2119] Processing: BF_UTILITIES_LTD_-_esg.json
2026-01-27 23:12:39,486 - INFO - Removed tier, industry from BF UTILITIES LTD.-
2026-01-27 23:12:39,488 - INFO - [255/2119] Processing: Bhageria_Industries_Ltd_esg.json
2026-01-27 23:12:39,489 - INFO - Removed tier, industry from Bhageria Industries Ltd
2026-01-27 23:12:39,491 - INFO - [256/2119] Processing: Bhagiradha_Chemicals___Industries_Ltd_esg.json
2026-01-27 23:12:39,491 - INFO - Removed tier, industry from Bhagiradha Chemicals & Industries Ltd.
2026-01-27 23:12:39,493 - INFO - [257/2119] Processing: BHAGIRADHA_CHEMICALS___INDUSTRIES_LTD__esg.json
2026-01-27 23:12:39,494 - INFO - Removed tier, industry from BHAGIRADHA CHEMICALS & INDUSTRIES LTD.
2026-01-27 23:12:39,495 - INFO - [258/2119] Processing: Bhansali_Engineering_Polymers_Ltd-_esg.json
2026-01-27 23:12:39,496 - INFO - Removed tier, industry from Bhansali Engineering Polymers Ltd-
2026-01-27 23:12:39,498 - INFO - [259/2119] Processing: BHANSALI_ENGINEERING_POLYMERS_LTD_-_esg.json
2026-01-27 23:12:39,498 - INFO - Removed tier, industry from BHANSALI ENGINEERING POLYMERS LTD.
2026-01-27 23:12:39,500 - INFO - [260/2119] Processing: Bharat_Bijlee_Ltd-_esg.json
2026-01-27 23:12:39,500 - INFO - Removed tier, industry from Bharat Bijlee Ltd-
2026-01-27 23:12:39,502 - INFO - [261/2119] Processing: BHARAT_BIJLEE_LTD_-_esg.json
2026-01-27 23:12:39,502 - INFO - Removed tier, industry from BHARAT BIJLEE LTD.-
2026-01-27 23:12:39,504 - INFO - [262/2119] Processing: BHARAT_DYNAMICS_LIMITED_esg.json
2026-01-27 23:12:39,505 - INFO - Removed tier, industry from BHARAT DYNAMICS LIMITED
2026-01-27 23:12:39,507 - INFO - [263/2119] Processing: Bharat_Dynamics_Ltd_esg.json
2026-01-27 23:12:39,507 - INFO - Removed tier, industry from Bharat Dynamics Ltd
2026-01-27 23:12:39,508 - INFO - [264/2119] Processing: Bharat_Electronics_Ltd_esg.json
2026-01-27 23:12:39,509 - INFO - Removed tier, industry from Bharat Electronics Ltd
2026-01-27 23:12:39,510 - INFO - [265/2119] Processing: BHARAT_ELECTRONICS_LTD__esg.json
2026-01-27 23:12:39,511 - INFO - Removed tier, industry from BHARAT ELECTRONICS LTD.
2026-01-27 23:12:39,513 - INFO - [266/2119] Processing: BHARAT_FORGE_LTD__esg.json
2026-01-27 23:12:39,513 - INFO - Removed tier, industry from BHARAT FORGE LTD.
2026-01-27 23:12:39,515 - INFO - [267/2119] Processing: Bharat_Global_Developers_Ltd_esg.json
2026-01-27 23:12:39,515 - INFO - Removed tier, industry from Bharat Global Developers Ltd.
2026-01-27 23:12:39,517 - INFO - [268/2119] Processing: Bharat_Heavy_Electricals_Ltd_esg.json
2026-01-27 23:12:39,517 - INFO - Removed tier, industry from Bharat Heavy Electricals Ltd
2026-01-27 23:12:39,519 - INFO - [269/2119] Processing: BHARAT_HEAVY_ELECTRICALS_LTD__esg.json
2026-01-27 23:12:39,519 - INFO - Removed tier, industry from BHARAT HEAVY ELECTRICALS LTD.
2026-01-27 23:12:39,521 - INFO - [270/2119] Processing: Bharat_Petroleum_Corporation_Ltd_esg.json
2026-01-27 23:12:39,522 - INFO - Removed tier, industry from Bharat Petroleum Corporation Ltd.
2026-01-27 23:12:39,524 - INFO - [271/2119] Processing: BHARAT_PETROLEUM_CORPORATION_LTD__esg.json
2026-01-27 23:12:39,524 - INFO - Removed tier, industry from BHARAT PETROLEUM CORPORATION LTD
2026-01-27 23:12:39,526 - INFO - [272/2119] Processing: BHARAT_WIRE_ROPES_LIMITED_esg.json
2026-01-27 23:12:39,527 - INFO - Removed tier, industry from BHARAT WIRE ROPES LIMITED
2026-01-27 23:12:39,529 - INFO - [273/2119] Processing: Bharat_Wire_Ropes_Ltd_esg.json
2026-01-27 23:12:39,529 - INFO - Removed tier, industry from Bharat Wire Ropes Ltd
2026-01-27 23:12:39,531 - INFO - [274/2119] Processing: Bharti_Airtel_Ltd_esg.json
2026-01-27 23:12:39,531 - INFO - Removed tier, industry from Bharti Airtel Ltd
2026-01-27 23:12:39,533 - INFO - [275/2119] Processing: Bharti_Hexacom_Ltd_esg.json
2026-01-27 23:12:39,533 - INFO - Removed tier, industry from Bharti Hexacom Ltd
2026-01-27 23:12:39,535 - INFO - [276/2119] Processing: BIGBLOC_CONSTRUCTION_LIMITED_esg.json
2026-01-27 23:12:39,535 - INFO - Removed tier, industry from BIGBLOC CONSTRUCTION LIMITED
2026-01-27 23:12:39,537 - INFO - [277/2119] Processing: Bigbloc_Construction_Ltd_esg.json
2026-01-27 23:12:39,537 - INFO - Removed tier, industry from Bigbloc Construction Ltd
2026-01-27 23:12:39,539 - INFO - [278/2119] Processing: Bikaji_Foods_International_Ltd_esg.json
2026-01-27 23:12:39,539 - INFO - Removed tier, industry from Bikaji Foods International Ltd.
2026-01-27 23:12:39,541 - INFO - [279/2119] Processing: Biocon_Ltd_esg.json
2026-01-27 23:12:39,541 - INFO - Removed tier, industry from Biocon Ltd
2026-01-27 23:12:39,543 - INFO - [280/2119] Processing: BIOCON_LTD__esg.json
2026-01-27 23:12:39,543 - INFO - Removed tier, industry from BIOCON LTD.
2026-01-27 23:12:39,545 - INFO - [281/2119] Processing: Birlanu_Ltd_esg.json
2026-01-27 23:12:39,546 - INFO - Removed tier, industry from Birlanu Ltd
2026-01-27 23:12:39,547 - INFO - [282/2119] Processing: Birlasoft_Ltd_esg.json
2026-01-27 23:12:39,548 - INFO - Removed tier, industry from Birlasoft Limited
2026-01-27 23:12:39,549 - INFO - [283/2119] Processing: Birla_Corporation_Ltd_esg.json
2026-01-27 23:12:39,550 - INFO - Removed tier, industry from Birla Corporation Ltd
2026-01-27 23:12:39,551 - INFO - [284/2119] Processing: BIRLA_CORPORATION_LTD__esg.json
2026-01-27 23:12:39,552 - INFO - Removed tier, industry from BIRLA CORPORATION LTD.
2026-01-27 23:12:39,554 - INFO - [285/2119] Processing: Black_Box_Ltd_esg.json
2026-01-27 23:12:39,554 - INFO - Removed tier, industry from Black Box Ltd
2026-01-27 23:12:39,556 - INFO - [286/2119] Processing: Black_Rose_Industries_Ltd_esg.json
2026-01-27 23:12:39,556 - INFO - Removed tier, industry from Black Rose Industries Ltd
2026-01-27 23:12:39,558 - INFO - [287/2119] Processing: BLACK_ROSE_INDUSTRIES_LTD__esg.json
2026-01-27 23:12:39,558 - INFO - Removed tier, industry from BLACK ROSE INDUSTRIES LTD.
2026-01-27 23:12:39,560 - INFO - [288/2119] Processing: Bliss_GVS_Pharma_Ltd_esg.json
2026-01-27 23:12:39,560 - INFO - Removed tier, industry from Bliss GVS Pharma Ltd.
2026-01-27 23:12:39,562 - INFO - [289/2119] Processing: BLISS_GVS_PHARMA_LTD__esg.json
2026-01-27 23:12:39,562 - INFO - Removed tier, industry from BLISS GVS PHARMA LTD.
2026-01-27 23:12:39,564 - INFO - [290/2119] Processing: BLS_E-Services_Ltd_esg.json
2026-01-27 23:12:39,564 - INFO - Removed tier, industry from BLS E-Services Ltd
2026-01-27 23:12:39,566 - INFO - [291/2119] Processing: BLS_International_Services_Ltd_esg.json
2026-01-27 23:12:39,566 - INFO - Removed tier, industry from BLS International Services Limited
2026-01-27 23:12:39,568 - INFO - [292/2119] Processing: Blue_Dart_Express_Ltd_esg.json
2026-01-27 23:12:39,568 - INFO - Removed tier, industry from Blue Dart Express Ltd
2026-01-27 23:12:39,570 - INFO - [293/2119] Processing: BLUE_DART_EXPRESS_LTD__esg.json
2026-01-27 23:12:39,571 - INFO - Removed tier, industry from BLUE DART EXPRESS LTD.
2026-01-27 23:12:39,572 - INFO - [294/2119] Processing: BLUE_JET_HEALTHCARE_LIMITED_esg.json
2026-01-27 23:12:39,573 - INFO - Removed tier, industry from BLUE JET HEALTHCARE LIMITED
2026-01-27 23:12:39,574 - INFO - [295/2119] Processing: Blue_Jet_Healthcare_Ltd_esg.json
2026-01-27 23:12:39,575 - INFO - Removed tier, industry from Blue Jet Healthcare Ltd
2026-01-27 23:12:39,576 - INFO - [296/2119] Processing: Blue_Star_Ltd_esg.json
2026-01-27 23:12:39,577 - INFO - Removed tier, industry from Blue Star Ltd
2026-01-27 23:12:39,579 - INFO - [297/2119] Processing: BLUE_STAR_LTD__esg.json
2026-01-27 23:12:39,579 - INFO - Removed tier, industry from BLUE STAR LTD.
2026-01-27 23:12:39,581 - INFO - [298/2119] Processing: BODAL_CHEMICALS_LIMITED_esg.json
2026-01-27 23:12:39,581 - INFO - Removed tier, industry from BODAL CHEMICALS LIMITED
2026-01-27 23:12:39,583 - INFO - [299/2119] Processing: Bodal_Chemicals_Ltd_esg.json
2026-01-27 23:12:39,583 - INFO - Removed tier, industry from Bodal Chemicals Ltd
2026-01-27 23:12:39,585 - INFO - [300/2119] Processing: BODAL_CHEMICALS_LTD__esg.json
2026-01-27 23:12:39,585 - INFO - Removed tier, industry from BODAL CHEMICALS LTD.
2026-01-27 23:12:39,587 - INFO - [301/2119] Processing: Bombay_Burmah_Trading_Corporation_Ltd_esg.json
2026-01-27 23:12:39,587 - INFO - Removed tier, industry from Bombay Burmah Trading Corporation Ltd
2026-01-27 23:12:39,589 - INFO - [302/2119] Processing: Bombay_Dyeing___Manufacturing_Company_Ltd_esg.json
2026-01-27 23:12:39,589 - INFO - Removed tier, industry from Bombay Dyeing & Manufacturing Company Ltd
2026-01-27 23:12:39,591 - INFO - [303/2119] Processing: BOMBAY_DYEING___MFG_CO_LTD__esg.json
2026-01-27 23:12:39,591 - INFO - Removed tier, industry from BOMBAY DYEING & MFG.CO.LTD.
2026-01-27 23:12:39,593 - INFO - [304/2119] Processing: Borosil_Ltd_esg.json
2026-01-27 23:12:39,594 - INFO - Removed tier, industry from Borosil Limited
2026-01-27 23:12:39,595 - INFO - [305/2119] Processing: BOROSIL_RENEWABLES_LIMITED_esg.json
2026-01-27 23:12:39,596 - INFO - Removed tier, industry from BOROSIL RENEWABLES LIMITED
2026-01-27 23:12:39,597 - INFO - [306/2119] Processing: Borosil_Renewables_Ltd_esg.json
2026-01-27 23:12:39,598 - INFO - Removed tier, industry from Borosil Renewables Ltd
2026-01-27 23:12:39,599 - INFO - [307/2119] Processing: Bosch_Ltd_esg.json
2026-01-27 23:12:39,600 - INFO - Removed tier, industry from Bosch Ltd
2026-01-27 23:12:39,601 - INFO - [308/2119] Processing: BOSCH_LTD__esg.json
2026-01-27 23:12:39,602 - INFO - Removed tier, industry from BOSCH LTD
2026-01-27 23:12:39,604 - INFO - [309/2119] Processing: Brainbees_Solutions_Ltd_esg.json
2026-01-27 23:12:39,605 - INFO - Removed tier, industry from Brainbees Solutions Ltd
2026-01-27 23:12:39,606 - INFO - [310/2119] Processing: Brigade_Enterprises_Ltd_esg.json
2026-01-27 23:12:39,606 - INFO - Removed tier, industry from Brigade Enterprises Ltd
2026-01-27 23:12:39,608 - INFO - [311/2119] Processing: BRIGADE_ENTERPRISES_LTD__esg.json
2026-01-27 23:12:39,608 - INFO - Removed tier, industry from BRIGADE ENTERPRISES LTD.
2026-01-27 23:12:39,610 - INFO - [312/2119] Processing: Britannia_Industries_Ltd_esg.json
2026-01-27 23:12:39,611 - INFO - Removed tier, industry from Britannia Industries Ltd
2026-01-27 23:12:39,612 - INFO - [313/2119] Processing: BRITANNIA_INDUSTRIES_LTD__esg.json
2026-01-27 23:12:39,613 - INFO - Removed tier, industry from BRITANNIA INDUSTRIES LTD.
2026-01-27 23:12:39,614 - INFO - [314/2119] Processing: Butterfly_Gandhimathi_Appliances_Ltd_esg.json
2026-01-27 23:12:39,614 - INFO - Removed tier, industry from Butterfly Gandhimathi Appliances Ltd
2026-01-27 23:12:39,616 - INFO - [315/2119] Processing: Camlin_Fine_Sciences_Ltd_esg.json
2026-01-27 23:12:39,616 - INFO - Removed tier, industry from Camlin Fine Sciences Ltd
2026-01-27 23:12:39,618 - INFO - [316/2119] Processing: CAMLIN_FINE_SCIENCES_LTD__esg.json
2026-01-27 23:12:39,618 - INFO - Removed tier, industry from CAMLIN FINE SCIENCES LTD.
2026-01-27 23:12:39,620 - INFO - [317/2119] Processing: CAMPUS_ACTIVEWEAR_LIMITED_esg.json
2026-01-27 23:12:39,621 - INFO - Removed tier, industry from CAMPUS ACTIVEWEAR LIMITED
2026-01-27 23:12:39,623 - INFO - [318/2119] Processing: Campus_Activewear_Ltd_esg.json
2026-01-27 23:12:39,623 - INFO - Removed tier, industry from Campus Activewear Ltd.
2026-01-27 23:12:39,625 - INFO - [319/2119] Processing: CANARA_BANK_esg.json
2026-01-27 23:12:39,625 - INFO - Removed tier, industry from Canara Bank
2026-01-27 23:12:39,627 - INFO - [320/2119] Processing: Cantabil_Retail_India_Ltd_esg.json
2026-01-27 23:12:39,628 - INFO - Removed tier, industry from Cantabil Retail India Ltd
2026-01-27 23:12:39,630 - INFO - [321/2119] Processing: CANTABIL_RETAIL_INDIA_LTD__esg.json
2026-01-27 23:12:39,630 - INFO - Removed tier, industry from CANTABIL RETAIL INDIA LTD.
2026-01-27 23:12:39,632 - INFO - [322/2119] Processing: CAN_FIN_HOMES_LTD__esg.json
2026-01-27 23:12:39,632 - INFO - Removed tier, industry from CAN FIN HOMES LTD.
2026-01-27 23:12:39,634 - INFO - [323/2119] Processing: Capacite_Infraprojects_Ltd_esg.json
2026-01-27 23:12:39,635 - INFO - Removed tier, industry from Capacite Infraprojects Ltd
2026-01-27 23:12:39,637 - INFO - [324/2119] Processing: CAPITAL_INDIA_FINANCE_LIMITED_esg.json
2026-01-27 23:12:39,637 - INFO - Removed tier, industry from CAPITAL INDIA FINANCE LIMITED
2026-01-27 23:12:39,639 - INFO - [325/2119] Processing: Capital_India_Finance_Ltd_esg.json
2026-01-27 23:12:39,639 - INFO - Removed tier, industry from Capital India Finance Ltd
2026-01-27 23:12:39,641 - INFO - [326/2119] Processing: CAPLIN_POINT_LABORATORIES_LIMITED_esg.json
2026-01-27 23:12:39,642 - INFO - Removed tier, industry from CAPLIN POINT LABORATORIES LIMITED
2026-01-27 23:12:39,643 - INFO - [327/2119] Processing: Caplin_Point_Laboratories_Ltd_esg.json
2026-01-27 23:12:39,644 - INFO - Removed tier, industry from Caplin Point Laboratories Ltd
2026-01-27 23:12:39,646 - INFO - [328/2119] Processing: CAPLIN_POINT_LABORATORIES_LTD__esg.json
2026-01-27 23:12:39,646 - INFO - Removed tier, industry from CAPLIN POINT LABORATORIES LTD.
2026-01-27 23:12:39,648 - INFO - [329/2119] Processing: Capri_Global_Capital_Limited_esg.json
2026-01-27 23:12:39,648 - INFO - Removed tier, industry from CAPRI GLOBAL CAPITAL LIMITED
2026-01-27 23:12:39,650 - INFO - [330/2119] Processing: Capri_Global_Capital_Ltd_esg.json
2026-01-27 23:12:39,650 - INFO - Removed tier, industry from Capri Global Capital Ltd
2026-01-27 23:12:39,652 - INFO - [331/2119] Processing: Carborundum_Universal_Ltd_esg.json
2026-01-27 23:12:39,652 - INFO - Removed tier, industry from Carborundum Universal Ltd
2026-01-27 23:12:39,654 - INFO - [332/2119] Processing: CARBORUNDUM_UNIVERSAL_LTD__esg.json
2026-01-27 23:12:39,655 - INFO - Removed tier, industry from CARBORUNDUM UNIVERSAL LTD.
2026-01-27 23:12:39,656 - INFO - [333/2119] Processing: CARE_Ratings_Ltd_esg.json
2026-01-27 23:12:39,656 - INFO - Removed tier, industry from CARE Ratings Ltd
2026-01-27 23:12:39,658 - INFO - [334/2119] Processing: CARTRADE_TECH_LIMITED_esg.json
2026-01-27 23:12:39,658 - INFO - Removed tier, industry from CARTRADE TECH LIMITED
2026-01-27 23:12:39,660 - INFO - [335/2119] Processing: CarTrade_Tech_Ltd_esg.json
2026-01-27 23:12:39,661 - INFO - Removed tier, industry from CarTrade Tech Ltd
2026-01-27 23:12:39,663 - INFO - [336/2119] Processing: CARYSIL_LIMITED_esg.json
2026-01-27 23:12:39,663 - INFO - Removed tier, industry from CARYSIL LIMITED
2026-01-27 23:12:39,665 - INFO - [337/2119] Processing: Carysil_Ltd_esg.json
2026-01-27 23:12:39,665 - INFO - Removed tier, industry from Carysil Ltd
2026-01-27 23:12:39,667 - INFO - [338/2119] Processing: CASTROL_INDIA_LTD__esg.json
2026-01-27 23:12:39,667 - INFO - Removed tier, industry from CASTROL INDIA LTD.
2026-01-27 23:12:39,669 - INFO - [339/2119] Processing: CCL_Products__India__Ltd_esg.json
2026-01-27 23:12:39,670 - INFO - Removed tier, industry from CCL Products (India) Ltd
2026-01-27 23:12:39,671 - INFO - [340/2119] Processing: CCL_PRODUCTS__INDIA__LTD__esg.json
2026-01-27 23:12:39,672 - INFO - Removed tier, industry from CCL PRODUCTS (INDIA) LTD.
2026-01-27 23:12:39,673 - INFO - [341/2119] Processing: Ceat_Ltd_esg.json
2026-01-27 23:12:39,674 - INFO - Removed tier, industry from Ceat Ltd
2026-01-27 23:12:39,675 - INFO - [342/2119] Processing: CEIGALL_INDIA_LIMITED_esg.json
2026-01-27 23:12:39,676 - INFO - Removed tier, industry from CEIGALL INDIA LIMITED
2026-01-27 23:12:39,678 - INFO - [343/2119] Processing: Ceigall_India_Ltd_esg.json
2026-01-27 23:12:39,678 - INFO - Removed tier, industry from Ceigall India Limited
2026-01-27 23:12:39,680 - INFO - [344/2119] Processing: Cello_World_Ltd_esg.json
2026-01-27 23:12:39,680 - INFO - Removed tier, industry from Cello World Ltd
2026-01-27 23:12:39,682 - INFO - [345/2119] Processing: CENTRAL_BANK_OF_INDIA_esg.json
2026-01-27 23:12:39,682 - INFO - Removed tier, industry from CENTRAL BANK OF INDIA
2026-01-27 23:12:39,684 - INFO - [346/2119] Processing: Centrum_Capital_Ltd_esg.json
2026-01-27 23:12:39,684 - INFO - Removed tier, industry from Centrum Capital Ltd
2026-01-27 23:12:39,686 - INFO - [347/2119] Processing: CENTRUM_CAPITAL_LTD__esg.json
2026-01-27 23:12:39,686 - INFO - Removed tier, industry from CENTRUM CAPITAL LTD.
2026-01-27 23:12:39,688 - INFO - [348/2119] Processing: Centum_Electronics_Ltd_esg.json
2026-01-27 23:12:39,689 - INFO - Removed tier, industry from Centum Electronics Ltd
2026-01-27 23:12:39,690 - INFO - [349/2119] Processing: CENTUM_ELECTRONICS_LTD__esg.json
2026-01-27 23:12:39,691 - INFO - Removed tier, industry from CENTUM ELECTRONICS LTD.
2026-01-27 23:12:39,692 - INFO - [350/2119] Processing: Century_Enka_Ltd_esg.json
2026-01-27 23:12:39,693 - INFO - Removed tier, industry from Century Enka Ltd
2026-01-27 23:12:39,695 - INFO - [351/2119] Processing: CENTURY_ENKA_LTD__esg.json
2026-01-27 23:12:39,695 - INFO - Removed tier, industry from CENTURY ENKA LTD.
2026-01-27 23:12:39,697 - INFO - [352/2119] Processing: Century_Plyboards__India__Ltd-_esg.json
2026-01-27 23:12:39,697 - INFO - Removed tier, industry from Century Plyboards (India) Ltd-
2026-01-27 23:12:39,699 - INFO - [353/2119] Processing: CENTURY_PLYBOARDS__I__LTD_-_esg.json
2026-01-27 23:12:39,699 - INFO - Removed tier, industry from CENTURY PLYBOARDS (I) LTD.-
2026-01-27 23:12:39,701 - INFO - [354/2119] Processing: CENTURY_TEXTILES___INDUSTRIES_LTD__esg.json
2026-01-27 23:12:39,702 - INFO - Removed tier, industry from CENTURY TEXTILES & INDUSTRIES LTD.
2026-01-27 23:12:39,704 - INFO - [355/2119] Processing: Cera_Sanitaryware_Ltd_esg.json
2026-01-27 23:12:39,704 - INFO - Removed tier, industry from Cera Sanitaryware Ltd
2026-01-27 23:12:39,706 - INFO - [356/2119] Processing: CERA_SANITARYWARE_LTD__esg.json
2026-01-27 23:12:39,707 - INFO - Removed tier, industry from CERA SANITARYWARE LTD.
2026-01-27 23:12:39,708 - INFO - [357/2119] Processing: CESC_Ltd_esg.json
2026-01-27 23:12:39,709 - INFO - Removed tier, industry from CESC Ltd
2026-01-27 23:12:39,711 - INFO - [358/2119] Processing: CESC_LTD__esg.json
2026-01-27 23:12:39,712 - INFO - Removed tier, industry from CESC LTD.
2026-01-27 23:12:39,714 - INFO - [359/2119] Processing: CG_Power_and_Industrial_Solutions_Ltd_esg.json
2026-01-27 23:12:39,714 - INFO - Removed tier, industry from CG Power and Industrial Solutions Ltd
2026-01-27 23:12:39,716 - INFO - [360/2119] Processing: Chalet_Hotels_Ltd_esg.json
2026-01-27 23:12:39,716 - INFO - Removed tier, industry from Chalet Hotels Ltd
2026-01-27 23:12:39,717 - INFO - [361/2119] Processing: CHAMAN_LAL_SETIA_EXPORTS_LIMITED_esg.json
2026-01-27 23:12:39,718 - INFO - Removed tier, industry from CHAMAN LAL SETIA EXPORTS LIMITED
2026-01-27 23:12:39,730 - INFO - [362/2119] Processing: Chaman_Lal_Setia_Exports_Ltd-_esg.json
2026-01-27 23:12:39,731 - INFO - Removed tier, industry from Chaman Lal Setia Exports Ltd.
2026-01-27 23:12:39,732 - INFO - [363/2119] Processing: CHAMAN_LAL_SETIA_EXPORTS_LTD_-_esg.json
2026-01-27 23:12:39,733 - INFO - Removed tier, industry from CHAMAN LAL SETIA EXPORTS LTD.-
2026-01-27 23:12:39,734 - INFO - [364/2119] Processing: Chambal_Fertilisers___Chemicals_Ltd_esg.json
2026-01-27 23:12:39,735 - INFO - Removed tier, industry from Chambal Fertilisers & Chemicals Ltd
2026-01-27 23:12:39,736 - INFO - [365/2119] Processing: CHAMBAL_FERTILISERS___CHEMICALS_LTD__esg.json
2026-01-27 23:12:39,737 - INFO - Removed tier, industry from CHAMBAL FERTILISERS AND CHEMICALS LIMITED
2026-01-27 23:12:39,739 - INFO - [366/2119] Processing: Chemcon_Speciality_Chemicals_Ltd_esg.json
2026-01-27 23:12:39,739 - INFO - Removed tier, industry from Chemcon Speciality Chemicals Ltd
2026-01-27 23:12:39,741 - INFO - [367/2119] Processing: Chemplast_Sanmar_Ltd_esg.json
2026-01-27 23:12:39,741 - INFO - Removed tier, industry from Chemplast Sanmar Ltd
2026-01-27 23:12:39,743 - INFO - [368/2119] Processing: Chennai_Petroleum_Corporation_Ltd_esg.json
2026-01-27 23:12:39,743 - INFO - Removed tier, industry from Chennai Petroleum Corporation Limited
2026-01-27 23:12:39,745 - INFO - [369/2119] Processing: CHENNAI_PETROLEUM_CORPORATION_LTD__esg.json
2026-01-27 23:12:39,745 - INFO - Removed tier, industry from CHENNAI PETROLEUM CORPORATION LIMITED
2026-01-27 23:12:39,747 - INFO - [370/2119] Processing: Choice_International_Ltd_esg.json
2026-01-27 23:12:39,747 - INFO - Removed tier, industry from Choice International Ltd
2026-01-27 23:12:39,749 - INFO - [371/2119] Processing: CHOICE_INTERNATIONAL_LTD__esg.json
2026-01-27 23:12:39,749 - INFO - Removed tier, industry from CHOICE INTERNATIONAL LTD.
2026-01-27 23:12:39,751 - INFO - [372/2119] Processing: Cholamandalam_Financial_Holdings_Ltd_esg.json
2026-01-27 23:12:39,751 - INFO - Removed tier, industry from Cholamandalam Financial Holdings Ltd
2026-01-27 23:12:39,753 - INFO - [373/2119] Processing: Cholamandalam_Investment_and_Finance_Company_Ltd_esg.json
2026-01-27 23:12:39,753 - INFO - Removed tier, industry from Cholamandalam Investment and Finance Company Ltd.
2026-01-27 23:12:39,755 - INFO - [374/2119] Processing: CIE_Automotive_India_Ltd_esg.json
2026-01-27 23:12:39,755 - INFO - Removed tier, industry from CIE Automotive India Ltd
2026-01-27 23:12:39,757 - INFO - [375/2119] Processing: CIGNITI_TECHNOLOGIES_LIMITED_esg.json
2026-01-27 23:12:39,757 - INFO - Removed tier, industry from CIGNITI TECHNOLOGIES LIMITED
2026-01-27 23:12:39,759 - INFO - [376/2119] Processing: CIGNITI_TECHNOLOGIES_LTD__esg.json
2026-01-27 23:12:39,759 - INFO - Removed tier, industry from CIGNITI TECHNOLOGIES LTD.
2026-01-27 23:12:39,761 - INFO - [377/2119] Processing: Cipla_Ltd_esg.json
2026-01-27 23:12:39,761 - INFO - Removed tier, industry from Cipla Ltd
2026-01-27 23:12:39,763 - INFO - [378/2119] Processing: City_Union_Bank_Ltd_esg.json
2026-01-27 23:12:39,763 - INFO - Removed tier, industry from City Union Bank Ltd
2026-01-27 23:12:39,765 - INFO - [379/2119] Processing: CITY_UNION_BANK_LTD__esg.json
2026-01-27 23:12:39,765 - INFO - Removed tier, industry from CITY UNION BANK LTD.
2026-01-27 23:12:39,767 - INFO - [380/2119] Processing: Clean_Science_and_Technology_Ltd_esg.json
2026-01-27 23:12:39,767 - INFO - Removed tier, industry from Clean Science and Technology Ltd
2026-01-27 23:12:39,769 - INFO - [381/2119] Processing: CMS_Info_Systems_Ltd_esg.json
2026-01-27 23:12:39,769 - INFO - Removed tier, industry from CMS Info Systems Ltd
2026-01-27 23:12:39,771 - INFO - [382/2119] Processing: Coal_India_Ltd_esg.json
2026-01-27 23:12:39,771 - INFO - Removed tier, industry from Coal India Ltd
2026-01-27 23:12:39,774 - INFO - [383/2119] Processing: COAL_INDIA_LTD__esg.json
2026-01-27 23:12:39,774 - INFO - Removed tier, industry from COAL INDIA LTD.
2026-01-27 23:12:39,776 - INFO - [384/2119] Processing: COCHIN_SHIPYARD_LIMITED_esg.json
2026-01-27 23:12:39,777 - INFO - Removed tier, industry from COCHIN SHIPYARD LIMITED
2026-01-27 23:12:39,779 - INFO - [385/2119] Processing: Cochin_Shipyard_Ltd_esg.json
2026-01-27 23:12:39,779 - INFO - Removed tier, industry from Cochin Shipyard Ltd
2026-01-27 23:12:39,781 - INFO - [386/2119] Processing: COFORGE_LIMITED_esg.json
2026-01-27 23:12:39,781 - INFO - Removed tier, industry from COFORGE LIMITED
2026-01-27 23:12:39,784 - INFO - [387/2119] Processing: Coforge_Ltd_esg.json
2026-01-27 23:12:39,784 - INFO - Removed tier, industry from Coforge Ltd
2026-01-27 23:12:39,786 - INFO - [388/2119] Processing: Cohance_Lifesciences_Ltd_esg.json
2026-01-27 23:12:39,786 - INFO - Removed tier, industry from Cohance Lifesciences Ltd
2026-01-27 23:12:39,788 - INFO - [389/2119] Processing: Colgate_Palmolive__India__Ltd_esg.json
2026-01-27 23:12:39,788 - INFO - Removed tier, industry from Colgate Palmolive (India) Ltd
2026-01-27 23:12:39,790 - INFO - [390/2119] Processing: Computer_Age_Management_Services_Ltd_esg.json
2026-01-27 23:12:39,790 - INFO - Removed tier, industry from Computer Age Management Services Ltd
2026-01-27 23:12:39,792 - INFO - [391/2119] Processing: Concord_Biotech_Ltd_esg.json
2026-01-27 23:12:39,792 - INFO - Removed tier, industry from Concord Biotech Ltd
2026-01-27 23:12:39,794 - INFO - [392/2119] Processing: CONFIDENCE_PETROLEUM_INDIA_LIMITED_esg.json
2026-01-27 23:12:39,795 - INFO - Removed tier, industry from CONFIDENCE PETROLEUM INDIA LIMITED
2026-01-27 23:12:39,796 - INFO - [393/2119] Processing: Confidence_Petroleum_India_Ltd_esg.json
2026-01-27 23:12:39,797 - INFO - Removed tier, industry from Confidence Petroleum India Ltd
2026-01-27 23:12:39,798 - INFO - [394/2119] Processing: CONFIDENCE_PETROLEUM_INDIA_LTD__esg.json
2026-01-27 23:12:39,799 - INFO - Removed tier, industry from CONFIDENCE PETROLEUM INDIA LTD.
2026-01-27 23:12:39,800 - INFO - [395/2119] Processing: CONTAINER_CORPORATION_OF_INDIA_LIMITED_esg.json
2026-01-27 23:12:39,800 - INFO - Removed tier, industry from CONTAINER CORPORATION OF INDIA LIMITED
2026-01-27 23:12:39,802 - INFO - [396/2119] Processing: CONTAINER_CORPORATION_OF_INDIA_LTD__esg.json
2026-01-27 23:12:39,803 - INFO - Removed tier, industry from CONTAINER CORPORATION OF INDIA LTD.
2026-01-27 23:12:39,804 - INFO - [397/2119] Processing: Control_Print_Ltd-_esg.json
2026-01-27 23:12:39,805 - INFO - Removed tier, industry from Control Print Ltd-
2026-01-27 23:12:39,806 - INFO - [398/2119] Processing: CONTROL_PRINT_LTD_-_esg.json
2026-01-27 23:12:39,807 - INFO - Removed tier, industry from CONTROL PRINT LTD.-
2026-01-27 23:12:39,808 - INFO - [399/2119] Processing: Coromandel_International_Ltd_esg.json
2026-01-27 23:12:39,809 - INFO - Removed tier, industry from Coromandel International Ltd
2026-01-27 23:12:39,810 - INFO - [400/2119] Processing: COROMANDEL_INTERNATIONAL_LTD__esg.json
2026-01-27 23:12:39,811 - INFO - Removed tier, industry from COROMANDEL INTERNATIONAL LTD.
2026-01-27 23:12:39,813 - INFO - [401/2119] Processing: Cosmo_First_Ltd_esg.json
2026-01-27 23:12:39,813 - INFO - Removed tier, industry from Cosmo First Ltd
2026-01-27 23:12:39,814 - INFO - [402/2119] Processing: Craftsman_Automation_Ltd_esg.json
2026-01-27 23:12:39,815 - INFO - Removed tier, industry from Craftsman Automation Ltd
2026-01-27 23:12:39,816 - INFO - [403/2119] Processing: CreditAccess_Grameen_Ltd_esg.json
2026-01-27 23:12:39,817 - INFO - Removed tier, industry from CreditAccess Grameen Ltd
2026-01-27 23:12:39,818 - INFO - [404/2119] Processing: CRESSANDA_SOLUTIONS_LTD__esg.json
2026-01-27 23:12:39,819 - INFO - Removed tier, industry from CRESSANDA SOLUTIONS LTD.
2026-01-27 23:12:39,821 - INFO - [405/2119] Processing: Crompton_Greaves_Consumer_Electricals_Ltd_esg.json
2026-01-27 23:12:39,821 - INFO - Removed tier, industry from Crompton Greaves Consumer Electricals Ltd
2026-01-27 23:12:39,822 - INFO - [406/2119] Processing: CSB_Bank_Ltd_esg.json
2026-01-27 23:12:39,823 - INFO - Removed tier, industry from CSB Bank Ltd
2026-01-27 23:12:39,824 - INFO - [407/2119] Processing: Cummins_India_Ltd_esg.json
2026-01-27 23:12:39,825 - INFO - Removed tier, industry from Cummins India Ltd
2026-01-27 23:12:39,826 - INFO - [408/2119] Processing: CUMMINS_INDIA_LTD__esg.json
2026-01-27 23:12:39,827 - INFO - Removed tier, industry from CUMMINS INDIA LTD.
2026-01-27 23:12:39,829 - INFO - [409/2119] Processing: CUPID_LIMITED_esg.json
2026-01-27 23:12:39,829 - INFO - Removed tier, industry from CUPID LIMITED
2026-01-27 23:12:39,831 - INFO - [410/2119] Processing: Cupid_Ltd-_esg.json
2026-01-27 23:12:39,831 - INFO - Removed tier, industry from Cupid Ltd-
2026-01-27 23:12:39,833 - INFO - [411/2119] Processing: CUPID_LTD_-_esg.json
2026-01-27 23:12:39,833 - INFO - Removed tier, industry from CUPID LTD.-
2026-01-27 23:12:39,835 - INFO - [412/2119] Processing: CYIENT_LIMITED_esg.json
2026-01-27 23:12:39,835 - INFO - Removed tier, industry from CYIENT LIMITED
2026-01-27 23:12:39,837 - INFO - [413/2119] Processing: Cyient_Ltd_esg.json
2026-01-27 23:12:39,837 - INFO - Removed tier, industry from Cyient Ltd
2026-01-27 23:12:39,839 - INFO - [414/2119] Processing: C_E__Info_Systems_Ltd_esg.json
2026-01-27 23:12:39,839 - INFO - Removed tier, industry from C.E. Info Systems Ltd
2026-01-27 23:12:39,841 - INFO - [415/2119] Processing: Dabur_India_Ltd_esg.json
2026-01-27 23:12:39,841 - INFO - Removed tier, industry from Dabur India Ltd
2026-01-27 23:12:39,843 - INFO - [416/2119] Processing: DABUR_INDIA_LTD__esg.json
2026-01-27 23:12:39,843 - INFO - Removed tier, industry from DABUR INDIA LTD.
2026-01-27 23:12:39,845 - INFO - [417/2119] Processing: Dalmia_Bharat_Ltd_esg.json
2026-01-27 23:12:39,845 - INFO - Removed tier, industry from Dalmia Bharat Ltd
2026-01-27 23:12:39,847 - INFO - [418/2119] Processing: Dalmia_Bharat_Sugar_and_Industries_Ltd_esg.json
2026-01-27 23:12:39,847 - INFO - Removed tier, industry from Dalmia Bharat Sugar and Industries Ltd.
2026-01-27 23:12:39,849 - INFO - [419/2119] Processing: Datamatics_Global_Services_Ltd_esg.json
2026-01-27 23:12:39,849 - INFO - Removed tier, industry from Datamatics Global Services Ltd
2026-01-27 23:12:39,851 - INFO - [420/2119] Processing: DATAMATICS_GLOBAL_SERVICES_LTD__esg.json
2026-01-27 23:12:39,852 - INFO - Removed tier, industry from DATAMATICS GLOBAL SERVICES LTD.
2026-01-27 23:12:39,853 - INFO - [421/2119] Processing: Data_Patterns__India__Ltd_esg.json
2026-01-27 23:12:39,854 - INFO - Removed tier, industry from Data Patterns (India) Ltd
2026-01-27 23:12:39,856 - INFO - [422/2119] Processing: DCB_BANK_LIMITED_esg.json
2026-01-27 23:12:39,856 - INFO - Removed tier, industry from DCB BANK LIMITED
2026-01-27 23:12:39,858 - INFO - [423/2119] Processing: DCB_Bank_Ltd_esg.json
2026-01-27 23:12:39,858 - INFO - Removed tier, industry from DCB Bank Ltd
2026-01-27 23:12:39,860 - INFO - [424/2119] Processing: DCM_NOUVELLE_LIMITED_esg.json
2026-01-27 23:12:39,860 - INFO - Removed tier, industry from DCM NOUVELLE LIMITED
2026-01-27 23:12:39,862 - INFO - [425/2119] Processing: DCM_Nouvelle_Ltd_esg.json
2026-01-27 23:12:39,862 - INFO - Removed tier, industry from DCM Nouvelle Ltd
2026-01-27 23:12:39,864 - INFO - [426/2119] Processing: DCM_Shriram_Industries_Ltd-_esg.json
2026-01-27 23:12:39,864 - INFO - Removed tier, industry from DCM Shriram Industries Ltd-
2026-01-27 23:12:39,866 - INFO - [427/2119] Processing: DCM_SHRIRAM_INDUSTRIES_LTD_-_esg.json
2026-01-27 23:12:39,866 - INFO - Removed tier, industry from DCM SHRIRAM INDUSTRIES LTD.
2026-01-27 23:12:39,868 - INFO - [428/2119] Processing: DCM_Shriram_Limited_esg.json
2026-01-27 23:12:39,868 - INFO - Removed tier, industry from DCM Shriram Limited
2026-01-27 23:12:39,870 - INFO - [429/2119] Processing: DCM_Shriram_Ltd_esg.json
2026-01-27 23:12:39,871 - INFO - Removed tier, industry from DCM Shriram Ltd.
2026-01-27 23:12:39,872 - INFO - [430/2119] Processing: DCW_LIMITED_esg.json
2026-01-27 23:12:39,873 - INFO - Removed tier, industry from DCW LIMITED
2026-01-27 23:12:39,874 - INFO - [431/2119] Processing: DCW_Ltd_esg.json
2026-01-27 23:12:39,875 - INFO - Removed tier, industry from DCW Ltd
2026-01-27 23:12:39,877 - INFO - [432/2119] Processing: DCW_LTD__esg.json
2026-01-27 23:12:39,877 - INFO - Removed tier, industry from DCW LTD.
2026-01-27 23:12:39,879 - INFO - [433/2119] Processing: DCX_SYSTEMS_LIMITED_esg.json
2026-01-27 23:12:39,879 - INFO - Removed tier, industry from DCX SYSTEMS LIMITED
2026-01-27 23:12:39,886 - INFO - [434/2119] Processing: DCX_Systems_Ltd_esg.json
2026-01-27 23:12:39,886 - INFO - Removed tier, industry from DCX Systems Ltd
2026-01-27 23:12:39,888 - INFO - [435/2119] Processing: DDEV_PLASTIKS_INDUSTRIES_LIMITED_esg.json
2026-01-27 23:12:39,888 - INFO - Removed tier, industry from DDEV PLASTIKS INDUSTRIES LIMITED
2026-01-27 23:12:39,890 - INFO - [436/2119] Processing: Ddev_Plastiks_Industries_Ltd_esg.json
2026-01-27 23:12:39,890 - INFO - Removed tier, industry from Ddev Plastiks Industries Ltd
2026-01-27 23:12:39,892 - INFO - [437/2119] Processing: Deepak_Fertilisers___Petrochemicals_Corporation_Ltd_esg.json
2026-01-27 23:12:39,893 - INFO - Removed tier, industry from Deepak Fertilisers & Petrochemicals Corporation Ltd
2026-01-27 23:12:39,894 - INFO - [438/2119] Processing: DEEPAK_FERTILISERS___PETROCHEMICALS_CORPORATION_LTD__esg.json
2026-01-27 23:12:39,895 - INFO - Removed tier, industry from DEEPAK FERTILISERS AND PETROCHEMICALS CORPORATION LIMITED
2026-01-27 23:12:39,896 - INFO - [439/2119] Processing: Deepak_Nitrite_Ltd-_esg.json
2026-01-27 23:12:39,897 - INFO - Removed tier, industry from Deepak Nitrite Ltd-
2026-01-27 23:12:39,898 - INFO - [440/2119] Processing: DEEPAK_NITRITE_LTD_-_esg.json
2026-01-27 23:12:39,899 - INFO - Removed tier, industry from DEEPAK NITRITE LTD.-
2026-01-27 23:12:39,900 - INFO - [441/2119] Processing: Deep_Industries_Ltd_esg.json
2026-01-27 23:12:39,901 - INFO - Removed tier, industry from Deep Industries Ltd
2026-01-27 23:12:39,902 - INFO - [442/2119] Processing: DEE_DEVELOPMENT_ENGINEERS_LIMITED_esg.json
2026-01-27 23:12:39,903 - INFO - Removed tier, industry from DEE DEVELOPMENT ENGINEERS LIMITED
2026-01-27 23:12:39,905 - INFO - [443/2119] Processing: Dee_Development_Engineers_Ltd_esg.json
2026-01-27 23:12:39,905 - INFO - Removed tier, industry from Dee Development Engineers Ltd
2026-01-27 23:12:39,907 - INFO - [444/2119] Processing: Delhivery_Ltd_esg.json
2026-01-27 23:12:39,907 - INFO - Removed tier, industry from Delhivery Ltd
2026-01-27 23:12:39,909 - INFO - [445/2119] Processing: Delta_Corp_Ltd_esg.json
2026-01-27 23:12:39,909 - INFO - Removed tier, industry from Delta Corp Ltd
2026-01-27 23:12:39,911 - INFO - [446/2119] Processing: DELTA_CORP_LTD__esg.json
2026-01-27 23:12:39,913 - INFO - Removed tier, industry from DELTA CORP LTD.
2026-01-27 23:12:39,919 - INFO - [447/2119] Processing: Den_Networks_Ltd_esg.json
2026-01-27 23:12:39,921 - INFO - Removed tier, industry from Den Networks Ltd
2026-01-27 23:12:39,927 - INFO - [448/2119] Processing: Devyani_International_Ltd_esg.json
2026-01-27 23:12:39,928 - INFO - Removed tier, industry from Devyani International Ltd
2026-01-27 23:12:39,934 - INFO - [449/2119] Processing: Dhampur_Bio_Organics_Ltd_esg.json
2026-01-27 23:12:39,935 - INFO - Removed tier, industry from Dhampur Bio Organics Ltd.
2026-01-27 23:12:39,938 - INFO - [450/2119] Processing: DHAMPUR_SUGAR_MILLS_LTD__esg.json
2026-01-27 23:12:39,939 - INFO - Removed tier, industry from DHAMPUR SUGAR MILLS LTD.
2026-01-27 23:12:39,941 - INFO - [451/2119] Processing: DHANI_SERVICES_LIMITED_esg.json
2026-01-27 23:12:39,942 - INFO - Removed tier, industry from DHANI SERVICES LIMITED
2026-01-27 23:12:39,945 - INFO - [452/2119] Processing: Dhani_Services_Ltd_esg.json
2026-01-27 23:12:39,945 - INFO - Removed tier, industry from Dhani Services Limited
2026-01-27 23:12:39,948 - INFO - [453/2119] Processing: Dhanuka_Agritech_Ltd_esg.json
2026-01-27 23:12:39,949 - INFO - Removed tier, industry from Dhanuka Agritech Limited
2026-01-27 23:12:39,952 - INFO - [454/2119] Processing: DHANUKA_AGRITECH_LTD__esg.json
2026-01-27 23:12:39,953 - INFO - Removed tier, industry from DHANUKA AGRITECH LTD.
2026-01-27 23:12:39,955 - INFO - [455/2119] Processing: Dhunseri_Ventures_Ltd-_esg.json
2026-01-27 23:12:39,955 - INFO - Removed tier, industry from Dhunseri Ventures Ltd-
2026-01-27 23:12:39,957 - INFO - [456/2119] Processing: Diamond_Power_Infrastructure_Limited-_esg.json
2026-01-27 23:12:39,958 - INFO - Removed tier, industry from Diamond Power Infrastructure Limited
2026-01-27 23:12:39,959 - INFO - [457/2119] Processing: DIAMOND_POWER_INFRASTRUCTURE_LIMITED_esg.json
2026-01-27 23:12:39,960 - INFO - Removed tier, industry from DIAMOND POWER INFRASTRUCTURE LIMITED
2026-01-27 23:12:39,962 - INFO - [458/2119] Processing: Diamond_Power_Infrastructure_Ltd-_esg.json
2026-01-27 23:12:39,962 - INFO - Removed tier, industry from Diamond Power Infrastructure Ltd-
2026-01-27 23:12:39,964 - INFO - [459/2119] Processing: Dilip_Buildcon_Ltd_esg.json
2026-01-27 23:12:39,964 - INFO - Removed tier, industry from Dilip Buildcon Ltd
2026-01-27 23:12:39,966 - INFO - [460/2119] Processing: Disa_India_Ltd_esg.json
2026-01-27 23:12:39,966 - INFO - Removed tier, industry from Disa India Ltd
2026-01-27 23:12:39,968 - INFO - [461/2119] Processing: DISA_INDIA_LTD__esg.json
2026-01-27 23:12:39,969 - INFO - Removed tier, industry from DISA INDIA LTD.
2026-01-27 23:12:39,971 - INFO - [462/2119] Processing: DISHMAN_CARBOGEN_AMCIS_LIMITED_esg.json
2026-01-27 23:12:39,971 - INFO - Removed tier, industry from DISHMAN CARBOGEN AMCIS LIMITED
2026-01-27 23:12:39,973 - INFO - [463/2119] Processing: Dishman_Carbogen_Amcis_Ltd_esg.json
2026-01-27 23:12:39,973 - INFO - Removed tier, industry from Dishman Carbogen Amcis Ltd
2026-01-27 23:12:39,975 - INFO - [464/2119] Processing: Dish_TV_India_Ltd_esg.json
2026-01-27 23:12:39,975 - INFO - Removed tier, industry from Dish TV India Ltd
2026-01-27 23:12:39,977 - INFO - [465/2119] Processing: DISH_TV_INDIA_LTD__esg.json
2026-01-27 23:12:39,977 - INFO - Removed tier, industry from DISH TV INDIA LTD.
2026-01-27 23:12:39,979 - INFO - [466/2119] Processing: DIVGI_TORQTRANSFER_SYSTEMS_Ltd_esg.json
2026-01-27 23:12:39,979 - INFO - Removed tier, industry from DIVGI TORQTRANSFER SYSTEMS Ltd
2026-01-27 23:12:39,981 - INFO - [467/2119] Processing: Divis_Laboratories_Ltd_esg.json
2026-01-27 23:12:39,981 - INFO - Removed tier, industry from Divis Laboratories Ltd
2026-01-27 23:12:39,983 - INFO - [468/2119] Processing: DIVI_S_LABORATORIES_LTD__esg.json
2026-01-27 23:12:39,983 - INFO - Removed tier, industry from DIVI'S LABORATORIES LTD.
2026-01-27 23:12:39,984 - INFO - [469/2119] Processing: DIXON_TECHNOLOGIES__INDIA__LIMITED_esg.json
2026-01-27 23:12:39,985 - INFO - Removed tier, industry from DIXON TECHNOLOGIES (INDIA) LIMITED
2026-01-27 23:12:39,987 - INFO - [470/2119] Processing: Dixon_Technologies__India__Ltd_esg.json
2026-01-27 23:12:39,987 - INFO - Removed tier, industry from Dixon Technologies (India) Ltd
2026-01-27 23:12:39,989 - INFO - [471/2119] Processing: DLF_Ltd_esg.json
2026-01-27 23:12:39,989 - INFO - Removed tier, industry from DLF Ltd
2026-01-27 23:12:39,991 - INFO - [472/2119] Processing: DLF_LTD__esg.json
2026-01-27 23:12:39,991 - INFO - Removed tier, industry from DLF LTD.
2026-01-27 23:12:39,993 - INFO - [473/2119] Processing: DMCC_Speciality_Chemicals_Ltd_esg.json
2026-01-27 23:12:39,993 - INFO - Removed tier, industry from DMCC Speciality Chemicals Ltd
2026-01-27 23:12:39,995 - INFO - [474/2119] Processing: Dodla_Dairy_Ltd_esg.json
2026-01-27 23:12:39,995 - INFO - Removed tier, industry from Dodla Dairy Ltd
2026-01-27 23:12:39,997 - INFO - [475/2119] Processing: DOLAT_ALGOTECH_LIMITED_esg.json
2026-01-27 23:12:39,997 - INFO - Removed tier, industry from DOLAT ALGOTECH LIMITED
2026-01-27 23:12:39,999 - INFO - [476/2119] Processing: Dolat_Algotech_Ltd_esg.json
2026-01-27 23:12:39,999 - INFO - Removed tier, industry from Dolat Algotech Ltd
2026-01-27 23:12:40,001 - INFO - [477/2119] Processing: Dollar_Industries_Ltd_esg.json
2026-01-27 23:12:40,001 - INFO - Removed tier, industry from Dollar Industries Ltd
2026-01-27 23:12:40,003 - INFO - [478/2119] Processing: DOMS_INDUSTRIES_LIMITED_esg.json
2026-01-27 23:12:40,003 - INFO - Removed tier, industry from DOMS INDUSTRIES LIMITED
2026-01-27 23:12:40,005 - INFO - [479/2119] Processing: DOMS_Industries_Ltd_esg.json
2026-01-27 23:12:40,005 - INFO - Removed tier, industry from DOMS Industries Ltd
2026-01-27 23:12:40,007 - INFO - [480/2119] Processing: DREAMFOLKS_SERVICES_LIMITED_esg.json
2026-01-27 23:12:40,007 - INFO - Removed tier, industry from DREAMFOLKS SERVICES LIMITED
2026-01-27 23:12:40,009 - INFO - [481/2119] Processing: Dreamfolks_Services_Ltd_esg.json
2026-01-27 23:12:40,009 - INFO - Removed tier, industry from Dreamfolks Services Ltd
2026-01-27 23:12:40,011 - INFO - [482/2119] Processing: DREDGING_CORPORATION_OF_INDIA_LIMITED_esg.json
2026-01-27 23:12:40,011 - INFO - Removed tier, industry from DREDGING CORPORATION OF INDIA LIMITED
2026-01-27 23:12:40,013 - INFO - [483/2119] Processing: DREDGING_CORPORATION_OF_INDIA_LTD__esg.json
2026-01-27 23:12:40,013 - INFO - Removed tier, industry from DREDGING CORPORATION OF INDIA LTD.
2026-01-27 23:12:40,015 - INFO - [484/2119] Processing: Dr_Reddys_Laboratories_Ltd_esg.json
2026-01-27 23:12:40,015 - INFO - Removed tier, industry from Dr Reddys Laboratories Ltd
2026-01-27 23:12:40,017 - INFO - [485/2119] Processing: DR_REDDY_S_LABORATORIES_LTD__esg.json
2026-01-27 23:12:40,017 - INFO - Removed tier, industry from DR.REDDY'S LABORATORIES LTD.
2026-01-27 23:12:40,019 - INFO - [486/2119] Processing: Dr__Lal_PathLabs_Ltd_esg.json
2026-01-27 23:12:40,019 - INFO - Removed tier, industry from Dr. Lal PathLabs Ltd.
2026-01-27 23:12:40,021 - INFO - [487/2119] Processing: DWARIKESH_SUGAR_INDUSTRIES_LTD__esg.json
2026-01-27 23:12:40,021 - INFO - Removed tier, industry from DWARIKESH SUGAR INDUSTRIES LTD.
2026-01-27 23:12:40,023 - INFO - [488/2119] Processing: Dynamatic_Technologies_Ltd-_esg.json
2026-01-27 23:12:40,023 - INFO - Removed tier, industry from Dynamatic Technologies Limited
2026-01-27 23:12:40,025 - INFO - [489/2119] Processing: DYNAMATIC_TECHNOLOGIES_LTD_-_esg.json
2026-01-27 23:12:40,025 - INFO - Removed tier, industry from DYNAMATIC TECHNOLOGIES LTD.-
2026-01-27 23:12:40,027 - INFO - [490/2119] Processing: D_B_Corp_Ltd_esg.json
2026-01-27 23:12:40,027 - INFO - Removed tier, industry from D B Corp Ltd
2026-01-27 23:12:40,029 - INFO - [491/2119] Processing: D_P__Abhushan_Ltd_esg.json
2026-01-27 23:12:40,029 - INFO - Removed tier, industry from D.P. Abhushan Ltd
2026-01-27 23:12:40,031 - INFO - [492/2119] Processing: D__B__Corp_Ltd_esg.json
2026-01-27 23:12:40,032 - INFO - Removed tier, industry from D. B. Corp Ltd
2026-01-27 23:12:40,033 - INFO - [493/2119] Processing: D__P__ABHUSHAN_LIMITED_esg.json
2026-01-27 23:12:40,033 - INFO - Removed tier, industry from D. P. Abhushan Limited
2026-01-27 23:12:40,035 - INFO - [494/2119] Processing: EASY_TRIP_PLANNERS_LIMITED_esg.json
2026-01-27 23:12:40,035 - INFO - Removed tier, industry from EASY TRIP PLANNERS LIMITED
2026-01-27 23:12:40,037 - INFO - [495/2119] Processing: Easy_Trip_Planners_Ltd_esg.json
2026-01-27 23:12:40,038 - INFO - Removed tier, industry from Easy Trip Planners Ltd.
2026-01-27 23:12:40,039 - INFO - [496/2119] Processing: eClerx_Services_Ltd_esg.json
2026-01-27 23:12:40,040 - INFO - Removed tier, industry from eClerx Services Ltd
2026-01-27 23:12:40,041 - INFO - [497/2119] Processing: ECLERX_SERVICES_LTD__esg.json
2026-01-27 23:12:40,042 - INFO - Removed tier, industry from ECLERX SERVICES LTD.
2026-01-27 23:12:40,044 - INFO - [498/2119] Processing: EDELWEISS_FINANCIAL_SERVICES_LIMITED_esg.json
2026-01-27 23:12:40,044 - INFO - Removed tier, industry from EDELWEISS FINANCIAL SERVICES LIMITED
2026-01-27 23:12:40,046 - INFO - [499/2119] Processing: Edelweiss_Financial_Services_Ltd_esg.json
2026-01-27 23:12:40,046 - INFO - Removed tier, industry from Edelweiss Financial Services Limited
2026-01-27 23:12:40,048 - INFO - [500/2119] Processing: Edelweiss_Financial_Services_Ltd__esg.json
2026-01-27 23:12:40,048 - INFO - Removed tier, industry from Edelweiss Financial Services Ltd.
2026-01-27 23:12:40,050 - INFO - [501/2119] Processing: EFC__I__LIMITED_esg.json
2026-01-27 23:12:40,050 - INFO - Removed tier, industry from EFC (I) LIMITED
2026-01-27 23:12:40,052 - INFO - [502/2119] Processing: EFC__I__Ltd_esg.json
2026-01-27 23:12:40,053 - INFO - Removed tier, industry from EFC (I) Ltd
2026-01-27 23:12:40,055 - INFO - [503/2119] Processing: Eicher_Motors_Ltd_esg.json
2026-01-27 23:12:40,055 - INFO - Removed tier, industry from Eicher Motors Ltd
2026-01-27 23:12:40,057 - INFO - [504/2119] Processing: EICHER_MOTORS_LTD__esg.json
2026-01-27 23:12:40,057 - INFO - Removed tier, industry from EICHER MOTORS LTD.
2026-01-27 23:12:40,059 - INFO - [505/2119] Processing: EID_Parry_India_Ltd_esg.json
2026-01-27 23:12:40,059 - INFO - Removed tier, industry from EID Parry India Ltd
2026-01-27 23:12:40,061 - INFO - [506/2119] Processing: EIH_Associated_Hotels_Ltd-_esg.json
2026-01-27 23:12:40,061 - INFO - Removed tier, industry from EIH Associated Hotels Limited
2026-01-27 23:12:40,063 - INFO - [507/2119] Processing: EIH_ASSOCIATED_HOTELS_LTD_-_esg.json
2026-01-27 23:12:40,064 - INFO - Removed tier, industry from EIH ASSOCIATED HOTELS LTD.-
2026-01-27 23:12:40,065 - INFO - [508/2119] Processing: EIH_Ltd_esg.json
2026-01-27 23:12:40,066 - INFO - Removed tier, industry from EIH Limited
2026-01-27 23:12:40,067 - INFO - [509/2119] Processing: EIH_LTD__esg.json
2026-01-27 23:12:40,068 - INFO - Removed tier, industry from EIH LTD
2026-01-27 23:12:40,070 - INFO - [510/2119] Processing: EKI_Energy_Services_Ltd_esg.json
2026-01-27 23:12:40,070 - INFO - Removed tier, industry from EKI Energy Services Ltd
2026-01-27 23:12:40,072 - INFO - [511/2119] Processing: Elantas_Beck_India_Ltd-_esg.json
2026-01-27 23:12:40,073 - INFO - Removed tier, industry from Elantas Beck India Ltd-
2026-01-27 23:12:40,074 - INFO - [512/2119] Processing: ELANTAS_BECK_INDIA_LTD_-_esg.json
2026-01-27 23:12:40,075 - INFO - Removed tier, industry from ELANTAS BECK INDIA LTD.-
2026-01-27 23:12:40,077 - INFO - [513/2119] Processing: Elecon_Engineering_Company_Ltd_esg.json
2026-01-27 23:12:40,078 - INFO - Removed tier, industry from Elecon Engineering Company Ltd
2026-01-27 23:12:40,080 - INFO - [514/2119] Processing: ELECON_ENGINEERING_CO_LTD__esg.json
2026-01-27 23:12:40,080 - INFO - Removed tier, industry from ELECON ENGINEERING CO.LTD.
2026-01-27 23:12:40,082 - INFO - [515/2119] Processing: ELECTRONICS_MART_INDIA_LIMITED_esg.json
2026-01-27 23:12:40,082 - INFO - Removed tier, industry from ELECTRONICS MART INDIA LIMITED
2026-01-27 23:12:40,087 - INFO - [516/2119] Processing: Electronics_Mart_India_Ltd_esg.json
2026-01-27 23:12:40,087 - INFO - Removed tier, industry from Electronics Mart India Ltd
2026-01-27 23:12:40,089 - INFO - [517/2119] Processing: Electrosteel_Castings_Ltd_esg.json
2026-01-27 23:12:40,089 - INFO - Removed tier, industry from Electrosteel Castings Ltd
2026-01-27 23:12:40,091 - INFO - [518/2119] Processing: ELECTROSTEEL_CASTINGS_LTD__esg.json
2026-01-27 23:12:40,091 - INFO - Removed tier, industry from ELECTROSTEEL CASTINGS LIMITED
2026-01-27 23:12:40,093 - INFO - [519/2119] Processing: Elgi_Equipments_Ltd_esg.json
2026-01-27 23:12:40,093 - INFO - Removed tier, industry from Elgi Equipments Ltd
2026-01-27 23:12:40,095 - INFO - [520/2119] Processing: ELGI_EQUIPMENTS_LTD__esg.json
2026-01-27 23:12:40,096 - INFO - Removed tier, industry from ELGI EQUIPMENTS LTD.
2026-01-27 23:12:40,097 - INFO - [521/2119] Processing: Elpro_International_Ltd_esg.json
2026-01-27 23:12:40,097 - INFO - Removed tier, industry from Elpro International Ltd
2026-01-27 23:12:40,099 - INFO - [522/2119] Processing: ELPRO_INTERNATIONAL_LTD__esg.json
2026-01-27 23:12:40,099 - INFO - Removed tier, industry from ELPRO INTERNATIONAL LTD.
2026-01-27 23:12:40,101 - INFO - [523/2119] Processing: Emami_Ltd-_esg.json
2026-01-27 23:12:40,102 - INFO - Removed tier, industry from Emami Ltd-
2026-01-27 23:12:40,103 - INFO - [524/2119] Processing: EMAMI_LTD_-_esg.json
2026-01-27 23:12:40,104 - INFO - Removed tier, industry from EMAMI LTD.-
2026-01-27 23:12:40,106 - INFO - [525/2119] Processing: Emami_Paper_Mills_Ltd_esg.json
2026-01-27 23:12:40,106 - INFO - Removed tier, industry from Emami Paper Mills Ltd
2026-01-27 23:12:40,108 - INFO - [526/2119] Processing: EMAMI_PAPER_MILLS_LTD__esg.json
2026-01-27 23:12:40,108 - INFO - Removed tier, industry from EMAMI PAPER MILLS LTD.
2026-01-27 23:12:40,109 - INFO - [527/2119] Processing: EMBASSY_DEVELOPMENTS_LIMITED_esg.json
2026-01-27 23:12:40,110 - INFO - Removed tier, industry from EMBASSY DEVELOPMENTS LIMITED
2026-01-27 23:12:40,112 - INFO - [528/2119] Processing: Embassy_Developments_Ltd_esg.json
2026-01-27 23:12:40,112 - INFO - Removed tier, industry from Embassy Developments Ltd
2026-01-27 23:12:40,114 - INFO - [529/2119] Processing: EMS_LIMITED_esg.json
2026-01-27 23:12:40,114 - INFO - Removed tier, industry from EMS LIMITED
2026-01-27 23:12:40,116 - INFO - [530/2119] Processing: EMS_Ltd_esg.json
2026-01-27 23:12:40,116 - INFO - Removed tier, industry from EMS Ltd
2026-01-27 23:12:40,117 - INFO - [531/2119] Processing: eMudhra_Ltd_esg.json
2026-01-27 23:12:40,118 - INFO - Removed tier, industry from eMudhra Ltd
2026-01-27 23:12:40,120 - INFO - [532/2119] Processing: Endurance_Technologies_Ltd_esg.json
2026-01-27 23:12:40,120 - INFO - Removed tier, industry from Endurance Technologies Ltd
2026-01-27 23:12:40,122 - INFO - [533/2119] Processing: ENGINEERS_INDIA_LIMITED_esg.json
2026-01-27 23:12:40,123 - INFO - Removed tier, industry from ENGINEERS INDIA LIMITED
2026-01-27 23:12:40,124 - INFO - [534/2119] Processing: Engineers_India_Ltd_esg.json
2026-01-27 23:12:40,124 - INFO - Removed tier, industry from Engineers India Ltd
2026-01-27 23:12:40,126 - INFO - [535/2119] Processing: ENGINEERS_INDIA_LTD__esg.json
2026-01-27 23:12:40,126 - INFO - Removed tier, industry from ENGINEERS INDIA LTD.
2026-01-27 23:12:40,128 - INFO - [536/2119] Processing: ENTERTAINMENT_NETWORK__INDIA__LTD__esg.json
2026-01-27 23:12:40,129 - INFO - Removed tier, industry from ENTERTAINMENT NETWORK (INDIA) LTD.
2026-01-27 23:12:40,130 - INFO - [537/2119] Processing: EPACK_Durable_Ltd_esg.json
2026-01-27 23:12:40,131 - INFO - Removed tier, industry from EPACK Durable Ltd
2026-01-27 23:12:40,132 - INFO - [538/2119] Processing: Epigral_Ltd_esg.json
2026-01-27 23:12:40,133 - INFO - Removed tier, industry from Epigral Ltd
2026-01-27 23:12:40,134 - INFO - [539/2119] Processing: EPL_Ltd_esg.json
2026-01-27 23:12:40,135 - INFO - Removed tier, industry from EPL Ltd
2026-01-27 23:12:40,137 - INFO - [540/2119] Processing: Equinox_India_Developments_Ltd_esg.json
2026-01-27 23:12:40,137 - INFO - Removed tier, industry from Equinox India Developments Ltd
2026-01-27 23:12:40,139 - INFO - [541/2119] Processing: Equitas_Small_Finance_Bank_Ltd_esg.json
2026-01-27 23:12:40,139 - INFO - Removed tier, industry from Equitas Small Finance Bank Ltd
2026-01-27 23:12:40,141 - INFO - [542/2119] Processing: Eraaya_Lifespaces_Ltd_esg.json
2026-01-27 23:12:40,141 - INFO - Removed tier, industry from Eraaya Lifespaces Ltd
2026-01-27 23:12:40,143 - INFO - [543/2119] Processing: Eris_Lifesciences_Ltd_esg.json
2026-01-27 23:12:40,143 - INFO - Removed tier, industry from Eris Lifesciences Ltd
2026-01-27 23:12:40,145 - INFO - [544/2119] Processing: Esab_India_Ltd_esg.json
2026-01-27 23:12:40,145 - INFO - Removed tier, industry from Esab India Ltd
2026-01-27 23:12:40,147 - INFO - [545/2119] Processing: ESAB_INDIA_LTD__esg.json
2026-01-27 23:12:40,147 - INFO - Removed tier, industry from ESAB INDIA LTD.
2026-01-27 23:12:40,149 - INFO - [546/2119] Processing: ESAF_SMALL_FINANCE_BANK_LIMITED_esg.json
2026-01-27 23:12:40,149 - INFO - Removed tier, industry from ESAF SMALL FINANCE BANK LIMITED
2026-01-27 23:12:40,151 - INFO - [547/2119] Processing: ESAF_Small_Finance_Bank_Ltd_esg.json
2026-01-27 23:12:40,152 - INFO - Removed tier, industry from ESAF Small Finance Bank Ltd
2026-01-27 23:12:40,153 - INFO - [548/2119] Processing: Escorts_Kubota_Ltd_esg.json
2026-01-27 23:12:40,154 - INFO - Removed tier, industry from Escorts Kubota Ltd
2026-01-27 23:12:40,155 - INFO - [549/2119] Processing: ESTER_INDUSTRIES_LIMITED_esg.json
2026-01-27 23:12:40,156 - INFO - Removed tier, industry from ESTER INDUSTRIES LIMITED
2026-01-27 23:12:40,157 - INFO - [550/2119] Processing: Ester_Industries_Ltd_esg.json
2026-01-27 23:12:40,157 - INFO - Removed tier, industry from Ester Industries Ltd
2026-01-27 23:12:40,159 - INFO - [551/2119] Processing: ESTER_INDUSTRIES_LTD__esg.json
2026-01-27 23:12:40,159 - INFO - Removed tier, industry from ESTER INDUSTRIES LTD.
2026-01-27 23:12:40,161 - INFO - [552/2119] Processing: Ethos_Ltd_esg.json
2026-01-27 23:12:40,162 - INFO - Removed tier, industry from Ethos Limited
2026-01-27 23:12:40,163 - INFO - [553/2119] Processing: Eureka_Forbes_Ltd_esg.json
2026-01-27 23:12:40,164 - INFO - Removed tier, industry from Eureka Forbes Ltd
2026-01-27 23:12:40,165 - INFO - [554/2119] Processing: Eveready_Industries_India_Ltd_esg.json
2026-01-27 23:12:40,166 - INFO - Removed tier, industry from Eveready Industries India Ltd.
2026-01-27 23:12:40,167 - INFO - [555/2119] Processing: Everest_Industries_Ltd_esg.json
2026-01-27 23:12:40,168 - INFO - Removed tier, industry from Everest Industries Ltd
2026-01-27 23:12:40,170 - INFO - [556/2119] Processing: EVEREST_INDUSTRIES_LTD__esg.json
2026-01-27 23:12:40,170 - INFO - Removed tier, industry from EVEREST INDUSTRIES LTD.
2026-01-27 23:12:40,172 - INFO - [557/2119] Processing: Everest_Kanto_Cylinder_Ltd_esg.json
2026-01-27 23:12:40,173 - INFO - Removed tier, industry from Everest Kanto Cylinder Ltd
2026-01-27 23:12:40,174 - INFO - [558/2119] Processing: EVEREST_KANTO_CYLINDER_LTD__esg.json
2026-01-27 23:12:40,175 - INFO - Removed tier, industry from EVEREST KANTO CYLINDER LTD.
2026-01-27 23:12:40,178 - INFO - [559/2119] Processing: Excel_Industries_Ltd_esg.json
2026-01-27 23:12:40,178 - INFO - Removed tier, industry from Excel Industries Ltd.
2026-01-27 23:12:40,180 - INFO - [560/2119] Processing: EXCEL_INDUSTRIES_LTD__esg.json
2026-01-27 23:12:40,181 - INFO - Removed tier, industry from EXCEL INDUSTRIES LTD.
2026-01-27 23:12:40,183 - INFO - [561/2119] Processing: EXICOM_TELE-SYSTEMS_LIMITED_esg.json
2026-01-27 23:12:40,183 - INFO - Removed tier, industry from EXICOM TELE-SYSTEMS LIMITED
2026-01-27 23:12:40,185 - INFO - [562/2119] Processing: Exicom_Tele-Systems_Ltd_esg.json
2026-01-27 23:12:40,185 - INFO - Removed tier, industry from Exicom Tele-Systems Ltd
2026-01-27 23:12:40,187 - INFO - [563/2119] Processing: EXIDE_INDUSTRIES_LTD__esg.json
2026-01-27 23:12:40,188 - INFO - Removed tier, industry from EXIDE INDUSTRIES LTD.
2026-01-27 23:12:40,190 - INFO - [564/2119] Processing: Expleo_Solutions_Ltd_esg.json
2026-01-27 23:12:40,190 - INFO - Removed tier, industry from Expleo Solutions Ltd
2026-01-27 23:12:40,192 - INFO - [565/2119] Processing: Fairchem_Organics_Ltd_esg.json
2026-01-27 23:12:40,193 - INFO - Removed tier, industry from Fairchem Organics Ltd
2026-01-27 23:12:40,195 - INFO - [566/2119] Processing: Faze_Three_Ltd-__esg.json
2026-01-27 23:12:40,195 - INFO - Removed tier, industry from Faze Three Ltd-$
2026-01-27 23:12:40,197 - INFO - [567/2119] Processing: FAZE_THREE_LTD_-__esg.json
2026-01-27 23:12:40,198 - INFO - Removed tier, industry from FAZE THREE LTD.-$
2026-01-27 23:12:40,200 - INFO - [568/2119] Processing: FDC_LIMITED_esg.json
2026-01-27 23:12:40,200 - INFO - Removed tier, industry from FDC LIMITED
2026-01-27 23:12:40,202 - INFO - [569/2119] Processing: FDC_Ltd_esg.json
2026-01-27 23:12:40,203 - INFO - Removed tier, industry from FDC Ltd
2026-01-27 23:12:40,205 - INFO - [570/2119] Processing: FDC_LTD__esg.json
2026-01-27 23:12:40,205 - INFO - Removed tier, industry from FDC Limited
2026-01-27 23:12:40,207 - INFO - [571/2119] Processing: FEDBANK_FINANCIAL_SERVICES_LIMITED_esg.json
2026-01-27 23:12:40,207 - INFO - Removed tier, industry from FEDBANK FINANCIAL SERVICES LIMITED
2026-01-27 23:12:40,209 - INFO - [572/2119] Processing: Fedbank_Financial_Services_Ltd_esg.json
2026-01-27 23:12:40,210 - INFO - Removed tier, industry from Fedbank Financial Services Ltd
2026-01-27 23:12:40,212 - INFO - [573/2119] Processing: FEDERAL-MOGUL_GOETZE__INDIA__LIMITED__esg.json
2026-01-27 23:12:40,212 - INFO - Removed tier, industry from FEDERAL-MOGUL GOETZE (INDIA) LIMITED
2026-01-27 23:12:40,214 - INFO - [574/2119] Processing: FEDERAL-MOGUL_GOETZE__INDIA__LTD__esg.json
2026-01-27 23:12:40,215 - INFO - Removed tier, industry from FEDERAL-MOGUL GOETZE (INDIA) LTD.
2026-01-27 23:12:40,218 - INFO - [575/2119] Processing: Federal_Bank_Ltd_esg.json
2026-01-27 23:12:40,219 - INFO - Removed tier, industry from Federal Bank Ltd
2026-01-27 23:12:40,221 - INFO - [576/2119] Processing: FEDERAL_BANK_LTD__esg.json
2026-01-27 23:12:40,221 - INFO - Removed tier, industry from FEDERAL BANK LTD.
2026-01-27 23:12:40,223 - INFO - [577/2119] Processing: Fermenta_Biotech_Ltd_esg.json
2026-01-27 23:12:40,224 - INFO - Removed tier, industry from Fermenta Biotech Ltd
2026-01-27 23:12:40,225 - INFO - [578/2119] Processing: FERTILIZERS_AND_CHEMICALS_TRAVANCORE_LIMITED_esg.json
2026-01-27 23:12:40,226 - INFO - Removed tier, industry from FERTILIZERS AND CHEMICALS TRAVANCORE LIMITED
2026-01-27 23:12:40,227 - INFO - [579/2119] Processing: Fiem_Industries_Ltd_esg.json
2026-01-27 23:12:40,228 - INFO - Removed tier, industry from Fiem Industries Ltd
2026-01-27 23:12:40,230 - INFO - [580/2119] Processing: FILATEX_FASHIONS_LIMITED_esg.json
2026-01-27 23:12:40,230 - INFO - Removed tier, industry from FILATEX FASHIONS LIMITED
2026-01-27 23:12:40,231 - INFO - [581/2119] Processing: FILATEX_FASHIONS_LTD__esg.json
2026-01-27 23:12:40,232 - INFO - Removed tier, industry from FILATEX FASHIONS LTD.
2026-01-27 23:12:40,233 - INFO - [582/2119] Processing: FILATEX_INDIA_LIMITED_esg.json
2026-01-27 23:12:40,234 - INFO - Removed tier, industry from FILATEX INDIA LIMITED
2026-01-27 23:12:40,235 - INFO - [583/2119] Processing: Filatex_India_Ltd-_esg.json
2026-01-27 23:12:40,236 - INFO - Removed tier, industry from Filatex India Ltd-
2026-01-27 23:12:40,237 - INFO - [584/2119] Processing: FILATEX_INDIA_LTD_-_esg.json
2026-01-27 23:12:40,238 - INFO - Removed tier, industry from FILATEX INDIA LIMITED
2026-01-27 23:12:40,240 - INFO - [585/2119] Processing: Fineotex_Chemical_Ltd_esg.json
2026-01-27 23:12:40,240 - INFO - Removed tier, industry from Fineotex Chemical Ltd
2026-01-27 23:12:40,241 - INFO - [586/2119] Processing: FINEOTEX_CHEMICAL_LTD__esg.json
2026-01-27 23:12:40,242 - INFO - Removed tier, industry from FINEOTEX CHEMICAL LTD.
2026-01-27 23:12:40,244 - INFO - [587/2119] Processing: Fine_Organic_Industries_Ltd_esg.json
2026-01-27 23:12:40,244 - INFO - Removed tier, industry from Fine Organic Industries Ltd
2026-01-27 23:12:40,246 - INFO - [588/2119] Processing: FINOLEX_CABLES_LIMITED_esg.json
2026-01-27 23:12:40,246 - INFO - Removed tier, industry from FINOLEX CABLES LIMITED
2026-01-27 23:12:40,248 - INFO - [589/2119] Processing: Finolex_Cables_Ltd_esg.json
2026-01-27 23:12:40,248 - INFO - Removed tier, industry from Finolex Cables Ltd
2026-01-27 23:12:40,250 - INFO - [590/2119] Processing: FINOLEX_CABLES_LTD__esg.json
2026-01-27 23:12:40,250 - INFO - Removed tier, industry from FINOLEX CABLES LTD.
2026-01-27 23:12:40,253 - INFO - [591/2119] Processing: Finolex_Industries_Ltd_esg.json
2026-01-27 23:12:40,254 - INFO - Removed tier, industry from Finolex Industries Ltd
2026-01-27 23:12:40,256 - INFO - [592/2119] Processing: FINOLEX_INDUSTRIES_LTD__esg.json
2026-01-27 23:12:40,256 - INFO - Removed tier, industry from FINOLEX INDUSTRIES LTD.
2026-01-27 23:12:40,258 - INFO - [593/2119] Processing: Fino_Payments_Bank_Ltd_esg.json
2026-01-27 23:12:40,258 - INFO - Removed tier, industry from Fino Payments Bank Ltd
2026-01-27 23:12:40,260 - INFO - [594/2119] Processing: Firstsource_Solutions_Ltd_esg.json
2026-01-27 23:12:40,261 - INFO - Removed tier, industry from Firstsource Solutions Ltd.
2026-01-27 23:12:40,262 - INFO - [595/2119] Processing: FIRSTSOURCE_SOLUTIONS_LTD__esg.json
2026-01-27 23:12:40,263 - INFO - Removed tier, industry from FIRSTSOURCE SOLUTIONS LTD.
2026-01-27 23:12:40,265 - INFO - [596/2119] Processing: FISCHER_MEDICAL_VENTURES_LIMITED_esg.json
2026-01-27 23:12:40,265 - INFO - Removed tier, industry from FISCHER MEDICAL VENTURES LIMITED
2026-01-27 23:12:40,267 - INFO - [597/2119] Processing: Fischer_Medical_Ventures_Ltd_esg.json
2026-01-27 23:12:40,267 - INFO - Removed tier, industry from Fischer Medical Ventures Ltd
2026-01-27 23:12:40,269 - INFO - [598/2119] Processing: Five-Star_Business_Finance_Ltd_esg.json
2026-01-27 23:12:40,269 - INFO - Removed tier, industry from Five-Star Business Finance Ltd
2026-01-27 23:12:40,271 - INFO - [599/2119] Processing: Flair_Writing_Industries_Ltd_esg.json
2026-01-27 23:12:40,271 - INFO - Removed tier, industry from Flair Writing Industries Ltd
2026-01-27 23:12:40,273 - INFO - [600/2119] Processing: Force_Motors_Ltd-_esg.json
2026-01-27 23:12:40,273 - INFO - Removed tier, industry from Force Motors Ltd-
2026-01-27 23:12:40,275 - INFO - [601/2119] Processing: Fortis_Healthcare_Ltd_esg.json
2026-01-27 23:12:40,276 - INFO - Removed tier, industry from Fortis Healthcare Ltd
2026-01-27 23:12:40,278 - INFO - [602/2119] Processing: FORTIS_HEALTHCARE_LTD__esg.json
2026-01-27 23:12:40,278 - INFO - Removed tier, industry from FORTIS HEALTHCARE LTD.
2026-01-27 23:12:40,280 - INFO - [603/2119] Processing: Foseco_India_Ltd_esg.json
2026-01-27 23:12:40,280 - INFO - Removed tier, industry from Foseco India Ltd
2026-01-27 23:12:40,282 - INFO - [604/2119] Processing: FOSECO_INDIA_LTD__esg.json
2026-01-27 23:12:40,282 - INFO - Removed tier, industry from FOSECO INDIA LTD.
2026-01-27 23:12:40,284 - INFO - [605/2119] Processing: FSN_E-Commerce_Ventures_Ltd_esg.json
2026-01-27 23:12:40,284 - INFO - Removed tier, industry from FSN E-Commerce Ventures Ltd
2026-01-27 23:12:40,286 - INFO - [606/2119] Processing: Fusion_Finance_Ltd_esg.json
2026-01-27 23:12:40,287 - INFO - Removed tier, industry from Fusion Finance Ltd
2026-01-27 23:12:40,288 - INFO - [607/2119] Processing: Fusion_Micro_Finance_Ltd_esg.json
2026-01-27 23:12:40,289 - INFO - Removed tier, industry from Fusion Micro Finance Ltd
2026-01-27 23:12:40,290 - INFO - [608/2119] Processing: Future_Consumer_Ltd_esg.json
2026-01-27 23:12:40,291 - INFO - Removed tier, industry from Future Consumer Ltd
2026-01-27 23:12:40,292 - INFO - [609/2119] Processing: Gabriel_India_Ltd-_esg.json
2026-01-27 23:12:40,293 - INFO - Removed tier, industry from Gabriel India Ltd-
2026-01-27 23:12:40,295 - INFO - [610/2119] Processing: Gail__India__Ltd_esg.json
2026-01-27 23:12:40,295 - INFO - Removed tier, industry from Gail (India) Ltd
2026-01-27 23:12:40,297 - INFO - [611/2119] Processing: GAIL__INDIA__LTD__esg.json
2026-01-27 23:12:40,298 - INFO - Removed tier, industry from GAIL (INDIA) LTD.
2026-01-27 23:12:40,299 - INFO - [612/2119] Processing: Galaxy_Surfactants_Ltd_esg.json
2026-01-27 23:12:40,300 - INFO - Removed tier, industry from Galaxy Surfactants Ltd.
2026-01-27 23:12:40,301 - INFO - [613/2119] Processing: GALLANTT_ISPAT_LIMITED_esg.json
2026-01-27 23:12:40,302 - INFO - Removed tier, industry from GALLANTT ISPAT LIMITED
2026-01-27 23:12:40,308 - INFO - [614/2119] Processing: Gallantt_Ispat_Ltd_esg.json
2026-01-27 23:12:40,309 - INFO - Removed tier, industry from Gallantt Ispat Ltd
2026-01-27 23:12:40,311 - INFO - [615/2119] Processing: Gandhar_Oil_Refinery__India__Ltd_esg.json
2026-01-27 23:12:40,311 - INFO - Removed tier, industry from Gandhar Oil Refinery (India) Ltd
2026-01-27 23:12:40,313 - INFO - [616/2119] Processing: GANESHA_ECOSPHERE_LIMITED_esg.json
2026-01-27 23:12:40,313 - INFO - Removed tier, industry from GANESHA ECOSPHERE LIMITED
2026-01-27 23:12:40,315 - INFO - [617/2119] Processing: Ganesha_Ecosphere_Ltd_esg.json
2026-01-27 23:12:40,315 - INFO - Removed tier, industry from Ganesha Ecosphere Ltd
2026-01-27 23:12:40,317 - INFO - [618/2119] Processing: GANESHA_ECOSPHERE_LTD__esg.json
2026-01-27 23:12:40,317 - INFO - Removed tier, industry from GANESHA ECOSPHERE LTD.
2026-01-27 23:12:40,319 - INFO - [619/2119] Processing: GANESH_BENZOPLAST_LIMITED_esg.json
2026-01-27 23:12:40,319 - INFO - Removed tier, industry from GANESH BENZOPLAST LIMITED
2026-01-27 23:12:40,321 - INFO - [620/2119] Processing: Ganesh_Benzoplast_Ltd_esg.json
2026-01-27 23:12:40,321 - INFO - Removed tier, industry from Ganesh Benzoplast Ltd
2026-01-27 23:12:40,323 - INFO - [621/2119] Processing: GANESH_BENZOPLAST_LTD__esg.json
2026-01-27 23:12:40,323 - INFO - Removed tier, industry from GANESH BENZOPLAST LTD.
2026-01-27 23:12:40,325 - INFO - [622/2119] Processing: Ganesh_Housing_Corporation_Ltd-_esg.json
2026-01-27 23:12:40,325 - INFO - Removed tier, industry from Ganesh Housing Corporation Ltd-
2026-01-27 23:12:40,327 - INFO - [623/2119] Processing: GANESH_HOUSING_CORPORATION_LTD_-_esg.json
2026-01-27 23:12:40,328 - INFO - Removed tier, industry from GANESH HOUSING CORPORATION LTD.-
2026-01-27 23:12:40,329 - INFO - [624/2119] Processing: Garden_Reach_Shipbuilders___Engineers_Ltd_esg.json
2026-01-27 23:12:40,330 - INFO - Removed tier, industry from Garden Reach Shipbuilders & Engineers Ltd.
2026-01-27 23:12:40,331 - INFO - [625/2119] Processing: GARWARE_HI-TECH_FILMS_LIMITED_esg.json
2026-01-27 23:12:40,332 - INFO - Removed tier, industry from GARWARE HI-TECH FILMS LIMITED
2026-01-27 23:12:40,333 - INFO - [626/2119] Processing: Garware_Hi-Tech_Films_Ltd_esg.json
2026-01-27 23:12:40,334 - INFO - Removed tier, industry from Garware Hi-Tech Films Ltd
2026-01-27 23:12:40,335 - INFO - [627/2119] Processing: Garware_Technical_Fibres_Ltd_esg.json
2026-01-27 23:12:40,336 - INFO - Removed tier, industry from Garware Technical Fibres Ltd
2026-01-27 23:12:40,337 - INFO - [628/2119] Processing: GATEWAY_DISTRIPARKS_LIMITED_esg.json
2026-01-27 23:12:40,338 - INFO - Removed tier, industry from GATEWAY DISTRIPARKS LIMITED
2026-01-27 23:12:40,339 - INFO - [629/2119] Processing: Gateway_Distriparks_Ltd_esg.json
2026-01-27 23:12:40,340 - INFO - Removed tier, industry from Gateway Distriparks Ltd
2026-01-27 23:12:40,341 - INFO - [630/2119] Processing: GEM_Enviro_Management_Ltd_esg.json
2026-01-27 23:12:40,341 - INFO - Removed tier, industry from GEM Enviro Management Ltd
2026-01-27 23:12:40,343 - INFO - [631/2119] Processing: General_Insurance_Corporation_of_India_esg.json
2026-01-27 23:12:40,344 - INFO - Removed tier, industry from GENERAL INSURANCE CORPORATION OF INDIA
2026-01-27 23:12:40,345 - INFO - [632/2119] Processing: GENESYS_INTERNATIONAL_CORPORATION_LIMITED_esg.json
2026-01-27 23:12:40,346 - INFO - Removed tier, industry from Genesys International Corporation Ltd
2026-01-27 23:12:40,347 - INFO - [633/2119] Processing: Genesys_International_Corporation_Ltd_esg.json
2026-01-27 23:12:40,348 - INFO - Removed tier, industry from Genesys International Corporation Ltd
2026-01-27 23:12:40,349 - INFO - [634/2119] Processing: GENESYS_INTERNATIONAL_CORPORATION_LTD__esg.json
2026-01-27 23:12:40,350 - INFO - Removed tier, industry from GENESYS INTERNATIONAL CORPORATION LTD.
2026-01-27 23:12:40,351 - INFO - [635/2119] Processing: Gensol_Engineering_Ltd_esg.json
2026-01-27 23:12:40,352 - INFO - Removed tier, industry from Gensol Engineering Ltd
2026-01-27 23:12:40,354 - INFO - [636/2119] Processing: GENUS_POWER_INFRASTRUCTURES_LIMITED_esg.json
2026-01-27 23:12:40,354 - INFO - Removed tier, industry from GENUS POWER INFRASTRUCTURES LIMITED
2026-01-27 23:12:40,356 - INFO - [637/2119] Processing: Genus_Power_Infrastructures_Ltd-_esg.json
2026-01-27 23:12:40,356 - INFO - Removed tier, industry from Genus Power Infrastructures Ltd-
2026-01-27 23:12:40,358 - INFO - [638/2119] Processing: Geojit_Financial_Services_Ltd_esg.json
2026-01-27 23:12:40,358 - INFO - Removed tier, industry from Geojit Financial Services Ltd
2026-01-27 23:12:40,360 - INFO - [639/2119] Processing: GE_Power_India_Ltd_esg.json
2026-01-27 23:12:40,360 - INFO - Removed tier, industry from GE Power India Limited
2026-01-27 23:12:40,362 - INFO - [640/2119] Processing: GE_T_D_India_Ltd_esg.json
2026-01-27 23:12:40,362 - INFO - Removed tier, industry from GE T&D India Ltd
2026-01-27 23:12:40,364 - INFO - [641/2119] Processing: GE_Vernova_T_D_India_Ltd_esg.json
2026-01-27 23:12:40,364 - INFO - Removed tier, industry from GE Vernova T&D India Ltd
2026-01-27 23:12:40,366 - INFO - [642/2119] Processing: GHCL_LTD__esg.json
2026-01-27 23:12:40,366 - INFO - Removed tier, industry from GHCL LTD.
2026-01-27 23:12:40,368 - INFO - [643/2119] Processing: GIC_Housing_Finance_Ltd_esg.json
2026-01-27 23:12:40,369 - INFO - Removed tier, industry from GIC Housing Finance Ltd.
2026-01-27 23:12:40,370 - INFO - [644/2119] Processing: Gillette_India_Ltd_esg.json
2026-01-27 23:12:40,371 - INFO - Removed tier, industry from Gillette India Ltd
2026-01-27 23:12:40,372 - INFO - [645/2119] Processing: GILLETTE_INDIA_LTD__esg.json
2026-01-27 23:12:40,373 - INFO - Removed tier, industry from GILLETTE INDIA LTD.
2026-01-27 23:12:40,374 - INFO - [646/2119] Processing: Gland_Pharma_Ltd_esg.json
2026-01-27 23:12:40,375 - INFO - Removed tier, industry from Gland Pharma Ltd
2026-01-27 23:12:40,376 - INFO - [647/2119] Processing: GlaxoSmithKline_Pharmaceuticals_Ltd_esg.json
2026-01-27 23:12:40,377 - INFO - Removed tier, industry from GlaxoSmithKline Pharmaceuticals Ltd
2026-01-27 23:12:40,379 - INFO - [648/2119] Processing: GLAXOSMITHKLINE_PHARMACEUTICALS_LTD__esg.json
2026-01-27 23:12:40,379 - INFO - Removed tier, industry from GLAXOSMITHKLINE PHARMACEUTICALS LTD.
2026-01-27 23:12:40,381 - INFO - [649/2119] Processing: Glenmark_Life_Sciences_Ltd_esg.json
2026-01-27 23:12:40,381 - INFO - Removed tier, industry from Glenmark Life Sciences Ltd
2026-01-27 23:12:40,383 - INFO - [650/2119] Processing: GLENMARK_PHARMACEUTICALS_LIMITED_esg.json
2026-01-27 23:12:40,383 - INFO - Removed tier, industry from GLENMARK PHARMACEUTICALS LIMITED
2026-01-27 23:12:40,385 - INFO - [651/2119] Processing: Glenmark_Pharmaceuticals_Ltd_esg.json
2026-01-27 23:12:40,386 - INFO - Removed tier, industry from Glenmark Pharmaceuticals Ltd
2026-01-27 23:12:40,387 - INFO - [652/2119] Processing: GLENMARK_PHARMACEUTICALS_LTD__esg.json
2026-01-27 23:12:40,388 - INFO - Removed tier, industry from GLENMARK PHARMACEUTICALS LTD.
2026-01-27 23:12:40,389 - INFO - [653/2119] Processing: Global_Health_Ltd_esg.json
2026-01-27 23:12:40,390 - INFO - Removed tier, industry from Global Health Ltd
2026-01-27 23:12:40,391 - INFO - [654/2119] Processing: Globus_Spirits_Ltd_esg.json
2026-01-27 23:12:40,392 - INFO - Removed tier, industry from Globus Spirits Ltd
2026-01-27 23:12:40,394 - INFO - [655/2119] Processing: GLOBUS_SPIRITS_LTD__esg.json
2026-01-27 23:12:40,394 - INFO - Removed tier, industry from GLOBUS SPIRITS LTD.
2026-01-27 23:12:40,396 - INFO - [656/2119] Processing: Gloster_Ltd_esg.json
2026-01-27 23:12:40,396 - INFO - Removed tier, industry from Gloster Ltd
2026-01-27 23:12:40,398 - INFO - [657/2119] Processing: GMM_Pfaudler_Ltd_esg.json
2026-01-27 23:12:40,398 - INFO - Removed tier, industry from GMM Pfaudler Ltd.
2026-01-27 23:12:40,403 - INFO - [658/2119] Processing: GMM_PFAUDLER_LTD__esg.json
2026-01-27 23:12:40,403 - INFO - Removed tier, industry from GMM PFAUDLER LTD.
2026-01-27 23:12:40,405 - INFO - [659/2119] Processing: GMR_Airports_Infrastructure_Ltd_esg.json
2026-01-27 23:12:40,405 - INFO - Removed tier, industry from GMR Airports Infrastructure Ltd
2026-01-27 23:12:40,407 - INFO - [660/2119] Processing: GMR_AIRPORTS_LIMITED_esg.json
2026-01-27 23:12:40,407 - INFO - Removed tier, industry from GMR AIRPORTS LIMITED
2026-01-27 23:12:40,409 - INFO - [661/2119] Processing: GMR_Airports_Ltd_esg.json
2026-01-27 23:12:40,410 - INFO - Removed tier, industry from GMR Airports Ltd
2026-01-27 23:12:40,412 - INFO - [662/2119] Processing: GMR_POWER_AND_URBAN_INFRA_LIMITED_esg.json
2026-01-27 23:12:40,413 - INFO - Removed tier, industry from GMR POWER AND URBAN INFRA LIMITED
2026-01-27 23:12:40,415 - INFO - [663/2119] Processing: GMR_Power_and_Urban_Infra_Ltd_esg.json
2026-01-27 23:12:40,415 - INFO - Removed tier, industry from GMR Power and Urban Infra Ltd
2026-01-27 23:12:40,418 - INFO - [664/2119] Processing: GOCL_Corporation_Ltd-_esg.json
2026-01-27 23:12:40,418 - INFO - Removed tier, industry from GOCL Corporation Ltd-
2026-01-27 23:12:40,421 - INFO - [665/2119] Processing: Godawari_Power_and_Ispat_Ltd_esg.json
2026-01-27 23:12:40,422 - INFO - Removed tier, industry from Godawari Power and Ispat Ltd
2026-01-27 23:12:40,425 - INFO - [666/2119] Processing: GODAWARI_POWER___ISPAT_LTD__esg.json
2026-01-27 23:12:40,425 - INFO - Removed tier, industry from GODAWARI POWER & ISPAT LTD.
2026-01-27 23:12:40,427 - INFO - [667/2119] Processing: Godfrey_Phillips_India_Ltd_esg.json
2026-01-27 23:12:40,428 - INFO - Removed tier, industry from Godfrey Phillips India Ltd
2026-01-27 23:12:40,430 - INFO - [668/2119] Processing: GODFREY_PHILLIPS_INDIA_LTD__esg.json
2026-01-27 23:12:40,430 - INFO - Removed tier, industry from GODFREY PHILLIPS INDIA LTD.
2026-01-27 23:12:40,432 - INFO - [669/2119] Processing: Godrej_Agrovet_Ltd_esg.json
2026-01-27 23:12:40,433 - INFO - Removed tier, industry from Godrej Agrovet Ltd.
2026-01-27 23:12:40,435 - INFO - [670/2119] Processing: Godrej_Consumer_Products_Ltd_esg.json
2026-01-27 23:12:40,435 - INFO - Removed tier, industry from Godrej Consumer Products Ltd.
2026-01-27 23:12:40,437 - INFO - [671/2119] Processing: GODREJ_CONSUMER_PRODUCTS_LTD__esg.json
2026-01-27 23:12:40,437 - INFO - Removed tier, industry from GODREJ CONSUMER PRODUCTS LTD.
2026-01-27 23:12:40,439 - INFO - [672/2119] Processing: Godrej_Industries_Ltd_esg.json
2026-01-27 23:12:40,440 - INFO - Removed tier, industry from Godrej Industries Ltd
2026-01-27 23:12:40,441 - INFO - [673/2119] Processing: GODREJ_INDUSTRIES_LTD__esg.json
2026-01-27 23:12:40,442 - INFO - Removed tier, industry from GODREJ INDUSTRIES LTD.
2026-01-27 23:12:40,443 - INFO - [674/2119] Processing: Godrej_Properties_Ltd_esg.json
2026-01-27 23:12:40,444 - INFO - Removed tier, industry from Godrej Properties Ltd
2026-01-27 23:12:40,446 - INFO - [675/2119] Processing: GOKALDAS_EXPORTS_LTD__esg.json
2026-01-27 23:12:40,446 - INFO - Removed tier, industry from GOKALDAS EXPORTS LTD.
2026-01-27 23:12:40,448 - INFO - [676/2119] Processing: Gokul_Agro_Resources_Ltd_esg.json
2026-01-27 23:12:40,448 - INFO - Removed tier, industry from Gokul Agro Resources Ltd
2026-01-27 23:12:40,450 - INFO - [677/2119] Processing: GOLDIAM_INTERNATIONAL_LIMITED_esg.json
2026-01-27 23:12:40,450 - INFO - Removed tier, industry from GOLDIAM INTERNATIONAL LIMITED
2026-01-27 23:12:40,452 - INFO - [678/2119] Processing: Goldiam_International_Ltd_esg.json
2026-01-27 23:12:40,452 - INFO - Removed tier, industry from Goldiam International Ltd
2026-01-27 23:12:40,454 - INFO - [679/2119] Processing: GOLDIAM_INTERNATIONAL_LTD__esg.json
2026-01-27 23:12:40,454 - INFO - Removed tier, industry from GOLDIAM INTERNATIONAL LTD.
2026-01-27 23:12:40,456 - INFO - [680/2119] Processing: Goodluck_India_Ltd_esg.json
2026-01-27 23:12:40,456 - INFO - Removed tier, industry from Goodluck India Ltd
2026-01-27 23:12:40,458 - INFO - [681/2119] Processing: Goodyear_India_Ltd_esg.json
2026-01-27 23:12:40,458 - INFO - Removed tier, industry from Goodyear India Ltd
2026-01-27 23:12:40,460 - INFO - [682/2119] Processing: GOODYEAR_INDIA_LTD__esg.json
2026-01-27 23:12:40,461 - INFO - Removed tier, industry from GOODYEAR INDIA LTD.
2026-01-27 23:12:40,462 - INFO - [683/2119] Processing: GOPAL_SNACKS_LIMITED_esg.json
2026-01-27 23:12:40,463 - INFO - Removed tier, industry from GOPAL SNACKS LIMITED
2026-01-27 23:12:40,464 - INFO - [684/2119] Processing: Gopal_Snacks_Ltd_esg.json
2026-01-27 23:12:40,465 - INFO - Removed tier, industry from Gopal Snacks Ltd
2026-01-27 23:12:40,466 - INFO - [685/2119] Processing: Go_Fashion__India__Ltd_esg.json
2026-01-27 23:12:40,467 - INFO - Removed tier, industry from Go Fashion (India) Ltd
2026-01-27 23:12:40,468 - INFO - [686/2119] Processing: Granules_India_Ltd-_esg.json
2026-01-27 23:12:40,469 - INFO - Removed tier, industry from Granules India Limited
2026-01-27 23:12:40,471 - INFO - [687/2119] Processing: GRANULES_INDIA_LTD_-_esg.json
2026-01-27 23:12:40,471 - INFO - Removed tier, industry from GRANULES INDIA LTD.
2026-01-27 23:12:40,473 - INFO - [688/2119] Processing: Graphite_India_Ltd_esg.json
2026-01-27 23:12:40,473 - INFO - Removed tier, industry from Graphite India Ltd
2026-01-27 23:12:40,481 - INFO - [689/2119] Processing: GRAPHITE_INDIA_LTD__esg.json
2026-01-27 23:12:40,481 - INFO - Removed tier, industry from GRAPHITE INDIA LTD.
2026-01-27 23:12:40,483 - INFO - [690/2119] Processing: Grasim_Industries_Ltd_esg.json
2026-01-27 23:12:40,483 - INFO - Removed tier, industry from Grasim Industries Ltd
2026-01-27 23:12:40,485 - INFO - [691/2119] Processing: GRASIM_INDUSTRIES_LTD__esg.json
2026-01-27 23:12:40,486 - INFO - Removed tier, industry from GRASIM INDUSTRIES LTD.
2026-01-27 23:12:40,487 - INFO - [692/2119] Processing: Grauer___Weil_India_Ltd-_esg.json
2026-01-27 23:12:40,488 - INFO - Removed tier, industry from Grauer & Weil India Ltd-
2026-01-27 23:12:40,489 - INFO - [693/2119] Processing: GRAUER___WEIL__INDIA__LTD_-_esg.json
2026-01-27 23:12:40,490 - INFO - Removed tier, industry from GRAUER & WEIL (INDIA) LTD.-
2026-01-27 23:12:40,491 - INFO - [694/2119] Processing: Gravita_India_Ltd_esg.json
2026-01-27 23:12:40,492 - INFO - Removed tier, industry from Gravita India Ltd
2026-01-27 23:12:40,493 - INFO - [695/2119] Processing: GRAVITA_INDIA_LTD__esg.json
2026-01-27 23:12:40,494 - INFO - Removed tier, industry from GRAVITA INDIA LTD.
2026-01-27 23:12:40,496 - INFO - [696/2119] Processing: Great_Eastern_Shipping_Company_Ltd_esg.json
2026-01-27 23:12:40,496 - INFO - Removed tier, industry from The Great Eastern Shipping Company Limited
2026-01-27 23:12:40,498 - INFO - [697/2119] Processing: Greaves_Cotton_Ltd_esg.json
2026-01-27 23:12:40,498 - INFO - Removed tier, industry from Greaves Cotton Ltd
2026-01-27 23:12:40,500 - INFO - [698/2119] Processing: GREAVES_COTTON_LTD__esg.json
2026-01-27 23:12:40,500 - INFO - Removed tier, industry from GREAVES COTTON LTD.
2026-01-27 23:12:40,502 - INFO - [699/2119] Processing: Greenlam_Industries_Ltd_esg.json
2026-01-27 23:12:40,502 - INFO - Removed tier, industry from Greenlam Industries Ltd
2026-01-27 23:12:40,504 - INFO - [700/2119] Processing: Greenpanel_Industries_Ltd_esg.json
2026-01-27 23:12:40,505 - INFO - Removed tier, industry from Greenpanel Industries Ltd
2026-01-27 23:12:40,506 - INFO - [701/2119] Processing: Greenply_Industries_Ltd_esg.json
2026-01-27 23:12:40,507 - INFO - Removed tier, industry from Greenply Industries Ltd
2026-01-27 23:12:40,508 - INFO - [702/2119] Processing: GREENPLY_INDUSTRIES_LTD__esg.json
2026-01-27 23:12:40,508 - INFO - Removed tier, industry from GREENPLY INDUSTRIES LTD.
2026-01-27 23:12:40,510 - INFO - [703/2119] Processing: Grindwell_Norton_Ltd-_esg.json
2026-01-27 23:12:40,510 - INFO - Removed tier, industry from Grindwell Norton Ltd-
2026-01-27 23:12:40,512 - INFO - [704/2119] Processing: GRINDWELL_NORTON_LTD_-_esg.json
2026-01-27 23:12:40,513 - INFO - Removed tier, industry from GRINDWELL NORTON LTD.-
2026-01-27 23:12:40,514 - INFO - [705/2119] Processing: GRM_OVERSEAS_LIMITED_esg.json
2026-01-27 23:12:40,515 - INFO - Removed tier, industry from GRM OVERSEAS LIMITED
2026-01-27 23:12:40,516 - INFO - [706/2119] Processing: GRM_Overseas_Ltd_esg.json
2026-01-27 23:12:40,517 - INFO - Removed tier, industry from GRM Overseas Ltd
2026-01-27 23:12:40,519 - INFO - [707/2119] Processing: GRM_OVERSEAS_LTD__esg.json
2026-01-27 23:12:40,520 - INFO - Removed tier, industry from GRM OVERSEAS LTD.
2026-01-27 23:12:40,522 - INFO - [708/2119] Processing: GRP_Ltd_esg.json
2026-01-27 23:12:40,522 - INFO - Removed tier, industry from GRP Ltd
2026-01-27 23:12:40,524 - INFO - [709/2119] Processing: GRP_LTD__esg.json
2026-01-27 23:12:40,524 - INFO - Removed tier, industry from GRP LTD.
2026-01-27 23:12:40,526 - INFO - [710/2119] Processing: GTL_INFRASTRUCTURE_LIMITED_esg.json
2026-01-27 23:12:40,527 - INFO - Removed tier, industry from GTL INFRASTRUCTURE LIMITED
2026-01-27 23:12:40,529 - INFO - [711/2119] Processing: GTL_INFRASTRUCTURE_LTD__esg.json
2026-01-27 23:12:40,529 - INFO - Removed tier, industry from GTL INFRASTRUCTURE LTD.
2026-01-27 23:12:40,531 - INFO - [712/2119] Processing: GTPL_HATHWAY_LIMITED_esg.json
2026-01-27 23:12:40,531 - INFO - Removed tier, industry from GTPL HATHWAY LIMITED
2026-01-27 23:12:40,533 - INFO - [713/2119] Processing: GTPL_Hathway_Ltd_esg.json
2026-01-27 23:12:40,533 - INFO - Removed tier, industry from GTPL Hathway Ltd
2026-01-27 23:12:40,535 - INFO - [714/2119] Processing: GUFIC_BIOSCIENCES_LIMITED_esg.json
2026-01-27 23:12:40,536 - INFO - Removed tier, industry from GUFIC BIOSCIENCES LIMITED
2026-01-27 23:12:40,538 - INFO - [715/2119] Processing: Gufic_Biosciences_Ltd_esg.json
2026-01-27 23:12:40,538 - INFO - Removed tier, industry from Gufic Biosciences Ltd
2026-01-27 23:12:40,540 - INFO - [716/2119] Processing: GUFIC_BIOSCIENCES_LTD__esg.json
2026-01-27 23:12:40,540 - INFO - Removed tier, industry from GUFIC BIOSCIENCES LTD.
2026-01-27 23:12:40,541 - INFO - [717/2119] Processing: GUJARAT_ALKALIES_AND_CHEMICALS_LIMITED_esg.json
2026-01-27 23:12:40,542 - INFO - Removed tier, industry from GUJARAT ALKALIES AND CHEMICALS LIMITED
2026-01-27 23:12:40,544 - INFO - [718/2119] Processing: Gujarat_Alkalies_and_Chemicals_Ltd_esg.json
2026-01-27 23:12:40,544 - INFO - Removed tier, industry from Gujarat Alkalies and Chemicals Ltd
2026-01-27 23:12:40,546 - INFO - [719/2119] Processing: GUJARAT_ALKALIES___CHEMICALS_LTD__esg.json
2026-01-27 23:12:40,546 - INFO - Removed tier, industry from GUJARAT ALKALIES & CHEMICALS LTD.
2026-01-27 23:12:40,548 - INFO - [720/2119] Processing: Gujarat_Ambuja_Exports_Ltd_esg.json
2026-01-27 23:12:40,548 - INFO - Removed tier, industry from Gujarat Ambuja Exports Ltd
2026-01-27 23:12:40,550 - INFO - [721/2119] Processing: GUJARAT_AMBUJA_EXPORTS_LTD__esg.json
2026-01-27 23:12:40,550 - INFO - Removed tier, industry from GUJARAT AMBUJA EXPORTS LTD.
2026-01-27 23:12:40,552 - INFO - [722/2119] Processing: GUJARAT_FLUOROCHEMICALS_LIMITED_esg.json
2026-01-27 23:12:40,552 - INFO - Removed tier, industry from GUJARAT FLUOROCHEMICALS LIMITED
2026-01-27 23:12:40,554 - INFO - [723/2119] Processing: Gujarat_Fluorochemicals_Ltd_esg.json
2026-01-27 23:12:40,554 - INFO - Removed tier, industry from Gujarat Fluorochemicals Ltd
2026-01-27 23:12:40,556 - INFO - [724/2119] Processing: GUJARAT_GAS_LIMITED_esg.json
2026-01-27 23:12:40,556 - INFO - Removed tier, industry from GUJARAT GAS LIMITED
2026-01-27 23:12:40,558 - INFO - [725/2119] Processing: Gujarat_Gas_Ltd_esg.json
2026-01-27 23:12:40,558 - INFO - Removed tier, industry from Gujarat Gas Ltd
2026-01-27 23:12:40,560 - INFO - [726/2119] Processing: Gujarat_Industries_Power_Company_Ltd_esg.json
2026-01-27 23:12:40,560 - INFO - Removed tier, industry from Gujarat Industries Power Company Ltd.
2026-01-27 23:12:40,562 - INFO - [727/2119] Processing: GUJARAT_MINERAL_DEVELOPMENT_CORPORATION_LIMITED_esg.json
2026-01-27 23:12:40,563 - INFO - Removed tier, industry from GUJARAT MINERAL DEVELOPMENT CORPORATION LIMITED
2026-01-27 23:12:40,564 - INFO - [728/2119] Processing: Gujarat_Mineral_Development_Corporation_Ltd_esg.json
2026-01-27 23:12:40,565 - INFO - Removed tier, industry from Gujarat Mineral Development Corporation Ltd
2026-01-27 23:12:40,567 - INFO - [729/2119] Processing: Gujarat_Narmada_Valley_Fertilizers___Chemicals_Ltd_esg.json
2026-01-27 23:12:40,567 - INFO - Removed tier, industry from Gujarat Narmada Valley Fertilizers & Chemicals Ltd
2026-01-27 23:12:40,569 - INFO - [730/2119] Processing: GUJARAT_NARMADA_VALLEY_FERTILIZERS___CHEMICALS_LTD__esg.json
2026-01-27 23:12:40,569 - INFO - Removed tier, industry from GUJARAT NARMADA VALLEY FERTILIZERS & CHEMICALS LTD.
2026-01-27 23:12:40,571 - INFO - [731/2119] Processing: Gujarat_Pipavav_Port_Ltd_esg.json
2026-01-27 23:12:40,571 - INFO - Removed tier, industry from Gujarat Pipavav Port Ltd
2026-01-27 23:12:40,573 - INFO - [732/2119] Processing: GUJARAT_PIPAVAV_PORT_LTD__esg.json
2026-01-27 23:12:40,573 - INFO - Removed tier, industry from GUJARAT PIPAVAV PORT LTD.
2026-01-27 23:12:40,575 - INFO - [733/2119] Processing: GUJARAT_STATE_FERTILIZERS___CHEMICALS_LIMITED_esg.json
2026-01-27 23:12:40,576 - INFO - Removed tier, industry from GUJARAT STATE FERTILIZERS & CHEMICALS LIMITED
2026-01-27 23:12:40,578 - INFO - [734/2119] Processing: Gujarat_State_Fertilizers___Chemicals_Ltd_esg.json
2026-01-27 23:12:40,578 - INFO - Removed tier, industry from Gujarat State Fertilizers & Chemicals Ltd
2026-01-27 23:12:40,580 - INFO - [735/2119] Processing: GUJARAT_STATE_FERTILIZERS___CHEMICALS_LTD__esg.json
2026-01-27 23:12:40,581 - INFO - Removed tier, industry from GUJARAT STATE FERTILIZERS & CHEMICALS LIMITED
2026-01-27 23:12:40,582 - INFO - [736/2119] Processing: GUJARAT_STATE_PETRONET_LIMITED_esg.json
2026-01-27 23:12:40,583 - INFO - Removed tier, industry from GUJARAT STATE PETRONET LIMITED
2026-01-27 23:12:40,585 - INFO - [737/2119] Processing: Gujarat_State_Petronet_Ltd_esg.json
2026-01-27 23:12:40,585 - INFO - Removed tier, industry from Gujarat State Petronet Ltd.
2026-01-27 23:12:40,587 - INFO - [738/2119] Processing: Gujarat_Themis_Biosyn_Ltd_esg.json
2026-01-27 23:12:40,587 - INFO - Removed tier, industry from Gujarat Themis Biosyn Ltd
2026-01-27 23:12:40,589 - INFO - [739/2119] Processing: GUJARAT_THEMIS_BIOSYN_LTD__esg.json
2026-01-27 23:12:40,590 - INFO - Removed tier, industry from GUJARAT THEMIS BIOSYN LTD
2026-01-27 23:12:40,592 - INFO - [740/2119] Processing: GULF_OIL_LUBRICANTS_INDIA_LIMITED_esg.json
2026-01-27 23:12:40,593 - INFO - Removed tier, industry from GULF OIL LUBRICANTS INDIA LIMITED
2026-01-27 23:12:40,595 - INFO - [741/2119] Processing: Gulf_Oil_Lubricants_India_Ltd_esg.json
2026-01-27 23:12:40,596 - INFO - Removed tier, industry from Gulf Oil Lubricants India Ltd
2026-01-27 23:12:40,598 - INFO - [742/2119] Processing: Gulshan_Polyols_Ltd_esg.json
2026-01-27 23:12:40,598 - INFO - Removed tier, industry from Gulshan Polyols Ltd
2026-01-27 23:12:40,600 - INFO - [743/2119] Processing: G_R_Infraprojects_Ltd_esg.json
2026-01-27 23:12:40,600 - INFO - Removed tier, industry from G R Infraprojects Ltd
2026-01-27 23:12:40,602 - INFO - [744/2119] Processing: Happiest_Minds_Technologies_Ltd_esg.json
2026-01-27 23:12:40,603 - INFO - Removed tier, industry from Happiest Minds Technologies Ltd
2026-01-27 23:12:40,604 - INFO - [745/2119] Processing: Happy_Forgings_Ltd_esg.json
2026-01-27 23:12:40,605 - INFO - Removed tier, industry from Happy Forgings Ltd
2026-01-27 23:12:40,606 - INFO - [746/2119] Processing: HARIOM_PIPE_INDUSTRIES_LIMITED_esg.json
2026-01-27 23:12:40,607 - INFO - Removed tier, industry from HARIOM PIPE INDUSTRIES LIMITED
2026-01-27 23:12:40,608 - INFO - [747/2119] Processing: Hariom_Pipe_Industries_Ltd_esg.json
2026-01-27 23:12:40,609 - INFO - Removed tier, industry from Hariom Pipe Industries Ltd
2026-01-27 23:12:40,610 - INFO - [748/2119] Processing: Harsha_Engineers_International_Ltd_esg.json
2026-01-27 23:12:40,611 - INFO - Removed tier, industry from Harsha Engineers International Ltd
2026-01-27 23:12:40,613 - INFO - [749/2119] Processing: HATHWAY_CABLE___DATACOM_LIMITED_esg.json
2026-01-27 23:12:40,613 - INFO - Removed tier, industry from HATHWAY CABLE & DATACOM LIMITED
2026-01-27 23:12:40,615 - INFO - [750/2119] Processing: Hatsun_Agro_Product_Ltd_esg.json
2026-01-27 23:12:40,615 - INFO - Removed tier, industry from Hatsun Agro Product Limited
2026-01-27 23:12:40,617 - INFO - [751/2119] Processing: HATSUN_AGRO_PRODUCT_LTD__esg.json
2026-01-27 23:12:40,617 - INFO - Removed tier, industry from HATSUN AGRO PRODUCT LTD.
2026-01-27 23:12:40,619 - INFO - [752/2119] Processing: Hawkins_Cookers_Ltd-_esg.json
2026-01-27 23:12:40,619 - INFO - Removed tier, industry from Hawkins Cookers Ltd-
2026-01-27 23:12:40,621 - INFO - [753/2119] Processing: HAWKINS_COOKERS_LTD_-_esg.json
2026-01-27 23:12:40,621 - INFO - Removed tier, industry from HAWKINS COOKERS LTD.-
2026-01-27 23:12:40,623 - INFO - [754/2119] Processing: HBL_POWER_SYSTEMS_LTD_-_esg.json
2026-01-27 23:12:40,623 - INFO - Removed tier, industry from HBL POWER SYSTEMS LTD.-
2026-01-27 23:12:40,625 - INFO - [755/2119] Processing: HCL_Technologies_Ltd_esg.json
2026-01-27 23:12:40,625 - INFO - Removed tier, industry from HCL Technologies Ltd
2026-01-27 23:12:40,627 - INFO - [756/2119] Processing: HCL_TECHNOLOGIES_LTD__esg.json
2026-01-27 23:12:40,627 - INFO - Removed tier, industry from HCL Technologies Limited
2026-01-27 23:12:40,629 - INFO - [757/2119] Processing: HDFC_Asset_Management_Company_Ltd_esg.json
2026-01-27 23:12:40,630 - INFO - Removed tier, industry from HDFC Asset Management Company Ltd
2026-01-27 23:12:40,631 - INFO - [758/2119] Processing: HDFC_Bank_Ltd_esg.json
2026-01-27 23:12:40,632 - INFO - Removed tier, industry from HDFC Bank Ltd
2026-01-27 23:12:40,634 - INFO - [759/2119] Processing: HDFC_Life_Insurance_Company_Ltd_esg.json
2026-01-27 23:12:40,634 - INFO - Removed tier, industry from HDFC Life Insurance Company Ltd
2026-01-27 23:12:40,636 - INFO - [760/2119] Processing: HEALTHCARE_GLOBAL_ENTERPRISES_LIMITED_esg.json
2026-01-27 23:12:40,636 - INFO - Removed tier, industry from HEALTHCARE GLOBAL ENTERPRISES LIMITED
2026-01-27 23:12:40,638 - INFO - [761/2119] Processing: HealthCare_Global_Enterprises_Ltd_esg.json
2026-01-27 23:12:40,639 - INFO - Removed tier, industry from HealthCare Global Enterprises Ltd
2026-01-27 23:12:40,642 - INFO - [762/2119] Processing: HEG_Ltd_esg.json
2026-01-27 23:12:40,643 - INFO - Removed tier, industry from HEG Ltd
2026-01-27 23:12:40,646 - INFO - [763/2119] Processing: HEIDELBERGCEMENT_INDIA_LIMITED_esg.json
2026-01-27 23:12:40,647 - INFO - Removed tier, industry from HEIDELBERGCEMENT INDIA LIMITED
2026-01-27 23:12:40,651 - INFO - [764/2119] Processing: HeidelbergCement_India_Ltd_esg.json
2026-01-27 23:12:40,652 - INFO - Removed tier, industry from HeidelbergCement India Ltd
2026-01-27 23:12:40,656 - INFO - [765/2119] Processing: HEIDELBERGCEMENT_INDIA_LTD__esg.json
2026-01-27 23:12:40,657 - INFO - Removed tier, industry from HEIDELBERGCEMENT INDIA LTD.
2026-01-27 23:12:40,660 - INFO - [766/2119] Processing: Hemisphere_Properties_India_Ltd_esg.json
2026-01-27 23:12:40,661 - INFO - Removed tier, industry from Hemisphere Properties India Ltd
2026-01-27 23:12:40,664 - INFO - [767/2119] Processing: HERANBA_INDUSTRIES_LIMITED_esg.json
2026-01-27 23:12:40,664 - INFO - Removed tier, industry from HERANBA INDUSTRIES LIMITED
2026-01-27 23:12:40,666 - INFO - [768/2119] Processing: Heranba_Industries_Ltd_esg.json
2026-01-27 23:12:40,667 - INFO - Removed tier, industry from Heranba Industries Ltd
2026-01-27 23:12:40,671 - INFO - [769/2119] Processing: Hercules_Hoists_Ltd_esg.json
2026-01-27 23:12:40,672 - INFO - Removed tier, industry from Hercules Hoists Ltd
2026-01-27 23:12:40,674 - INFO - [770/2119] Processing: HERCULES_HOISTS_LTD__esg.json
2026-01-27 23:12:40,675 - INFO - Removed tier, industry from HERCULES HOISTS LTD.
2026-01-27 23:12:40,677 - INFO - [771/2119] Processing: Heritage_Foods_Limited_esg.json
2026-01-27 23:12:40,677 - INFO - Removed tier, industry from Heritage Foods Limited
2026-01-27 23:12:40,679 - INFO - [772/2119] Processing: Heritage_Foods_Ltd_esg.json
2026-01-27 23:12:40,680 - INFO - Removed tier, industry from Heritage Foods Ltd
2026-01-27 23:12:40,682 - INFO - [773/2119] Processing: Hero_MotoCorp_Ltd_esg.json
2026-01-27 23:12:40,682 - INFO - Removed tier, industry from Hero MotoCorp Ltd.
2026-01-27 23:12:40,685 - INFO - [774/2119] Processing: HERO_MOTOCORP_LTD__esg.json
2026-01-27 23:12:40,685 - INFO - Removed tier, industry from HERO MOTOCORP LTD.
2026-01-27 23:12:40,687 - INFO - [775/2119] Processing: Hester_Biosciences_Ltd_esg.json
2026-01-27 23:12:40,688 - INFO - Removed tier, industry from Hester Biosciences Ltd
2026-01-27 23:12:40,689 - INFO - [776/2119] Processing: HESTER_BIOSCIENCES_LTD__esg.json
2026-01-27 23:12:40,690 - INFO - Removed tier, industry from HESTER BIOSCIENCES LTD.
2026-01-27 23:12:40,692 - INFO - [777/2119] Processing: HEUBACH_COLORANTS_INDIA_LIMITED_esg.json
2026-01-27 23:12:40,692 - INFO - Removed tier, industry from HEUBACH COLORANTS INDIA LIMITED
2026-01-27 23:12:40,694 - INFO - [778/2119] Processing: Heubach_Colorants_India_Ltd_esg.json
2026-01-27 23:12:40,694 - INFO - Removed tier, industry from Heubach Colorants India Ltd
2026-01-27 23:12:40,696 - INFO - [779/2119] Processing: HEXA_TRADEX_LIMITED_esg.json
2026-01-27 23:12:40,697 - INFO - Removed tier, industry from HEXA TRADEX LIMITED
2026-01-27 23:12:40,698 - INFO - [780/2119] Processing: Hexa_Tradex_Ltd_esg.json
2026-01-27 23:12:40,699 - INFO - Removed tier, industry from Hexa Tradex Ltd
2026-01-27 23:12:40,700 - INFO - [781/2119] Processing: HEXA_TRADEX_LTD__esg.json
2026-01-27 23:12:40,701 - INFO - Removed tier, industry from HEXA TRADEX LTD.
2026-01-27 23:12:40,703 - INFO - [782/2119] Processing: HFCL_Ltd_esg.json
2026-01-27 23:12:40,703 - INFO - Removed tier, industry from HFCL Ltd
2026-01-27 23:12:40,705 - INFO - [783/2119] Processing: HI-TECH_PIPES_LIMITED_esg.json
2026-01-27 23:12:40,706 - INFO - Removed tier, industry from HI-TECH PIPES LIMITED
2026-01-27 23:12:40,707 - INFO - [784/2119] Processing: Hi-Tech_Pipes_Ltd_esg.json
2026-01-27 23:12:40,708 - INFO - Removed tier, industry from Hi-Tech Pipes Ltd
2026-01-27 23:12:40,709 - INFO - [785/2119] Processing: Hikal_Ltd_esg.json
2026-01-27 23:12:40,710 - INFO - Removed tier, industry from Hikal Ltd
2026-01-27 23:12:40,712 - INFO - [786/2119] Processing: HIKAL_LTD__esg.json
2026-01-27 23:12:40,713 - INFO - Removed tier, industry from HIKAL LTD.
2026-01-27 23:12:40,714 - INFO - [787/2119] Processing: HIL_LTD__esg.json
2026-01-27 23:12:40,715 - INFO - Removed tier, industry from HIL LTD.
2026-01-27 23:12:40,717 - INFO - [788/2119] Processing: Himadri_Speciality_Chemical_Ltd_esg.json
2026-01-27 23:12:40,717 - INFO - Removed tier, industry from Himadri Speciality Chemical Ltd
2026-01-27 23:12:40,719 - INFO - [789/2119] Processing: HIMATSINGKA_SEIDE_LIMITED_esg.json
2026-01-27 23:12:40,720 - INFO - Removed tier, industry from HIMATSINGKA SEIDE LIMITED
2026-01-27 23:12:40,722 - INFO - [790/2119] Processing: Himatsingka_Seide_Ltd_esg.json
2026-01-27 23:12:40,722 - INFO - Removed tier, industry from Himatsingka Seide Ltd
2026-01-27 23:12:40,724 - INFO - [791/2119] Processing: HIMATSINGKA_SEIDE_LTD__esg.json
2026-01-27 23:12:40,724 - INFO - Removed tier, industry from HIMATSINGKA SEIDE LTD.
2026-01-27 23:12:40,726 - INFO - [792/2119] Processing: Hindalco_Industries_Ltd_esg.json
2026-01-27 23:12:40,726 - INFO - Removed tier, industry from Hindalco Industries Ltd
2026-01-27 23:12:40,728 - INFO - [793/2119] Processing: HINDALCO_INDUSTRIES_LTD__esg.json
2026-01-27 23:12:40,729 - INFO - Removed tier, industry from HINDALCO INDUSTRIES LTD.
2026-01-27 23:12:40,730 - INFO - [794/2119] Processing: HINDUJA_GLOBAL_SOLUTIONS_LIMITED_esg.json
2026-01-27 23:12:40,731 - INFO - Removed tier, industry from HINDUJA GLOBAL SOLUTIONS LIMITED
2026-01-27 23:12:40,733 - INFO - [795/2119] Processing: Hinduja_Global_Solutions_Ltd_esg.json
2026-01-27 23:12:40,733 - INFO - Removed tier, industry from Hinduja Global Solutions Ltd
2026-01-27 23:12:40,734 - INFO - [796/2119] Processing: HINDUJA_GLOBAL_SOLUTIONS_LTD__esg.json
2026-01-27 23:12:40,735 - INFO - Removed tier, industry from HINDUJA GLOBAL SOLUTIONS LTD.
2026-01-27 23:12:40,737 - INFO - [797/2119] Processing: Hindustan_Aeronautics_Ltd_esg.json
2026-01-27 23:12:40,737 - INFO - Removed tier, industry from Hindustan Aeronautics Ltd
2026-01-27 23:12:40,739 - INFO - [798/2119] Processing: Hindustan_Construction_Company_Ltd_esg.json
2026-01-27 23:12:40,739 - INFO - Removed tier, industry from Hindustan Construction Company Ltd
2026-01-27 23:12:40,741 - INFO - [799/2119] Processing: HINDUSTAN_CONSTRUCTION_CO_LTD__esg.json
2026-01-27 23:12:40,741 - INFO - Removed tier, industry from HINDUSTAN CONSTRUCTION CO.LTD.
2026-01-27 23:12:40,743 - INFO - [800/2119] Processing: HINDUSTAN_COPPER_LIMITED_esg.json
2026-01-27 23:12:40,743 - INFO - Removed tier, industry from HINDUSTAN COPPER LIMITED
2026-01-27 23:12:40,745 - INFO - [801/2119] Processing: Hindustan_Copper_Ltd_esg.json
2026-01-27 23:12:40,745 - INFO - Removed tier, industry from Hindustan Copper Ltd
2026-01-27 23:12:40,747 - INFO - [802/2119] Processing: HINDUSTAN_COPPER_LTD__esg.json
2026-01-27 23:12:40,748 - INFO - Removed tier, industry from HINDUSTAN COPPER LTD.
2026-01-27 23:12:40,749 - INFO - [803/2119] Processing: Hindustan_Foods_Ltd_esg.json
2026-01-27 23:12:40,749 - INFO - Removed tier, industry from Hindustan Foods Ltd
2026-01-27 23:12:40,751 - INFO - [804/2119] Processing: HINDUSTAN_FOODS_LTD__esg.json
2026-01-27 23:12:40,751 - INFO - Removed tier, industry from HINDUSTAN FOODS LTD.
2026-01-27 23:12:40,753 - INFO - [805/2119] Processing: Hindustan_Oil_Exploration_Company_Ltd_esg.json
2026-01-27 23:12:40,754 - INFO - Removed tier, industry from Hindustan Oil Exploration Company Ltd
2026-01-27 23:12:40,755 - INFO - [806/2119] Processing: HINDUSTAN_OIL_EXPLORATION_CO_LTD__esg.json
2026-01-27 23:12:40,756 - INFO - Removed tier, industry from Hindustan Oil Exploration Company Limited
2026-01-27 23:12:40,757 - INFO - [807/2119] Processing: Hindustan_Petroleum_Corporation_Ltd_esg.json
2026-01-27 23:12:40,758 - INFO - Removed tier, industry from Hindustan Petroleum Corporation Ltd
2026-01-27 23:12:40,759 - INFO - [808/2119] Processing: HINDUSTAN_PETROLEUM_CORPORATION_LTD__esg.json
2026-01-27 23:12:40,760 - INFO - Removed tier, industry from HINDUSTAN PETROLEUM CORPORATION LTD.
2026-01-27 23:12:40,762 - INFO - [809/2119] Processing: Hindustan_Unilever_Ltd_esg.json
2026-01-27 23:12:40,762 - INFO - Removed tier, industry from Hindustan Unilever Ltd
2026-01-27 23:12:40,764 - INFO - [810/2119] Processing: HINDUSTAN_UNILEVER_LTD__esg.json
2026-01-27 23:12:40,764 - INFO - Removed tier, industry from HINDUSTAN UNILEVER LTD.
2026-01-27 23:12:40,766 - INFO - [811/2119] Processing: Hindustan_Zinc_Ltd_esg.json
2026-01-27 23:12:40,766 - INFO - Removed tier, industry from Hindustan Zinc Ltd
2026-01-27 23:12:40,768 - INFO - [812/2119] Processing: HINDUSTAN_ZINC_LTD__esg.json
2026-01-27 23:12:40,768 - INFO - Removed tier, industry from HINDUSTAN ZINC LTD.
2026-01-27 23:12:40,770 - INFO - [813/2119] Processing: HINDWARE_HOME_INNOVATION_LIMITED_esg.json
2026-01-27 23:12:40,770 - INFO - Removed tier, industry from HINDWARE HOME INNOVATION LIMITED
2026-01-27 23:12:40,772 - INFO - [814/2119] Processing: Hindware_Home_Innovation_Ltd_esg.json
2026-01-27 23:12:40,772 - INFO - Removed tier, industry from Hindware Home Innovation Ltd
2026-01-27 23:12:40,774 - INFO - [815/2119] Processing: Hitachi_Energy_India_Ltd_esg.json
2026-01-27 23:12:40,775 - INFO - Removed tier, industry from Hitachi Energy India Ltd
2026-01-27 23:12:40,776 - INFO - [816/2119] Processing: HLE_GLASCOAT_LIMITED_esg.json
2026-01-27 23:12:40,777 - INFO - Removed tier, industry from HLE GLASCOAT LIMITED
2026-01-27 23:12:40,779 - INFO - [817/2119] Processing: HLE_Glascoat_Ltd_esg.json
2026-01-27 23:12:40,779 - INFO - Removed tier, industry from HLE Glascoat Ltd
2026-01-27 23:12:40,781 - INFO - [818/2119] Processing: HMA_Agro_Industries_Ltd_esg.json
2026-01-27 23:12:40,782 - INFO - Removed tier, industry from HMA Agro Industries Ltd.
2026-01-27 23:12:40,783 - INFO - [819/2119] Processing: HMT_LIMITED_esg.json
2026-01-27 23:12:40,784 - INFO - Removed tier, industry from HMT LIMITED
2026-01-27 23:12:40,785 - INFO - [820/2119] Processing: HMT_Ltd_esg.json
2026-01-27 23:12:40,786 - INFO - Removed tier, industry from HMT Ltd
2026-01-27 23:12:40,788 - INFO - [821/2119] Processing: HMT_LTD__esg.json
2026-01-27 23:12:40,788 - INFO - Removed tier, industry from HMT LIMITED
2026-01-27 23:12:40,790 - INFO - [822/2119] Processing: Home_First_Finance_Company_India_Ltd_esg.json
2026-01-27 23:12:40,790 - INFO - Removed tier, industry from Home First Finance Company India Ltd.
2026-01-27 23:12:40,792 - INFO - [823/2119] Processing: HONASA_CONSUMER_LIMITED_esg.json
2026-01-27 23:12:40,792 - INFO - Removed tier, industry from HONASA CONSUMER LIMITED
2026-01-27 23:12:40,794 - INFO - [824/2119] Processing: Honasa_Consumer_Ltd_esg.json
2026-01-27 23:12:40,795 - INFO - Removed tier, industry from Honasa Consumer Ltd
2026-01-27 23:12:40,797 - INFO - [825/2119] Processing: Honda_India_Power_Products_Ltd_esg.json
2026-01-27 23:12:40,797 - INFO - Removed tier, industry from Honda India Power Products Ltd
2026-01-27 23:12:40,799 - INFO - [826/2119] Processing: Honeywell_Automation_India_Ltd_esg.json
2026-01-27 23:12:40,799 - INFO - Removed tier, industry from Honeywell Automation India Ltd
2026-01-27 23:12:40,801 - INFO - [827/2119] Processing: HONEYWELL_AUTOMATION_INDIA_LTD__esg.json
2026-01-27 23:12:40,802 - INFO - Removed tier, industry from HONEYWELL AUTOMATION INDIA LTD.
2026-01-27 23:12:40,803 - INFO - [828/2119] Processing: Housing___Urban_Development_Corporation_Ltd_esg.json
2026-01-27 23:12:40,804 - INFO - Removed tier, industry from Housing & Urban Development Corporation Ltd
2026-01-27 23:12:40,806 - INFO - [829/2119] Processing: HPL_ELECTRIC___POWER_LIMITED_esg.json
2026-01-27 23:12:40,806 - INFO - Removed tier, industry from HPL ELECTRIC & POWER LIMITED
2026-01-27 23:12:40,808 - INFO - [830/2119] Processing: HPL_Electric___Power_Ltd_esg.json
2026-01-27 23:12:40,808 - INFO - Removed tier, industry from HPL Electric & Power Ltd
2026-01-27 23:12:40,810 - INFO - [831/2119] Processing: Huhtamaki_India_Ltd_esg.json
2026-01-27 23:12:40,810 - INFO - Removed tier, industry from Huhtamaki India Ltd.
2026-01-27 23:12:40,812 - INFO - [832/2119] Processing: Hyundai_Motor_India_Ltd_esg.json
2026-01-27 23:12:40,812 - INFO - Removed tier, industry from Hyundai Motor India Ltd
2026-01-27 23:12:40,814 - INFO - [833/2119] Processing: H_G__Infra_Engineering_Ltd_esg.json
2026-01-27 23:12:40,815 - INFO - Removed tier, industry from H.G. Infra Engineering Ltd.
2026-01-27 23:12:40,816 - INFO - [834/2119] Processing: ICICI_Bank_Ltd_esg.json
2026-01-27 23:12:40,817 - INFO - Removed tier, industry from ICICI Bank Ltd
2026-01-27 23:12:40,819 - INFO - [835/2119] Processing: ICICI_BANK_LTD__esg.json
2026-01-27 23:12:40,819 - INFO - Removed tier, industry from ICICI BANK LTD.
2026-01-27 23:12:40,821 - INFO - [836/2119] Processing: ICICI_Lombard_General_Insurance_Company_Ltd_esg.json
2026-01-27 23:12:40,821 - INFO - Removed tier, industry from ICICI Lombard General Insurance Company Ltd
2026-01-27 23:12:40,823 - INFO - [837/2119] Processing: ICICI_Prudential_Life_Insurance_Company_Ltd_esg.json
2026-01-27 23:12:40,823 - INFO - Removed tier, industry from ICICI Prudential Life Insurance Company Ltd
2026-01-27 23:12:40,825 - INFO - [838/2119] Processing: ICICI_Securities_Ltd_esg.json
2026-01-27 23:12:40,825 - INFO - Removed tier, industry from ICICI Securities Ltd
2026-01-27 23:12:40,827 - INFO - [839/2119] Processing: ICRA_Ltd_esg.json
2026-01-27 23:12:40,828 - INFO - Removed tier, industry from ICRA Ltd
2026-01-27 23:12:40,829 - INFO - [840/2119] Processing: ICRA_LTD__esg.json
2026-01-27 23:12:40,830 - INFO - Removed tier, industry from ICRA LTD.
2026-01-27 23:12:40,831 - INFO - [841/2119] Processing: IDBI_Bank_Ltd_esg.json
2026-01-27 23:12:40,832 - INFO - Removed tier, industry from IDBI Bank Ltd.
2026-01-27 23:12:40,833 - INFO - [842/2119] Processing: IDBI_BANK_LTD__esg.json
2026-01-27 23:12:40,834 - INFO - Removed tier, industry from IDBI BANK LTD.
2026-01-27 23:12:40,835 - INFO - [843/2119] Processing: Ideaforge_Technology_Ltd_esg.json
2026-01-27 23:12:40,836 - INFO - Removed tier, industry from ideaForge Technology Limited
2026-01-27 23:12:40,838 - INFO - [844/2119] Processing: IDFC_First_Bank_Ltd_esg.json
2026-01-27 23:12:40,838 - INFO - Removed tier, industry from IDFC FIRST Bank Limited
2026-01-27 23:12:40,840 - INFO - [845/2119] Processing: IFB_Industries_Ltd_esg.json
2026-01-27 23:12:40,840 - INFO - Removed tier, industry from IFB Industries Ltd
2026-01-27 23:12:40,842 - INFO - [846/2119] Processing: IFB_INDUSTRIES_LTD__esg.json
2026-01-27 23:12:40,842 - INFO - Removed tier, industry from IFB INDUSTRIES LTD.
2026-01-27 23:12:40,844 - INFO - [847/2119] Processing: IFCI_LIMITED_esg.json
2026-01-27 23:12:40,845 - INFO - Removed tier, industry from IFCI LIMITED
2026-01-27 23:12:40,846 - INFO - [848/2119] Processing: IFCI_Ltd_esg.json
2026-01-27 23:12:40,847 - INFO - Removed tier, industry from IFCI Ltd
2026-01-27 23:12:40,848 - INFO - [849/2119] Processing: IFCI_LTD__esg.json
2026-01-27 23:12:40,849 - INFO - Removed tier, industry from IFCI LTD.
2026-01-27 23:12:40,850 - INFO - [850/2119] Processing: IFGL_Refractories_Ltd_esg.json
2026-01-27 23:12:40,850 - INFO - Removed tier, industry from IFGL Refractories Ltd
2026-01-27 23:12:40,852 - INFO - [851/2119] Processing: Igarashi_Motors_India_Ltd_esg.json
2026-01-27 23:12:40,853 - INFO - Removed tier, industry from Igarashi Motors India Ltd
2026-01-27 23:12:40,855 - INFO - [852/2119] Processing: IGARASHI_MOTORS_INDIA_LTD__esg.json
2026-01-27 23:12:40,855 - INFO - Removed tier, industry from IGARASHI MOTORS INDIA LTD.
2026-01-27 23:12:40,857 - INFO - [853/2119] Processing: IG_Petrochemicals_Ltd_esg.json
2026-01-27 23:12:40,857 - INFO - Removed tier, industry from IG Petrochemicals Ltd
2026-01-27 23:12:40,859 - INFO - [854/2119] Processing: IIFL_Capital_Services_Ltd_esg.json
2026-01-27 23:12:40,859 - INFO - Removed tier, industry from IIFL Capital Services Ltd
2026-01-27 23:12:40,861 - INFO - [855/2119] Processing: IIFL_Finance_Ltd_esg.json
2026-01-27 23:12:40,861 - INFO - Removed tier, industry from IIFL Finance Ltd
2026-01-27 23:12:40,863 - INFO - [856/2119] Processing: IIFL_Securities_Ltd_esg.json
2026-01-27 23:12:40,863 - INFO - Removed tier, industry from IIFL Securities Ltd
2026-01-27 23:12:40,865 - INFO - [857/2119] Processing: IKIO_Lighting_Ltd_esg.json
2026-01-27 23:12:40,865 - INFO - Removed tier, industry from IKIO Lighting Ltd
2026-01-27 23:12:40,867 - INFO - [858/2119] Processing: IKIO_Technologies_Ltd_esg.json
2026-01-27 23:12:40,867 - INFO - Removed tier, industry from IKIO Technologies Ltd
2026-01-27 23:12:40,869 - INFO - [859/2119] Processing: IMAGICAAWORLD_ENTERTAINMENT_LIMITED_esg.json
2026-01-27 23:12:40,869 - INFO - Removed tier, industry from IMAGICAAWORLD ENTERTAINMENT LIMITED
2026-01-27 23:12:40,871 - INFO - [860/2119] Processing: Imagicaaworld_Entertainment_Ltd_esg.json
2026-01-27 23:12:40,871 - INFO - Removed tier, industry from Imagicaaworld Entertainment Limited
2026-01-27 23:12:40,873 - INFO - [861/2119] Processing: Indegene_Ltd_esg.json
2026-01-27 23:12:40,873 - INFO - Removed tier, industry from Indegene Ltd
2026-01-27 23:12:40,875 - INFO - [862/2119] Processing: IndiaMART_InterMESH_Ltd_esg.json
2026-01-27 23:12:40,875 - INFO - Removed tier, industry from IndiaMART InterMESH Ltd.
2026-01-27 23:12:40,877 - INFO - [863/2119] Processing: INDIAN_BANK_esg.json
2026-01-27 23:12:40,878 - INFO - Removed tier, industry from Indian Bank
2026-01-27 23:12:40,880 - INFO - [864/2119] Processing: Indian_Energy_Exchange_Ltd_esg.json
2026-01-27 23:12:40,880 - INFO - Removed tier, industry from Indian Energy Exchange Ltd
2026-01-27 23:12:40,882 - INFO - [865/2119] Processing: Indian_Hotels_Company_Ltd_esg.json
2026-01-27 23:12:40,883 - INFO - Removed tier, industry from Indian Hotels Company Ltd
2026-01-27 23:12:40,884 - INFO - [866/2119] Processing: INDIAN_HOTELS_CO_LTD__esg.json
2026-01-27 23:12:40,885 - INFO - Removed tier, industry from INDIAN HOTELS CO.LTD.
2026-01-27 23:12:40,887 - INFO - [867/2119] Processing: Indian_Hume_Pipe_Company_Ltd_esg.json
2026-01-27 23:12:40,888 - INFO - Removed tier, industry from Indian Hume Pipe Company Ltd
2026-01-27 23:12:40,889 - INFO - [868/2119] Processing: INDIAN_HUME_PIPE_CO_LTD__esg.json
2026-01-27 23:12:40,890 - INFO - Removed tier, industry from INDIAN HUME PIPE CO.LTD.
2026-01-27 23:12:40,892 - INFO - [869/2119] Processing: Indian_Oil_Corporation_Ltd_esg.json
2026-01-27 23:12:40,892 - INFO - Removed tier, industry from Indian Oil Corporation Limited
2026-01-27 23:12:40,894 - INFO - [870/2119] Processing: INDIAN_OIL_CORPORATION_LTD__esg.json
2026-01-27 23:12:40,894 - INFO - Removed tier, industry from INDIAN OIL CORPORATION LTD.
2026-01-27 23:12:40,896 - INFO - [871/2119] Processing: INDIAN_OVERSEAS_BANK_esg.json
2026-01-27 23:12:40,896 - INFO - Removed tier, industry from Indian Overseas Bank
2026-01-27 23:12:40,898 - INFO - [872/2119] Processing: Indian_Railway_Catering_and_Tourism_Corporation_Ltd_esg.json
2026-01-27 23:12:40,898 - INFO - Removed tier, industry from Indian Railway Catering and Tourism Corporation Ltd
2026-01-27 23:12:40,900 - INFO - [873/2119] Processing: Indian_Railway_Finance_Corporation_Ltd_esg.json
2026-01-27 23:12:40,900 - INFO - Removed tier, industry from Indian Railway Finance Corporation Ltd
2026-01-27 23:12:40,902 - INFO - [874/2119] Processing: India_Cements_Ltd_esg.json
2026-01-27 23:12:40,903 - INFO - Removed tier, industry from India Cements Ltd
2026-01-27 23:12:40,904 - INFO - [875/2119] Processing: INDIA_GLYCOLS_LIMITED_esg.json
2026-01-27 23:12:40,905 - INFO - Removed tier, industry from INDIA GLYCOLS LIMITED
2026-01-27 23:12:40,906 - INFO - [876/2119] Processing: India_Glycols_Ltd_esg.json
2026-01-27 23:12:40,907 - INFO - Removed tier, industry from India Glycols Ltd
2026-01-27 23:12:40,908 - INFO - [877/2119] Processing: INDIA_GLYCOLS_LTD__esg.json
2026-01-27 23:12:40,909 - INFO - Removed tier, industry from INDIA GLYCOLS LTD.
2026-01-27 23:12:40,910 - INFO - [878/2119] Processing: INDIA_NIPPON_ELECTRICALS_LIMITED_esg.json
2026-01-27 23:12:40,911 - INFO - Removed tier, industry from INDIA NIPPON ELECTRICALS LIMITED
2026-01-27 23:12:40,912 - INFO - [879/2119] Processing: India_Nippon_Electricals_Ltd_esg.json
2026-01-27 23:12:40,913 - INFO - Removed tier, industry from India Nippon Electricals Ltd
2026-01-27 23:12:40,914 - INFO - [880/2119] Processing: INDIA_NIPPON_ELECTRICALS_LTD__esg.json
2026-01-27 23:12:40,915 - INFO - Removed tier, industry from INDIA NIPPON ELECTRICALS LTD.
2026-01-27 23:12:40,916 - INFO - [881/2119] Processing: India_Pesticides_Ltd_esg.json
2026-01-27 23:12:40,917 - INFO - Removed tier, industry from India Pesticides Ltd
2026-01-27 23:12:40,918 - INFO - [882/2119] Processing: India_Shelter_Finance_Corporation_Ltd_esg.json
2026-01-27 23:12:40,919 - INFO - Removed tier, industry from India Shelter Finance Corporation Ltd
2026-01-27 23:12:40,921 - INFO - [883/2119] Processing: India_Tourism_Development_Corporation_Ltd_esg.json
2026-01-27 23:12:40,921 - INFO - Removed tier, industry from India Tourism Development Corporation Ltd.
2026-01-27 23:12:40,923 - INFO - [884/2119] Processing: INDIA_TOURISM_DEVELOPMENT_CORPORATION_LTD__esg.json
2026-01-27 23:12:40,924 - INFO - Removed tier, industry from INDIA TOURISM DEVELOPMENT CORPORATION LTD.
2026-01-27 23:12:40,926 - INFO - [885/2119] Processing: Indigo_Paints_Ltd_esg.json
2026-01-27 23:12:40,927 - INFO - Removed tier, industry from Indigo Paints Ltd
2026-01-27 23:12:40,929 - INFO - [886/2119] Processing: Indoco_Remedies_Ltd_esg.json
2026-01-27 23:12:40,930 - INFO - Removed tier, industry from Indoco Remedies Ltd
2026-01-27 23:12:40,932 - INFO - [887/2119] Processing: INDOCO_REMEDIES_LTD__esg.json
2026-01-27 23:12:40,932 - INFO - Removed tier, industry from INDOCO REMEDIES LTD.
2026-01-27 23:12:40,934 - INFO - [888/2119] Processing: INDOSTAR_CAPITAL_FINANCE_LIMITED_esg.json
2026-01-27 23:12:40,934 - INFO - Removed tier, industry from INDOSTAR CAPITAL FINANCE LIMITED
2026-01-27 23:12:40,936 - INFO - [889/2119] Processing: Indostar_Capital_Finance_Ltd_esg.json
2026-01-27 23:12:40,937 - INFO - Removed tier, industry from IndoStar Capital Finance Ltd
2026-01-27 23:12:40,939 - INFO - [890/2119] Processing: Indo_Count_Industries_Ltd_esg.json
2026-01-27 23:12:40,939 - INFO - Removed tier, industry from Indo Count Industries Ltd
2026-01-27 23:12:40,941 - INFO - [891/2119] Processing: INDO_COUNT_INDUSTRIES_LTD__esg.json
2026-01-27 23:12:40,941 - INFO - Removed tier, industry from INDO COUNT INDUSTRIES LTD.
2026-01-27 23:12:40,943 - INFO - [892/2119] Processing: Indo_Rama_Synthetics__India__Ltd_esg.json
2026-01-27 23:12:40,944 - INFO - Removed tier, industry from Indo Rama Synthetics (India) Ltd
2026-01-27 23:12:40,946 - INFO - [893/2119] Processing: INDO_RAMA_SYNTHETICS__INDIA__LTD__esg.json
2026-01-27 23:12:40,946 - INFO - Removed tier, industry from INDO RAMA SYNTHETICS (INDIA) LTD.
2026-01-27 23:12:40,948 - INFO - [894/2119] Processing: INDRAPRASTHA_GAS_LIMITED_esg.json
2026-01-27 23:12:40,949 - INFO - Removed tier, industry from Indraprastha Gas Limited
2026-01-27 23:12:40,950 - INFO - [895/2119] Processing: Indusind_Bank_Ltd_esg.json
2026-01-27 23:12:40,951 - INFO - Removed tier, industry from Indusind Bank Ltd
2026-01-27 23:12:40,953 - INFO - [896/2119] Processing: INDUSIND_BANK_LTD__esg.json
2026-01-27 23:12:40,953 - INFO - Removed tier, industry from INDUSIND BANK LTD.
2026-01-27 23:12:40,955 - INFO - [897/2119] Processing: Indus_Towers_Ltd_esg.json
2026-01-27 23:12:40,955 - INFO - Removed tier, industry from Indus Towers Ltd
2026-01-27 23:12:40,957 - INFO - [898/2119] Processing: INFIBEAM_AVENUES_LIMITED_esg.json
2026-01-27 23:12:40,957 - INFO - Removed tier, industry from INFIBEAM AVENUES LIMITED
2026-01-27 23:12:40,959 - INFO - [899/2119] Processing: Infibeam_Avenues_Ltd_esg.json
2026-01-27 23:12:40,959 - INFO - Removed tier, industry from Infibeam Avenues Ltd
2026-01-27 23:12:40,961 - INFO - [900/2119] Processing: Infobeans_Technologies_Ltd_esg.json
2026-01-27 23:12:40,962 - INFO - Removed tier, industry from Infobeans Technologies Ltd
2026-01-27 23:12:40,963 - INFO - [901/2119] Processing: Infosys_Ltd_esg.json
2026-01-27 23:12:40,963 - INFO - Removed tier, industry from Infosys Ltd
2026-01-27 23:12:40,965 - INFO - [902/2119] Processing: INFO_EDGE__INDIA__LTD__esg.json
2026-01-27 23:12:40,965 - INFO - Removed tier, industry from INFO EDGE (INDIA) LTD.
2026-01-27 23:12:40,967 - INFO - [903/2119] Processing: INGERSOLL-RAND__INDIA__LTD__esg.json
2026-01-27 23:12:40,967 - INFO - Removed tier, industry from INGERSOLL-RAND (INDIA) LTD.
2026-01-27 23:12:40,969 - INFO - [904/2119] Processing: Innova_Captab_Ltd_esg.json
2026-01-27 23:12:40,969 - INFO - Removed tier, industry from Innova Captab Ltd
2026-01-27 23:12:40,971 - INFO - [905/2119] Processing: INOX_GREEN_ENERGY_SERVICES_LIMITED_esg.json
2026-01-27 23:12:40,971 - INFO - Removed tier, industry from INOX GREEN ENERGY SERVICES LIMITED
2026-01-27 23:12:40,973 - INFO - [906/2119] Processing: Inox_Green_Energy_Services_Ltd_esg.json
2026-01-27 23:12:40,973 - INFO - Removed tier, industry from Inox Green Energy Services Ltd
2026-01-27 23:12:40,975 - INFO - [907/2119] Processing: INOX_India_Ltd_esg.json
2026-01-27 23:12:40,975 - INFO - Removed tier, industry from INOX India Ltd
2026-01-27 23:12:40,978 - INFO - [908/2119] Processing: Inox_Wind_Energy_Ltd_esg.json
2026-01-27 23:12:40,978 - INFO - Removed tier, industry from Inox Wind Energy Ltd
2026-01-27 23:12:40,980 - INFO - [909/2119] Processing: INOX_WIND_LIMITED_esg.json
2026-01-27 23:12:40,980 - INFO - Removed tier, industry from INOX WIND LIMITED
2026-01-27 23:12:40,982 - INFO - [910/2119] Processing: Inox_Wind_Ltd_esg.json
2026-01-27 23:12:40,982 - INFO - Removed tier, industry from Inox Wind Limited
2026-01-27 23:12:40,984 - INFO - [911/2119] Processing: Insecticides__India__Ltd_esg.json
2026-01-27 23:12:40,984 - INFO - Removed tier, industry from Insecticides (India) Ltd
2026-01-27 23:12:40,986 - INFO - [912/2119] Processing: INSECTICIDES__INDIA__LTD__esg.json
2026-01-27 23:12:40,986 - INFO - Removed tier, industry from INSECTICIDES (INDIA) LTD.
2026-01-27 23:12:40,988 - INFO - [913/2119] Processing: Insolation_Energy_Ltd_esg.json
2026-01-27 23:12:40,988 - INFO - Removed tier, industry from Insolation Energy Ltd.
2026-01-27 23:12:40,990 - INFO - [914/2119] Processing: Intellect_Design_Arena_Ltd_esg.json
2026-01-27 23:12:40,991 - INFO - Removed tier, industry from Intellect Design Arena Ltd
2026-01-27 23:12:40,992 - INFO - [915/2119] Processing: InterGlobe_Aviation_Ltd_esg.json
2026-01-27 23:12:40,993 - INFO - Removed tier, industry from InterGlobe Aviation Ltd
2026-01-27 23:12:40,994 - INFO - [916/2119] Processing: International_Gemmological_Institute_India_Ltd_esg.json
2026-01-27 23:12:40,995 - INFO - Removed tier, industry from International Gemmological Institute India Ltd
2026-01-27 23:12:40,997 - INFO - [917/2119] Processing: IOL_Chemicals___Pharmaceuticals_Ltd_esg.json
2026-01-27 23:12:40,997 - INFO - Removed tier, industry from IOL Chemicals and Pharmaceuticals Limited
2026-01-27 23:12:40,999 - INFO - [918/2119] Processing: IOL_CHEMICALS___PHARMACEUTICALS_LTD__esg.json
2026-01-27 23:12:40,999 - INFO - Removed tier, industry from IOL CHEMICALS AND PHARMACEUTICALS LIMITED
2026-01-27 23:12:41,000 - INFO - [919/2119] Processing: Ion_Exchange_India_Ltd-_esg.json
2026-01-27 23:12:41,001 - INFO - Removed tier, industry from Ion Exchange India Ltd-
2026-01-27 23:12:41,003 - INFO - [920/2119] Processing: Ipca_Laboratories_Ltd_esg.json
2026-01-27 23:12:41,003 - INFO - Removed tier, industry from Ipca Laboratories Ltd.
2026-01-27 23:12:41,005 - INFO - [921/2119] Processing: IPCA_LABORATORIES_LTD__esg.json
2026-01-27 23:12:41,005 - INFO - Removed tier, industry from IPCA LABORATORIES LTD.
2026-01-27 23:12:41,007 - INFO - [922/2119] Processing: IRB_INFRASTRUCTURE_DEVELOPERS_LTD__esg.json
2026-01-27 23:12:41,007 - INFO - Removed tier, industry from IRB INFRASTRUCTURE DEVELOPERS LTD.
2026-01-27 23:12:41,009 - INFO - [923/2119] Processing: IRCON_International_Ltd_esg.json
2026-01-27 23:12:41,009 - INFO - Removed tier, industry from IRCON International Ltd
2026-01-27 23:12:41,011 - INFO - [924/2119] Processing: IRM_ENERGY_LIMITED_esg.json
2026-01-27 23:12:41,012 - INFO - Removed tier, industry from IRM ENERGY LIMITED
2026-01-27 23:12:41,014 - INFO - [925/2119] Processing: IRM_Energy_Ltd_esg.json
2026-01-27 23:12:41,014 - INFO - Removed tier, industry from IRM Energy Ltd
2026-01-27 23:12:41,016 - INFO - [926/2119] Processing: ISGEC_Heavy_Engineering_Ltd_esg.json
2026-01-27 23:12:41,016 - INFO - Removed tier, industry from ISGEC Heavy Engineering Ltd
2026-01-27 23:12:41,018 - INFO - [927/2119] Processing: ITC_Ltd_esg.json
2026-01-27 23:12:41,018 - INFO - Removed tier, industry from ITC Ltd
2026-01-27 23:12:41,020 - INFO - [928/2119] Processing: ITC_LTD__esg.json
2026-01-27 23:12:41,021 - INFO - Removed tier, industry from ITC LTD.
2026-01-27 23:12:41,022 - INFO - [929/2119] Processing: ITD_Cementation_India_Ltd_esg.json
2026-01-27 23:12:41,023 - INFO - Removed tier, industry from ITD Cementation India Ltd
2026-01-27 23:12:41,024 - INFO - [930/2119] Processing: ITD_CEMENTATION_INDIA_LTD__esg.json
2026-01-27 23:12:41,025 - INFO - Removed tier, industry from ITD Cementation India Limited
2026-01-27 23:12:41,027 - INFO - [931/2119] Processing: I_G_PETROCHEMICALS_LTD__esg.json
2026-01-27 23:12:41,027 - INFO - Removed tier, industry from I G PETROCHEMICALS LTD.
2026-01-27 23:12:41,029 - INFO - [932/2119] Processing: Jagran_Prakashan_Ltd_esg.json
2026-01-27 23:12:41,030 - INFO - Removed tier, industry from Jagran Prakashan Limited
2026-01-27 23:12:41,031 - INFO - [933/2119] Processing: JAGRAN_PRAKASHAN_LTD__esg.json
2026-01-27 23:12:41,032 - INFO - Removed tier, industry from JAGRAN PRAKASHAN LTD.
2026-01-27 23:12:41,033 - INFO - [934/2119] Processing: JAGSONPAL_PHARMACEUTICALS_LIMITED_esg.json
2026-01-27 23:12:41,034 - INFO - Removed tier, industry from JAGSONPAL PHARMACEUTICALS LIMITED
2026-01-27 23:12:41,036 - INFO - [935/2119] Processing: Jagsonpal_Pharmaceuticals_Ltd_esg.json
2026-01-27 23:12:41,036 - INFO - Removed tier, industry from Jagsonpal Pharmaceuticals Ltd
2026-01-27 23:12:41,038 - INFO - [936/2119] Processing: JAGSONPAL_PHARMACEUTICALS_LTD__esg.json
2026-01-27 23:12:41,038 - INFO - Removed tier, industry from JAGSONPAL PHARMACEUTICALS LTD.
2026-01-27 23:12:41,040 - INFO - [937/2119] Processing: JAIN_IRRIGATION_SYSTEMS_LIMITED_esg.json
2026-01-27 23:12:41,040 - INFO - Removed tier, industry from JAIN IRRIGATION SYSTEMS LIMITED
2026-01-27 23:12:41,042 - INFO - [938/2119] Processing: Jain_Irrigation_Systems_Ltd_esg.json
2026-01-27 23:12:41,043 - INFO - Removed tier, industry from Jain Irrigation Systems Ltd.
2026-01-27 23:12:41,044 - INFO - [939/2119] Processing: JAIN_IRRIGATION_SYSTEMS_LTD__esg.json
2026-01-27 23:12:41,045 - INFO - Removed tier, industry from JAIN IRRIGATION SYSTEMS LTD.
2026-01-27 23:12:41,047 - INFO - [940/2119] Processing: JAIPRAKASH_ASSOCIATES_LIMITED_esg.json
2026-01-27 23:12:41,047 - INFO - Removed tier, industry from JAIPRAKASH ASSOCIATES LIMITED
2026-01-27 23:12:41,049 - INFO - [941/2119] Processing: Jaiprakash_Associates_Ltd_esg.json
2026-01-27 23:12:41,049 - INFO - Removed tier, industry from Jaiprakash Associates Ltd.
2026-01-27 23:12:41,051 - INFO - [942/2119] Processing: JAIPRAKASH_ASSOCIATES_LTD__esg.json
2026-01-27 23:12:41,051 - INFO - Removed tier, industry from Jaiprakash Associates Limited
2026-01-27 23:12:41,053 - INFO - [943/2119] Processing: Jaiprakash_Power_Ventures_Limited_esg.json
2026-01-27 23:12:41,054 - INFO - Removed tier, industry from Jaiprakash Power Ventures Limited
2026-01-27 23:12:41,055 - INFO - [944/2119] Processing: Jaiprakash_Power_Ventures_Ltd_esg.json
2026-01-27 23:12:41,056 - INFO - Removed tier, industry from Jaiprakash Power Ventures Ltd
2026-01-27 23:12:41,057 - INFO - [945/2119] Processing: Jai_Balaji_Industries_Ltd_esg.json
2026-01-27 23:12:41,058 - INFO - Removed tier, industry from Jai Balaji Industries Ltd
2026-01-27 23:12:41,059 - INFO - [946/2119] Processing: JAI_BALAJI_INDUSTRIES_LTD__esg.json
2026-01-27 23:12:41,060 - INFO - Removed tier, industry from JAI BALAJI INDUSTRIES LTD.
2026-01-27 23:12:41,062 - INFO - [947/2119] Processing: Jai_Corp_Ltd_esg.json
2026-01-27 23:12:41,062 - INFO - Removed tier, industry from Jai Corp Ltd
2026-01-27 23:12:41,064 - INFO - [948/2119] Processing: JAI_CORP_LTD__esg.json
2026-01-27 23:12:41,064 - INFO - Removed tier, industry from JAI CORP LTD.
2026-01-27 23:12:41,066 - INFO - [949/2119] Processing: Jammu___Kashmir_Bank_Ltd_esg.json
2026-01-27 23:12:41,066 - INFO - Removed tier, industry from Jammu & Kashmir Bank Ltd
2026-01-27 23:12:41,068 - INFO - [950/2119] Processing: JAMMU___KASHMIR_BANK_LTD__esg.json
2026-01-27 23:12:41,068 - INFO - Removed tier, industry from JAMMU & KASHMIR BANK LTD.
2026-01-27 23:12:41,070 - INFO - [951/2119] Processing: JAMNA_AUTO_INDUSTRIES_LIMITED_esg.json
2026-01-27 23:12:41,070 - INFO - Removed tier, industry from JAMNA AUTO INDUSTRIES LIMITED
2026-01-27 23:12:41,072 - INFO - [952/2119] Processing: Jamna_Auto_Industries_Ltd_esg.json
2026-01-27 23:12:41,073 - INFO - Removed tier, industry from Jamna Auto Industries Ltd.
2026-01-27 23:12:41,074 - INFO - [953/2119] Processing: JAMNA_AUTO_INDUSTRIES_LTD__esg.json
2026-01-27 23:12:41,075 - INFO - Removed tier, industry from JAMNA AUTO INDUSTRIES LTD.
2026-01-27 23:12:41,077 - INFO - [954/2119] Processing: Jana_Small_Finance_Bank_Ltd_esg.json
2026-01-27 23:12:41,077 - INFO - Removed tier, industry from Jana Small Finance Bank Ltd
2026-01-27 23:12:41,079 - INFO - [955/2119] Processing: Jash_Engineering_Ltd_esg.json
2026-01-27 23:12:41,080 - INFO - Removed tier, industry from Jash Engineering Ltd.
2026-01-27 23:12:41,081 - INFO - [956/2119] Processing: Jayaswal_Neco_Industries_Ltd_esg.json
2026-01-27 23:12:41,082 - INFO - Removed tier, industry from Jayaswal Neco Industries Ltd
2026-01-27 23:12:41,083 - INFO - [957/2119] Processing: JAYASWAL_NECO_INDUSTRIES_LTD__esg.json
2026-01-27 23:12:41,084 - INFO - Removed tier, industry from JAYASWAL NECO INDUSTRIES LTD
2026-01-27 23:12:41,086 - INFO - [958/2119] Processing: Jay_Bharat_Maruti_Ltd_esg.json
2026-01-27 23:12:41,086 - INFO - Removed tier, industry from Jay Bharat Maruti Ltd
2026-01-27 23:12:41,088 - INFO - [959/2119] Processing: JAY_BHARAT_MARUTI_LTD__esg.json
2026-01-27 23:12:41,089 - INFO - Removed tier, industry from JAY BHARAT MARUTI LTD.
2026-01-27 23:12:41,090 - INFO - [960/2119] Processing: JBM_Auto_Ltd_esg.json
2026-01-27 23:12:41,091 - INFO - Removed tier, industry from JBM Auto Ltd.
2026-01-27 23:12:41,093 - INFO - [961/2119] Processing: JBM_AUTO_LTD__esg.json
2026-01-27 23:12:41,094 - INFO - Removed tier, industry from JBM AUTO LTD.
2026-01-27 23:12:41,096 - INFO - [962/2119] Processing: JB_Chemicals___Pharmaceuticals_Ltd_esg.json
2026-01-27 23:12:41,096 - INFO - Removed tier, industry from JB Chemicals & Pharmaceuticals Ltd.
2026-01-27 23:12:41,098 - INFO - [963/2119] Processing: Jindal_Drilling___Industries_Ltd_esg.json
2026-01-27 23:12:41,098 - INFO - Removed tier, industry from Jindal Drilling & Industries Ltd.
2026-01-27 23:12:41,100 - INFO - [964/2119] Processing: JINDAL_DRILLING___INDUSTRIES_LTD__esg.json
2026-01-27 23:12:41,100 - INFO - Removed tier, industry from JINDAL DRILLING & INDUSTRIES LTD.
2026-01-27 23:12:41,102 - INFO - [965/2119] Processing: JINDAL_POLY_FILMS_LIMITED_esg.json
2026-01-27 23:12:41,103 - INFO - Removed tier, industry from JINDAL POLY FILMS LIMITED
2026-01-27 23:12:41,104 - INFO - [966/2119] Processing: Jindal_Poly_Films_Ltd_esg.json
2026-01-27 23:12:41,105 - INFO - Removed tier, industry from Jindal Poly Films Ltd
2026-01-27 23:12:41,106 - INFO - [967/2119] Processing: JINDAL_POLY_FILMS_LTD__esg.json
2026-01-27 23:12:41,107 - INFO - Removed tier, industry from JINDAL POLY FILMS LTD.
2026-01-27 23:12:41,108 - INFO - [968/2119] Processing: Jindal_Saw_Ltd_esg.json
2026-01-27 23:12:41,109 - INFO - Removed tier, industry from Jindal Saw Ltd.
2026-01-27 23:12:41,111 - INFO - [969/2119] Processing: JINDAL_SAW_LTD__esg.json
2026-01-27 23:12:41,111 - INFO - Removed tier, industry from JINDAL SAW LTD.
2026-01-27 23:12:41,113 - INFO - [970/2119] Processing: Jindal_Stainless_Ltd_esg.json
2026-01-27 23:12:41,113 - INFO - Removed tier, industry from Jindal Stainless Ltd
2026-01-27 23:12:41,115 - INFO - [971/2119] Processing: JINDAL_STAINLESS_LTD__esg.json
2026-01-27 23:12:41,115 - INFO - Removed tier, industry from JINDAL STAINLESS LTD.
2026-01-27 23:12:41,117 - INFO - [972/2119] Processing: Jindal_Steel___Power_Ltd_esg.json
2026-01-27 23:12:41,117 - INFO - Removed tier, industry from Jindal Steel & Power Ltd
2026-01-27 23:12:41,119 - INFO - [973/2119] Processing: JINDAL_STEEL___POWER_LTD__esg.json
2026-01-27 23:12:41,119 - INFO - Removed tier, industry from JINDAL STEEL & POWER LTD.
2026-01-27 23:12:41,121 - INFO - [974/2119] Processing: Jindal_Worldwide_Ltd_esg.json
2026-01-27 23:12:41,121 - INFO - Removed tier, industry from Jindal Worldwide Ltd
2026-01-27 23:12:41,123 - INFO - [975/2119] Processing: JINDAL_WORLDWIDE_LTD__esg.json
2026-01-27 23:12:41,123 - INFO - Removed tier, industry from JINDAL WORLDWIDE LTD.
2026-01-27 23:12:41,125 - INFO - [976/2119] Processing: Jio_Financial_Services_Ltd_esg.json
2026-01-27 23:12:41,125 - INFO - Removed tier, industry from Jio Financial Services Limited
2026-01-27 23:12:41,127 - INFO - [977/2119] Processing: JK_Cement_Ltd_esg.json
2026-01-27 23:12:41,127 - INFO - Removed tier, industry from JK Cement Ltd.
2026-01-27 23:12:41,129 - INFO - [978/2119] Processing: JK_LAKSHMI_CEMENT_LIMITED_esg.json
2026-01-27 23:12:41,129 - INFO - Removed tier, industry from JK LAKSHMI CEMENT LIMITED
2026-01-27 23:12:41,131 - INFO - [979/2119] Processing: JK_LAKSHMI_CEMENT_LTD__esg.json
2026-01-27 23:12:41,131 - INFO - Removed tier, industry from JK LAKSHMI CEMENT LTD.
2026-01-27 23:12:41,133 - INFO - [980/2119] Processing: JK_Paper_Ltd_esg.json
2026-01-27 23:12:41,133 - INFO - Removed tier, industry from JK Paper Ltd
2026-01-27 23:12:41,135 - INFO - [981/2119] Processing: JK_PAPER_LTD__esg.json
2026-01-27 23:12:41,136 - INFO - Removed tier, industry from JK PAPER LTD.
2026-01-27 23:12:41,138 - INFO - [982/2119] Processing: JK_Tyre___Industries_Ltd_esg.json
2026-01-27 23:12:41,138 - INFO - Removed tier, industry from JK Tyre & Industries Ltd.
2026-01-27 23:12:41,140 - INFO - [983/2119] Processing: JM_Financial_Ltd-_esg.json
2026-01-27 23:12:41,140 - INFO - Removed tier, industry from JM Financial Ltd-
2026-01-27 23:12:41,142 - INFO - [984/2119] Processing: JM_FINANCIAL_LTD_-_esg.json
2026-01-27 23:12:41,142 - INFO - Removed tier, industry from JM FINANCIAL LTD.-
2026-01-27 23:12:41,145 - INFO - [985/2119] Processing: JNK_INDIA_LIMITED_esg.json
2026-01-27 23:12:41,145 - INFO - Removed tier, industry from JNK INDIA LIMITED
2026-01-27 23:12:41,148 - INFO - [986/2119] Processing: JNK_India_Ltd_esg.json
2026-01-27 23:12:41,148 - INFO - Removed tier, industry from JNK India Ltd
2026-01-27 23:12:41,150 - INFO - [987/2119] Processing: Johnson_Controls-Hitachi_Air_Conditioning_India_Ltd_esg.json
2026-01-27 23:12:41,150 - INFO - Removed tier, industry from Johnson Controls-Hitachi Air Conditioning India Ltd
2026-01-27 23:12:41,152 - INFO - [988/2119] Processing: JSW_Energy_Ltd_esg.json
2026-01-27 23:12:41,153 - INFO - Removed tier, industry from JSW Energy Ltd
2026-01-27 23:12:41,154 - INFO - [989/2119] Processing: JSW_Holdings_Limited_esg.json
2026-01-27 23:12:41,155 - INFO - Removed tier, industry from JSW Holdings Limited
2026-01-27 23:12:41,156 - INFO - [990/2119] Processing: JSW_Holdings_Ltd_esg.json
2026-01-27 23:12:41,157 - INFO - Removed tier, industry from JSW Holdings Ltd
2026-01-27 23:12:41,158 - INFO - [991/2119] Processing: JSW_Infrastructure_Ltd_esg.json
2026-01-27 23:12:41,159 - INFO - Removed tier, industry from JSW Infrastructure Ltd.
2026-01-27 23:12:41,160 - INFO - [992/2119] Processing: JSW_Steel_Ltd_esg.json
2026-01-27 23:12:41,161 - INFO - Removed tier, industry from JSW Steel Ltd
2026-01-27 23:12:41,163 - INFO - [993/2119] Processing: Jtekt_India_Ltd_esg.json
2026-01-27 23:12:41,163 - INFO - Removed tier, industry from JTEKT INDIA LIMITED
2026-01-27 23:12:41,165 - INFO - [994/2119] Processing: JTL_INDUSTRIES_LIMITED_esg.json
2026-01-27 23:12:41,165 - INFO - Removed tier, industry from JTL INDUSTRIES LIMITED
2026-01-27 23:12:41,167 - INFO - [995/2119] Processing: JTL_Industries_Ltd_esg.json
2026-01-27 23:12:41,167 - INFO - Removed tier, industry from JTL Industries Ltd
2026-01-27 23:12:41,169 - INFO - [996/2119] Processing: Jubilant_FoodWorks_Ltd_esg.json
2026-01-27 23:12:41,170 - INFO - Removed tier, industry from Jubilant FoodWorks Ltd
2026-01-27 23:12:41,172 - INFO - [997/2119] Processing: JUBILANT_INDUSTRIES_LTD__esg.json
2026-01-27 23:12:41,172 - INFO - Removed tier, industry from JUBILANT INDUSTRIES LTD.
2026-01-27 23:12:41,174 - INFO - [998/2119] Processing: Jubilant_Ingrevia_Ltd_esg.json
2026-01-27 23:12:41,174 - INFO - Removed tier, industry from Jubilant Ingrevia Ltd
2026-01-27 23:12:41,176 - INFO - [999/2119] Processing: Jubilant_Pharmova_Ltd_esg.json
2026-01-27 23:12:41,177 - INFO - Removed tier, industry from Jubilant Pharmova Ltd
2026-01-27 23:12:41,179 - INFO - [1000/2119] Processing: JUNIPER_HOTELS_LIMITED_esg.json
2026-01-27 23:12:41,180 - INFO - Removed tier, industry from JUNIPER HOTELS LIMITED
2026-01-27 23:12:41,181 - INFO - [1001/2119] Processing: Juniper_Hotels_Ltd_esg.json
2026-01-27 23:12:41,182 - INFO - Removed tier, industry from Juniper Hotels Ltd
2026-01-27 23:12:41,184 - INFO - [1002/2119] Processing: Jupiter_Life_Line_Hospitals_Ltd_esg.json
2026-01-27 23:12:41,184 - INFO - Removed tier, industry from Jupiter Life Line Hospitals Limited
2026-01-27 23:12:41,186 - INFO - [1003/2119] Processing: JUPITER_WAGONS_LIMITED_esg.json
2026-01-27 23:12:41,187 - INFO - Removed tier, industry from JUPITER WAGONS LIMITED
2026-01-27 23:12:41,189 - INFO - [1004/2119] Processing: Jupiter_Wagons_Ltd_esg.json
2026-01-27 23:12:41,189 - INFO - Removed tier, industry from Jupiter Wagons Ltd
2026-01-27 23:12:41,191 - INFO - [1005/2119] Processing: Just_Dial_Ltd_esg.json
2026-01-27 23:12:41,191 - INFO - Removed tier, industry from Just Dial Ltd
2026-01-27 23:12:41,193 - INFO - [1006/2119] Processing: JUST_DIAL_LTD__esg.json
2026-01-27 23:12:41,194 - INFO - Removed tier, industry from JUST DIAL LTD.
2026-01-27 23:12:41,196 - INFO - [1007/2119] Processing: Jyothy_Labs_Ltd_esg.json
2026-01-27 23:12:41,196 - INFO - Removed tier, industry from Jyothy Labs Ltd
2026-01-27 23:12:41,198 - INFO - [1008/2119] Processing: JYOTI_CNC_AUTOMATION_LIMITED_esg.json
2026-01-27 23:12:41,198 - INFO - Removed tier, industry from JYOTI CNC AUTOMATION LIMITED
2026-01-27 23:12:41,201 - INFO - [1009/2119] Processing: Jyoti_CNC_Automation_Ltd_esg.json
2026-01-27 23:12:41,201 - INFO - Removed tier, industry from Jyoti CNC Automation Ltd
2026-01-27 23:12:41,203 - INFO - [1010/2119] Processing: Jyoti_Resins___Adhesives_Ltd_esg.json
2026-01-27 23:12:41,204 - INFO - Removed tier, industry from Jyoti Resins & Adhesives Ltd
2026-01-27 23:12:41,206 - INFO - [1011/2119] Processing: JYOTI_RESINS___ADHESIVES_LTD__esg.json
2026-01-27 23:12:41,206 - INFO - Removed tier, industry from JYOTI RESINS & ADHESIVES LTD.
2026-01-27 23:12:41,208 - INFO - [1012/2119] Processing: Jyoti_Structures_Ltd_esg.json
2026-01-27 23:12:41,209 - INFO - Removed tier, industry from Jyoti Structures Ltd
2026-01-27 23:12:41,211 - INFO - [1013/2119] Processing: JYOTI_STRUCTURES_LTD__esg.json
2026-01-27 23:12:41,212 - INFO - Removed tier, industry from JYOTI STRUCTURES LTD.
2026-01-27 23:12:41,214 - INFO - [1014/2119] Processing: J_KUMAR_INFRAPROJECTS_LIMITED_esg.json
2026-01-27 23:12:41,214 - INFO - Removed tier, industry from J.KUMAR INFRAPROJECTS LIMITED
2026-01-27 23:12:41,236 - INFO - [1015/2119] Processing: J_KUMAR_INFRAPROJECTS_LTD__esg.json
2026-01-27 23:12:41,237 - INFO - Removed tier, industry from J.KUMAR INFRAPROJECTS LTD.
2026-01-27 23:12:41,238 - INFO - [1016/2119] Processing: J_K_CEMENT_LTD__esg.json
2026-01-27 23:12:41,239 - INFO - Removed tier, industry from J.K.CEMENT LTD.
2026-01-27 23:12:41,241 - INFO - [1017/2119] Processing: J__Kumar_Infraprojects_Ltd_esg.json
2026-01-27 23:12:41,241 - INFO - Removed tier, industry from J. Kumar Infraprojects Ltd
2026-01-27 23:12:41,243 - INFO - [1018/2119] Processing: Kabra_Extrusiontechnik_Ltd_esg.json
2026-01-27 23:12:41,243 - INFO - Removed tier, industry from Kabra Extrusiontechnik Ltd
2026-01-27 23:12:41,245 - INFO - [1019/2119] Processing: KABRA_EXTRUSIONTECHNIK_LTD__esg.json
2026-01-27 23:12:41,245 - INFO - Removed tier, industry from KABRA EXTRUSIONTECHNIK LTD.
2026-01-27 23:12:41,248 - INFO - [1020/2119] Processing: KAJARIA_CERAMICS_LIMITED_esg.json
2026-01-27 23:12:41,248 - INFO - Removed tier, industry from KAJARIA CERAMICS LIMITED
2026-01-27 23:12:41,250 - INFO - [1021/2119] Processing: Kajaria_Ceramics_Ltd_esg.json
2026-01-27 23:12:41,250 - INFO - Removed tier, industry from Kajaria Ceramics Ltd
2026-01-27 23:12:41,252 - INFO - [1022/2119] Processing: KAJARIA_CERAMICS_LTD__esg.json
2026-01-27 23:12:41,253 - INFO - Removed tier, industry from KAJARIA CERAMICS LTD.
2026-01-27 23:12:41,255 - INFO - [1023/2119] Processing: Kalpataru_Projects_International_Ltd_esg.json
2026-01-27 23:12:41,255 - INFO - Removed tier, industry from Kalpataru Projects International Ltd
2026-01-27 23:12:41,257 - INFO - [1024/2119] Processing: Kalyani_Steels_Ltd_esg.json
2026-01-27 23:12:41,257 - INFO - Removed tier, industry from Kalyani Steels Ltd
2026-01-27 23:12:41,259 - INFO - [1025/2119] Processing: KALYANI_STEELS_LTD__esg.json
2026-01-27 23:12:41,260 - INFO - Removed tier, industry from KALYANI STEELS LTD.
2026-01-27 23:12:41,262 - INFO - [1026/2119] Processing: Kalyan_Jewellers_India_Ltd_esg.json
2026-01-27 23:12:41,262 - INFO - Removed tier, industry from Kalyan Jewellers India Ltd.
2026-01-27 23:12:41,264 - INFO - [1027/2119] Processing: Kama_Holdings_Limited-_esg.json
2026-01-27 23:12:41,265 - INFO - Removed tier, industry from Kama Holdings Limited
2026-01-27 23:12:41,266 - INFO - [1028/2119] Processing: Kama_Holdings_Ltd-_esg.json
2026-01-27 23:12:41,267 - INFO - Removed tier, industry from Kama Holdings Ltd-
2026-01-27 23:12:41,268 - INFO - [1029/2119] Processing: KAMDHENU_LIMITED_esg.json
2026-01-27 23:12:41,269 - INFO - Removed tier, industry from KAMDHENU LIMITED
2026-01-27 23:12:41,271 - INFO - [1030/2119] Processing: Kamdhenu_Ltd_esg.json
2026-01-27 23:12:41,271 - INFO - Removed tier, industry from Kamdhenu Limited
2026-01-27 23:12:41,273 - INFO - [1031/2119] Processing: Kansai_Nerolac_Paints_Ltd_esg.json
2026-01-27 23:12:41,273 - INFO - Removed tier, industry from Kansai Nerolac Paints Ltd
2026-01-27 23:12:41,275 - INFO - [1032/2119] Processing: KANSAI_NEROLAC_PAINTS_LTD__esg.json
2026-01-27 23:12:41,275 - INFO - Removed tier, industry from KANSAI NEROLAC PAINTS LTD.
2026-01-27 23:12:41,277 - INFO - [1033/2119] Processing: Karnataka_Bank_Ltd_esg.json
2026-01-27 23:12:41,278 - INFO - Removed tier, industry from Karnataka Bank Ltd.
2026-01-27 23:12:41,280 - INFO - [1034/2119] Processing: KARNATAKA_BANK_LTD__esg.json
2026-01-27 23:12:41,280 - INFO - Removed tier, industry from KARNATAKA BANK LTD.
2026-01-27 23:12:41,282 - INFO - [1035/2119] Processing: KAVERI_SEED_COMPANY_LIMITED_esg.json
2026-01-27 23:12:41,282 - INFO - Removed tier, industry from KAVERI SEED COMPANY LIMITED
2026-01-27 23:12:41,284 - INFO - [1036/2119] Processing: Kaveri_Seed_Company_Ltd_esg.json
2026-01-27 23:12:41,284 - INFO - Removed tier, industry from Kaveri Seed Company Ltd
2026-01-27 23:12:41,286 - INFO - [1037/2119] Processing: KAVERI_SEED_COMPANY_LTD__esg.json
2026-01-27 23:12:41,287 - INFO - Removed tier, industry from KAVERI SEED COMPANY LTD.
2026-01-27 23:12:41,289 - INFO - [1038/2119] Processing: Kaynes_Technology_India_Ltd_esg.json
2026-01-27 23:12:41,289 - INFO - Removed tier, industry from Kaynes Technology India Ltd
2026-01-27 23:12:41,291 - INFO - [1039/2119] Processing: KDDL_Ltd-_esg.json
2026-01-27 23:12:41,291 - INFO - Removed tier, industry from KDDL Ltd-
2026-01-27 23:12:41,293 - INFO - [1040/2119] Processing: KDDL_LTD_-_esg.json
2026-01-27 23:12:41,293 - INFO - Removed tier, industry from KDDL LTD.-
2026-01-27 23:12:41,295 - INFO - [1041/2119] Processing: KEC_International_Ltd_esg.json
2026-01-27 23:12:41,296 - INFO - Removed tier, industry from KEC International Ltd.
2026-01-27 23:12:41,297 - INFO - [1042/2119] Processing: KEC_INTERNATIONAL_LTD__esg.json
2026-01-27 23:12:41,298 - INFO - Removed tier, industry from KEC INTERNATIONAL LTD.
2026-01-27 23:12:41,299 - INFO - [1043/2119] Processing: KEI_Industries_Ltd_esg.json
2026-01-27 23:12:41,300 - INFO - Removed tier, industry from KEI Industries Ltd
2026-01-27 23:12:41,302 - INFO - [1044/2119] Processing: KEI_INDUSTRIES_LTD__esg.json
2026-01-27 23:12:41,302 - INFO - Removed tier, industry from KEI INDUSTRIES LTD.
2026-01-27 23:12:41,304 - INFO - [1045/2119] Processing: KELLTON_TECH_SOLUTIONS_LIMITED_esg.json
2026-01-27 23:12:41,305 - INFO - Removed tier, industry from KELLTON TECH SOLUTIONS LIMITED
2026-01-27 23:12:41,306 - INFO - [1046/2119] Processing: Kellton_Tech_Solutions_Ltd_esg.json
2026-01-27 23:12:41,307 - INFO - Removed tier, industry from Kellton Tech Solutions Ltd
2026-01-27 23:12:41,313 - INFO - [1047/2119] Processing: Kennametal_India_Ltd-_esg.json
2026-01-27 23:12:41,314 - INFO - Removed tier, industry from Kennametal India Ltd-
2026-01-27 23:12:41,317 - INFO - [1048/2119] Processing: Kesoram_Industries_Ltd_esg.json
2026-01-27 23:12:41,318 - INFO - Removed tier, industry from Kesoram Industries Ltd
2026-01-27 23:12:41,322 - INFO - [1049/2119] Processing: KEWAL_KIRAN_CLOTHING_LIMITED_esg.json
2026-01-27 23:12:41,323 - INFO - Removed tier, industry from KEWAL KIRAN CLOTHING LIMITED
2026-01-27 23:12:41,328 - INFO - [1050/2119] Processing: Kewal_Kiran_Clothing_Ltd_esg.json
2026-01-27 23:12:41,329 - INFO - Removed tier, industry from Kewal Kiran Clothing Ltd
2026-01-27 23:12:41,333 - INFO - [1051/2119] Processing: KEWAL_KIRAN_CLOTHING_LTD__esg.json
2026-01-27 23:12:41,333 - INFO - Removed tier, industry from KEWAL KIRAN CLOTHING LTD.
2026-01-27 23:12:41,336 - INFO - [1052/2119] Processing: Keystone_Realtors_Ltd_esg.json
2026-01-27 23:12:41,337 - INFO - Removed tier, industry from Keystone Realtors Ltd
2026-01-27 23:12:41,339 - INFO - [1053/2119] Processing: KFin_Technologies_Ltd_esg.json
2026-01-27 23:12:41,340 - INFO - Removed tier, industry from KFin Technologies Ltd
2026-01-27 23:12:41,343 - INFO - [1054/2119] Processing: Khaitan_Chemicals___Fertilizers_Ltd_esg.json
2026-01-27 23:12:41,344 - INFO - Removed tier, industry from Khaitan Chemicals and Fertilizers Ltd
2026-01-27 23:12:41,347 - INFO - [1055/2119] Processing: KHAITAN_CHEMICALS___FERTILIZERS_LTD__esg.json
2026-01-27 23:12:41,347 - INFO - Removed tier, industry from Khaitan Chemicals and Fertilizers Limited
2026-01-27 23:12:41,349 - INFO - [1056/2119] Processing: KINGFA_SCIENCE___TECHNOLOGY__INDIA__LIMITED_esg.json
2026-01-27 23:12:41,349 - INFO - Removed tier, industry from KINGFA SCIENCE & TECHNOLOGY (INDIA) LIMITED
2026-01-27 23:12:41,351 - INFO - [1057/2119] Processing: Kingfa_Science___Technology__India__Ltd-_esg.json
2026-01-27 23:12:41,352 - INFO - Removed tier, industry from Kingfa Science & Technology (India) Ltd-
2026-01-27 23:12:41,353 - INFO - [1058/2119] Processing: KIOCL_LIMITED_esg.json
2026-01-27 23:12:41,354 - INFO - Removed tier, industry from KIOCL LIMITED
2026-01-27 23:12:41,356 - INFO - [1059/2119] Processing: KIOCL_Ltd_esg.json
2026-01-27 23:12:41,356 - INFO - Removed tier, industry from KIOCL Ltd
2026-01-27 23:12:41,358 - INFO - [1060/2119] Processing: KIRI_INDUSTRIES_LIMITED_esg.json
2026-01-27 23:12:41,358 - INFO - Removed tier, industry from KIRI INDUSTRIES LIMITED
2026-01-27 23:12:41,360 - INFO - [1061/2119] Processing: Kiri_Industries_Ltd_esg.json
2026-01-27 23:12:41,360 - INFO - Removed tier, industry from Kiri Industries Ltd
2026-01-27 23:12:41,362 - INFO - [1062/2119] Processing: KIRI_INDUSTRIES_LTD__esg.json
2026-01-27 23:12:41,363 - INFO - Removed tier, industry from KIRI INDUSTRIES LTD.
2026-01-27 23:12:41,364 - INFO - [1063/2119] Processing: Kirloskar_Brothers_Ltd-_esg.json
2026-01-27 23:12:41,365 - INFO - Removed tier, industry from Kirloskar Brothers Ltd-
2026-01-27 23:12:41,366 - INFO - [1064/2119] Processing: KIRLOSKAR_BROTHERS_LTD_-_esg.json
2026-01-27 23:12:41,366 - INFO - Removed tier, industry from Kirloskar Brothers Limited
2026-01-27 23:12:41,368 - INFO - [1065/2119] Processing: Kirloskar_Ferrous_Industries_Ltd_esg.json
2026-01-27 23:12:41,369 - INFO - Removed tier, industry from Kirloskar Ferrous Industries Ltd
2026-01-27 23:12:41,370 - INFO - [1066/2119] Processing: Kirloskar_Industries_Ltd_esg.json
2026-01-27 23:12:41,371 - INFO - Removed tier, industry from Kirloskar Industries Limited
2026-01-27 23:12:41,372 - INFO - [1067/2119] Processing: Kirloskar_Oil_Engines_Ltd_esg.json
2026-01-27 23:12:41,373 - INFO - Removed tier, industry from Kirloskar Oil Engines Ltd
2026-01-27 23:12:41,374 - INFO - [1068/2119] Processing: KIRLOSKAR_OIL_ENGINES_LTD__esg.json
2026-01-27 23:12:41,375 - INFO - Removed tier, industry from KIRLOSKAR OIL ENGINES LTD.
2026-01-27 23:12:41,376 - INFO - [1069/2119] Processing: Kirloskar_Pneumatic_Company_Ltd_esg.json
2026-01-27 23:12:41,377 - INFO - Removed tier, industry from Kirloskar Pneumatic Company Ltd
2026-01-27 23:12:41,379 - INFO - [1070/2119] Processing: KIRLOSKAR_PNEUMATIC_CO_LTD__esg.json
2026-01-27 23:12:41,379 - INFO - Removed tier, industry from KIRLOSKAR PNEUMATIC CO.LTD.
2026-01-27 23:12:41,381 - INFO - [1071/2119] Processing: Kitex_Garments_Ltd_esg.json
2026-01-27 23:12:41,381 - INFO - Removed tier, industry from Kitex Garments Ltd
2026-01-27 23:12:41,383 - INFO - [1072/2119] Processing: KMC_Speciality_Hospitals__India__Ltd_esg.json
2026-01-27 23:12:41,383 - INFO - Removed tier, industry from KMC Speciality Hospitals (India) Ltd.
2026-01-27 23:12:41,385 - INFO - [1073/2119] Processing: KMC_SPECIALITY_HOSPITALS__INDIA__LTD__esg.json
2026-01-27 23:12:41,385 - INFO - Removed tier, industry from KMC SPECIALITY HOSPITALS (INDIA) LTD.
2026-01-27 23:12:41,387 - INFO - [1074/2119] Processing: KNR_CONSTRUCTIONS_LIMITED_esg.json
2026-01-27 23:12:41,387 - INFO - Removed tier, industry from KNR CONSTRUCTIONS LIMITED
2026-01-27 23:12:41,389 - INFO - [1075/2119] Processing: KNR_Constructions_Ltd_esg.json
2026-01-27 23:12:41,389 - INFO - Removed tier, industry from KNR Constructions Ltd
2026-01-27 23:12:41,391 - INFO - [1076/2119] Processing: KNR_CONSTRUCTIONS_LTD__esg.json
2026-01-27 23:12:41,391 - INFO - Removed tier, industry from KNR Constructions Limited
2026-01-27 23:12:41,393 - INFO - [1077/2119] Processing: Kokuyo_Camlin_Ltd-_esg.json
2026-01-27 23:12:41,393 - INFO - Removed tier, industry from Kokuyo Camlin Ltd-
2026-01-27 23:12:41,395 - INFO - [1078/2119] Processing: KOKUYO_CAMLIN_LTD_-_esg.json
2026-01-27 23:12:41,396 - INFO - Removed tier, industry from KOKUYO CAMLIN LIMITED
2026-01-27 23:12:41,397 - INFO - [1079/2119] Processing: KOLTE-PATIL_DEVELOPERS_LTD__esg.json
2026-01-27 23:12:41,398 - INFO - Removed tier, industry from KOLTE-PATIL DEVELOPERS LTD.
2026-01-27 23:12:41,399 - INFO - [1080/2119] Processing: KOLTE_-_PATIL_DEVELOPERS_LIMITED_esg.json
2026-01-27 23:12:41,400 - INFO - Removed tier, industry from KOLTE - PATIL DEVELOPERS LIMITED
2026-01-27 23:12:41,401 - INFO - [1081/2119] Processing: Kopran_Ltd_esg.json
2026-01-27 23:12:41,402 - INFO - Removed tier, industry from Kopran Ltd
2026-01-27 23:12:41,404 - INFO - [1082/2119] Processing: KOPRAN_LTD__esg.json
2026-01-27 23:12:41,404 - INFO - Removed tier, industry from KOPRAN LTD.
2026-01-27 23:12:41,406 - INFO - [1083/2119] Processing: KOTAK_MAHINDRA_BANK_LIMITED_esg.json
2026-01-27 23:12:41,406 - INFO - Removed tier, industry from KOTAK MAHINDRA BANK LIMITED
2026-01-27 23:12:41,408 - INFO - [1084/2119] Processing: Kotak_Mahindra_Bank_Ltd_esg.json
2026-01-27 23:12:41,408 - INFO - Removed tier, industry from Kotak Mahindra Bank Ltd
2026-01-27 23:12:41,410 - INFO - [1085/2119] Processing: KOTAK_MAHINDRA_BANK_LTD__esg.json
2026-01-27 23:12:41,411 - INFO - Removed tier, industry from KOTAK MAHINDRA BANK LTD.
2026-01-27 23:12:41,413 - INFO - [1086/2119] Processing: Kovai_Medical_Center___Hospital_Ltd_esg.json
2026-01-27 23:12:41,413 - INFO - Removed tier, industry from Kovai Medical Center & Hospital Ltd
2026-01-27 23:12:41,416 - INFO - [1087/2119] Processing: KOVAI_MEDICAL_CENTER___HOSPITAL_LTD__esg.json
2026-01-27 23:12:41,417 - INFO - Removed tier, industry from KOVAI MEDICAL CENTER & HOSPITAL LTD.
2026-01-27 23:12:41,420 - INFO - [1088/2119] Processing: KPI_GREEN_ENERGY_LIMITED_esg.json
2026-01-27 23:12:41,421 - INFO - Removed tier, industry from KPI GREEN ENERGY LIMITED
2026-01-27 23:12:41,424 - INFO - [1089/2119] Processing: KPI_Green_Energy_Ltd_esg.json
2026-01-27 23:12:41,425 - INFO - Removed tier, industry from KPI Green Energy Ltd
2026-01-27 23:12:41,427 - INFO - [1090/2119] Processing: KRBL_LIMITED_esg.json
2026-01-27 23:12:41,427 - INFO - Removed tier, industry from KRBL LIMITED
2026-01-27 23:12:41,429 - INFO - [1091/2119] Processing: KRBL_Ltd_esg.json
2026-01-27 23:12:41,430 - INFO - Removed tier, industry from KRBL Ltd
2026-01-27 23:12:41,432 - INFO - [1092/2119] Processing: KRBL_LTD__esg.json
2026-01-27 23:12:41,433 - INFO - Removed tier, industry from KRBL LTD.
2026-01-27 23:12:41,435 - INFO - [1093/2119] Processing: Krishna_Institute_of_Medical_Sciences_Ltd_esg.json
2026-01-27 23:12:41,436 - INFO - Removed tier, industry from Krishna Institute of Medical Sciences Ltd
2026-01-27 23:12:41,438 - INFO - [1094/2119] Processing: KRN_Heat_Exchanger_And_Refrigeration_Ltd_esg.json
2026-01-27 23:12:41,439 - INFO - Removed tier, industry from KRN Heat Exchanger And Refrigeration Ltd
2026-01-27 23:12:41,440 - INFO - [1095/2119] Processing: KRSNAA_DIAGNOSTICS_LIMITED_esg.json
2026-01-27 23:12:41,441 - INFO - Removed tier, industry from KRSNAA DIAGNOSTICS LIMITED
2026-01-27 23:12:41,443 - INFO - [1096/2119] Processing: Krsnaa_Diagnostics_Ltd_esg.json
2026-01-27 23:12:41,443 - INFO - Removed tier, industry from Krsnaa Diagnostics Ltd.
2026-01-27 23:12:41,445 - INFO - [1097/2119] Processing: KSB_Ltd_esg.json
2026-01-27 23:12:41,446 - INFO - Removed tier, industry from KSB Ltd
2026-01-27 23:12:41,448 - INFO - [1098/2119] Processing: Kuantum_Papers_Ltd_esg.json
2026-01-27 23:12:41,448 - INFO - Removed tier, industry from Kuantum Papers Ltd
2026-01-27 23:12:41,450 - INFO - [1099/2119] Processing: KUANTUM_PAPERS_LTD__esg.json
2026-01-27 23:12:41,450 - INFO - Removed tier, industry from KUANTUM PAPERS LTD.
2026-01-27 23:12:41,452 - INFO - [1100/2119] Processing: K_C_P_LTD__esg.json
2026-01-27 23:12:41,452 - INFO - Removed tier, industry from K.C.P.LTD.
2026-01-27 23:12:41,454 - INFO - [1101/2119] Processing: K_P_R__Mill_Limited_esg.json
2026-01-27 23:12:41,454 - INFO - Removed tier, industry from K.P.R. Mill Limited
2026-01-27 23:12:41,456 - INFO - [1102/2119] Processing: K_P__ENERGY_LIMITED_esg.json
2026-01-27 23:12:41,456 - INFO - Removed tier, industry from K.P. ENERGY LIMITED
2026-01-27 23:12:41,458 - INFO - [1103/2119] Processing: K_P__Energy_Ltd_esg.json
2026-01-27 23:12:41,458 - INFO - Removed tier, industry from K.P. Energy Ltd
2026-01-27 23:12:41,460 - INFO - [1104/2119] Processing: LAKSHMI_MACHINE_WORKS_LTD__esg.json
2026-01-27 23:12:41,461 - INFO - Removed tier, industry from LAKSHMI MACHINE WORKS LTD.
2026-01-27 23:12:41,462 - INFO - [1105/2119] Processing: LANDMARK_CARS_LIMITED_esg.json
2026-01-27 23:12:41,463 - INFO - Removed tier, industry from LANDMARK CARS LIMITED
2026-01-27 23:12:41,464 - INFO - [1106/2119] Processing: Landmark_Cars_Ltd_esg.json
2026-01-27 23:12:41,465 - INFO - Removed tier, industry from Landmark Cars Ltd
2026-01-27 23:12:41,466 - INFO - [1107/2119] Processing: LARSEN___TOUBRO_LTD__esg.json
2026-01-27 23:12:41,467 - INFO - Removed tier, industry from LARSEN & TOUBRO LTD.
2026-01-27 23:12:41,469 - INFO - [1108/2119] Processing: Latent_View_Analytics_Ltd_esg.json
2026-01-27 23:12:41,469 - INFO - Removed tier, industry from Latent View Analytics Ltd
2026-01-27 23:12:41,471 - INFO - [1109/2119] Processing: Laurus_Labs_Ltd_esg.json
2026-01-27 23:12:41,471 - INFO - Removed tier, industry from Laurus Labs Ltd
2026-01-27 23:12:41,473 - INFO - [1110/2119] Processing: Laxmi_Organic_Industries_Ltd_esg.json
2026-01-27 23:12:41,473 - INFO - Removed tier, industry from Laxmi Organic Industries Ltd
2026-01-27 23:12:41,475 - INFO - [1111/2119] Processing: La_Opala_RG_Ltd_esg.json
2026-01-27 23:12:41,475 - INFO - Removed tier, industry from La Opala RG Ltd
2026-01-27 23:12:41,477 - INFO - [1112/2119] Processing: LA_OPALA_RG_LTD__esg.json
2026-01-27 23:12:41,478 - INFO - Removed tier, industry from LA OPALA RG LTD.
2026-01-27 23:12:41,480 - INFO - [1113/2119] Processing: LEMON_TREE_HOTELS_LIMITED_esg.json
2026-01-27 23:12:41,480 - INFO - Removed tier, industry from LEMON TREE HOTELS LIMITED
2026-01-27 23:12:41,482 - INFO - [1114/2119] Processing: Lemon_Tree_Hotels_Ltd_esg.json
2026-01-27 23:12:41,482 - INFO - Removed tier, industry from Lemon Tree Hotels Ltd
2026-01-27 23:12:41,484 - INFO - [1115/2119] Processing: LE_TRAVENUES_TECHNOLOGY_LIMITED_esg.json
2026-01-27 23:12:41,484 - INFO - Removed tier, industry from LE TRAVENUES TECHNOLOGY LIMITED
2026-01-27 23:12:41,486 - INFO - [1116/2119] Processing: Le_Travenues_Technology_Ltd_esg.json
2026-01-27 23:12:41,486 - INFO - Removed tier, industry from Le Travenues Technology Ltd
2026-01-27 23:12:41,488 - INFO - [1117/2119] Processing: LIC_Housing_Finance_Ltd_esg.json
2026-01-27 23:12:41,489 - INFO - Removed tier, industry from LIC Housing Finance Ltd
2026-01-27 23:12:41,490 - INFO - [1118/2119] Processing: LIC_HOUSING_FINANCE_LTD__esg.json
2026-01-27 23:12:41,491 - INFO - Removed tier, industry from LIC HOUSING FINANCE LTD
2026-01-27 23:12:41,492 - INFO - [1119/2119] Processing: Life_Insurance_Corporation_of_India_esg.json
2026-01-27 23:12:41,493 - INFO - Removed tier, industry from Life Insurance Corporation of India
2026-01-27 23:12:41,495 - INFO - [1120/2119] Processing: LIKHITHA_INFRASTRUCTURE_LIMITED_esg.json
2026-01-27 23:12:41,495 - INFO - Removed tier, industry from LIKHITHA INFRASTRUCTURE LIMITED
2026-01-27 23:12:41,497 - INFO - [1121/2119] Processing: Likhitha_Infrastructure_Ltd_esg.json
2026-01-27 23:12:41,497 - INFO - Removed tier, industry from Likhitha Infrastructure Ltd
2026-01-27 23:12:41,499 - INFO - [1122/2119] Processing: LINCOLN_PHARMACEUTICALS_LTD__esg.json
2026-01-27 23:12:41,500 - INFO - Removed tier, industry from LINCOLN PHARMACEUTICALS LTD.
2026-01-27 23:12:41,502 - INFO - [1123/2119] Processing: Linde_India_Limited_esg.json
2026-01-27 23:12:41,502 - INFO - Removed tier, industry from Linde India Limited
2026-01-27 23:12:41,504 - INFO - [1124/2119] Processing: Linde_India_Ltd_esg.json
2026-01-27 23:12:41,504 - INFO - Removed tier, industry from Linde India Ltd
2026-01-27 23:12:41,506 - INFO - [1125/2119] Processing: Lloyds_Engineering_Works_Ltd_esg.json
2026-01-27 23:12:41,506 - INFO - Removed tier, industry from Lloyds Engineering Works Ltd
2026-01-27 23:12:41,508 - INFO - [1126/2119] Processing: Lloyds_Enterprises_Ltd_esg.json
2026-01-27 23:12:41,508 - INFO - Removed tier, industry from Lloyds Enterprises Ltd
2026-01-27 23:12:41,510 - INFO - [1127/2119] Processing: Lloyds_Metals_and_Energy_Ltd_esg.json
2026-01-27 23:12:41,511 - INFO - Removed tier, industry from Lloyds Metals and Energy Ltd
2026-01-27 23:12:41,513 - INFO - [1128/2119] Processing: LLOYDS_METALS_AND_ENERGY_LTD__esg.json
2026-01-27 23:12:41,513 - INFO - Removed tier, industry from LLOYDS METALS AND ENERGY LTD.
2026-01-27 23:12:41,515 - INFO - [1129/2119] Processing: LMW_Ltd_esg.json
2026-01-27 23:12:41,515 - INFO - Removed tier, industry from LMW Ltd
2026-01-27 23:12:41,517 - INFO - [1130/2119] Processing: LTIMindtree_Ltd_esg.json
2026-01-27 23:12:41,517 - INFO - Removed tier, industry from LTIMindtree Limited
2026-01-27 23:12:41,519 - INFO - [1131/2119] Processing: LT_FOODS_LIMITED_esg.json
2026-01-27 23:12:41,519 - INFO - Removed tier, industry from LT FOODS LIMITED
2026-01-27 23:12:41,521 - INFO - [1132/2119] Processing: LT_FOODS_LTD__esg.json
2026-01-27 23:12:41,521 - INFO - Removed tier, industry from LT FOODS LTD.
2026-01-27 23:12:41,523 - INFO - [1133/2119] Processing: Lumax_Auto_Technologies_Ltd_esg.json
2026-01-27 23:12:41,523 - INFO - Removed tier, industry from Lumax Auto Technologies Ltd
2026-01-27 23:12:41,525 - INFO - [1134/2119] Processing: LUMAX_AUTO_TECHNOLOGIES_LTD__esg.json
2026-01-27 23:12:41,525 - INFO - Removed tier, industry from LUMAX AUTO TECHNOLOGIES LTD.
2026-01-27 23:12:41,527 - INFO - [1135/2119] Processing: LUMAX_INDUSTRIES_LTD__esg.json
2026-01-27 23:12:41,528 - INFO - Removed tier, industry from LUMAX INDUSTRIES LTD.
2026-01-27 23:12:41,529 - INFO - [1136/2119] Processing: Lupin_Ltd_esg.json
2026-01-27 23:12:41,530 - INFO - Removed tier, industry from Lupin Ltd
2026-01-27 23:12:41,531 - INFO - [1137/2119] Processing: LUPIN_LTD__esg.json
2026-01-27 23:12:41,532 - INFO - Removed tier, industry from LUPIN LTD.
2026-01-27 23:12:41,533 - INFO - [1138/2119] Processing: LUX_INDUSTRIES_LIMITED_esg.json
2026-01-27 23:12:41,533 - INFO - Removed tier, industry from LUX INDUSTRIES LIMITED
2026-01-27 23:12:41,535 - INFO - [1139/2119] Processing: Lux_Industries_Ltd_esg.json
2026-01-27 23:12:41,536 - INFO - Removed tier, industry from Lux Industries Ltd
2026-01-27 23:12:41,537 - INFO - [1140/2119] Processing: L_G_BALAKRISHNAN___BROS_LTD__esg.json
2026-01-27 23:12:41,538 - INFO - Removed tier, industry from L.G.BALAKRISHNAN & BROS.LTD.
2026-01-27 23:12:41,539 - INFO - [1141/2119] Processing: L_T_Finance_Ltd_esg.json
2026-01-27 23:12:41,540 - INFO - Removed tier, industry from L&T Finance Ltd
2026-01-27 23:12:41,542 - INFO - [1142/2119] Processing: L_T_Technology_Services_Ltd_esg.json
2026-01-27 23:12:41,542 - INFO - Removed tier, industry from L&T Technology Services Ltd
2026-01-27 23:12:41,544 - INFO - [1143/2119] Processing: Macrotech_Developers_Ltd_esg.json
2026-01-27 23:12:41,544 - INFO - Removed tier, industry from Macrotech Developers Ltd
2026-01-27 23:12:41,546 - INFO - [1144/2119] Processing: MAC_CHARLES__INDIA__LTD__esg.json
2026-01-27 23:12:41,546 - INFO - Removed tier, industry from MAC CHARLES (INDIA) LTD.
2026-01-27 23:12:41,548 - INFO - [1145/2119] Processing: MADRAS_FERTILIZERS_LIMITED_esg.json
2026-01-27 23:12:41,548 - INFO - Removed tier, industry from MADRAS FERTILIZERS LIMITED
2026-01-27 23:12:41,550 - INFO - [1146/2119] Processing: Magellanic_Cloud_Ltd_esg.json
2026-01-27 23:12:41,550 - INFO - Removed tier, industry from Magellanic Cloud Ltd
2026-01-27 23:12:41,552 - INFO - [1147/2119] Processing: Mahanagar_Gas_Ltd_esg.json
2026-01-27 23:12:41,552 - INFO - Removed tier, industry from Mahanagar Gas Ltd
2026-01-27 23:12:41,554 - INFO - [1148/2119] Processing: MAHANAGAR_TELEPHONE_NIGAM_LIMITED_esg.json
2026-01-27 23:12:41,554 - INFO - Removed tier, industry from MAHANAGAR TELEPHONE NIGAM LIMITED
2026-01-27 23:12:41,556 - INFO - [1149/2119] Processing: Mahanagar_Telephone_Nigam_Ltd_esg.json
2026-01-27 23:12:41,556 - INFO - Removed tier, industry from Mahanagar Telephone Nigam Ltd
2026-01-27 23:12:41,558 - INFO - [1150/2119] Processing: MAHANAGAR_TELEPHONE_NIGAM_LTD__esg.json
2026-01-27 23:12:41,558 - INFO - Removed tier, industry from MAHANAGAR TELEPHONE NIGAM LTD.
2026-01-27 23:12:41,560 - INFO - [1151/2119] Processing: MAHARASHTRA_SCOOTERS_LTD__esg.json
2026-01-27 23:12:41,561 - INFO - Removed tier, industry from MAHARASHTRA SCOOTERS LTD.
2026-01-27 23:12:41,563 - INFO - [1152/2119] Processing: Maharashtra_Seamless_Ltd_esg.json
2026-01-27 23:12:41,563 - INFO - Removed tier, industry from Maharashtra Seamless Ltd
2026-01-27 23:12:41,565 - INFO - [1153/2119] Processing: MAHARASHTRA_SEAMLESS_LTD__esg.json
2026-01-27 23:12:41,565 - INFO - Removed tier, industry from MAHARASHTRA SEAMLESS LIMITED
2026-01-27 23:12:41,567 - INFO - [1154/2119] Processing: Mahindra_EPC_Irrigation_Ltd_esg.json
2026-01-27 23:12:41,567 - INFO - Removed tier, industry from Mahindra EPC Irrigation Ltd.
2026-01-27 23:12:41,569 - INFO - [1155/2119] Processing: Mahindra_Holidays___Resorts_India_Ltd_esg.json
2026-01-27 23:12:41,570 - INFO - Removed tier, industry from Mahindra Holidays & Resorts India Ltd
2026-01-27 23:12:41,572 - INFO - [1156/2119] Processing: MAHINDRA_HOLIDAYS___RESORTS_INDIA_LTD__esg.json
2026-01-27 23:12:41,572 - INFO - Removed tier, industry from MAHINDRA HOLIDAYS & RESORTS INDIA LTD.
2026-01-27 23:12:41,574 - INFO - [1157/2119] Processing: Mahindra_Logistics_Ltd_esg.json
2026-01-27 23:12:41,574 - INFO - Removed tier, industry from Mahindra Logistics Ltd
2026-01-27 23:12:41,576 - INFO - [1158/2119] Processing: Mahindra___Mahindra_Financial_Services_Ltd_esg.json
2026-01-27 23:12:41,576 - INFO - Removed tier, industry from Mahindra & Mahindra Financial Services Ltd.
2026-01-27 23:12:41,578 - INFO - [1159/2119] Processing: MAHINDRA___MAHINDRA_FINANCIAL_SERVICES_LTD__esg.json
2026-01-27 23:12:41,579 - INFO - Removed tier, industry from MAHINDRA & MAHINDRA FINANCIAL SERVICES LTD.
2026-01-27 23:12:41,580 - INFO - [1160/2119] Processing: Mahindra___Mahindra_Ltd_esg.json
2026-01-27 23:12:41,581 - INFO - Removed tier, industry from Mahindra & Mahindra Ltd.
2026-01-27 23:12:41,582 - INFO - [1161/2119] Processing: MAITHAN_ALLOYS_LIMITED_esg.json
2026-01-27 23:12:41,582 - INFO - Removed tier, industry from MAITHAN ALLOYS LIMITED
2026-01-27 23:12:41,584 - INFO - [1162/2119] Processing: Maithan_Alloys_Ltd_esg.json
2026-01-27 23:12:41,584 - INFO - Removed tier, industry from Maithan Alloys Ltd
2026-01-27 23:12:41,586 - INFO - [1163/2119] Processing: MAITHAN_ALLOYS_LTD__esg.json
2026-01-27 23:12:41,586 - INFO - Removed tier, industry from MAITHAN ALLOYS LTD
2026-01-27 23:12:41,588 - INFO - [1164/2119] Processing: Manappuram_Finance_Ltd_esg.json
2026-01-27 23:12:41,589 - INFO - Removed tier, industry from Manappuram Finance Ltd
2026-01-27 23:12:41,590 - INFO - [1165/2119] Processing: MANAPPURAM_FINANCE_LTD__esg.json
2026-01-27 23:12:41,590 - INFO - Removed tier, industry from MANAPPURAM FINANCE LTD.
2026-01-27 23:12:41,592 - INFO - [1166/2119] Processing: Mangalam_Cement_Ltd_esg.json
2026-01-27 23:12:41,592 - INFO - Removed tier, industry from Mangalam Cement Ltd.
2026-01-27 23:12:41,594 - INFO - [1167/2119] Processing: Mangalore_Chemicals___Fertilizers_Ltd_esg.json
2026-01-27 23:12:41,595 - INFO - Removed tier, industry from Mangalore Chemicals & Fertilizers Ltd
2026-01-27 23:12:41,596 - INFO - [1168/2119] Processing: MANGALORE_CHEMICALS___FERTILIZERS_LTD__esg.json
2026-01-27 23:12:41,597 - INFO - Removed tier, industry from MANGALORE CHEMICALS & FERTILIZERS LTD.
2026-01-27 23:12:41,599 - INFO - [1169/2119] Processing: Mangalore_Refinery_and_Petrochemicals_Ltd_esg.json
2026-01-27 23:12:41,599 - INFO - Removed tier, industry from Mangalore Refinery and Petrochemicals Ltd
2026-01-27 23:12:41,601 - INFO - [1170/2119] Processing: MANGALORE_REFINERY___PETROCHEMICALS_LTD__esg.json
2026-01-27 23:12:41,601 - INFO - Removed tier, industry from MANGALORE REFINERY & PETROCHEMICALS LTD.
2026-01-27 23:12:41,603 - INFO - [1171/2119] Processing: Mankind_Pharma_Ltd_esg.json
2026-01-27 23:12:41,603 - INFO - Removed tier, industry from Mankind Pharma Ltd
2026-01-27 23:12:41,605 - INFO - [1172/2119] Processing: Manorama_Industries_Ltd_esg.json
2026-01-27 23:12:41,605 - INFO - Removed tier, industry from Manorama Industries Limited
2026-01-27 23:12:41,607 - INFO - [1173/2119] Processing: MAN_INDUSTRIES__INDIA__LIMITED_esg.json
2026-01-27 23:12:41,607 - INFO - Removed tier, industry from MAN INDUSTRIES (INDIA) LIMITED
2026-01-27 23:12:41,609 - INFO - [1174/2119] Processing: Man_Industries__India__Ltd-_esg.json
2026-01-27 23:12:41,609 - INFO - Removed tier, industry from Man Industries (India) Ltd-
2026-01-27 23:12:41,611 - INFO - [1175/2119] Processing: MAN_INDUSTRIES__INDIA__LTD_-_esg.json
2026-01-27 23:12:41,612 - INFO - Removed tier, industry from MAN INDUSTRIES (INDIA) LTD.-
2026-01-27 23:12:41,613 - INFO - [1176/2119] Processing: Man_Infraconstruction_Ltd_esg.json
2026-01-27 23:12:41,614 - INFO - Removed tier, industry from Man Infraconstruction Ltd
2026-01-27 23:12:41,615 - INFO - [1177/2119] Processing: MAN_INFRACONSTRUCTION_LTD__esg.json
2026-01-27 23:12:41,616 - INFO - Removed tier, industry from MAN INFRACONSTRUCTION LTD.
2026-01-27 23:12:41,617 - INFO - [1178/2119] Processing: MARATHON_NEXTGEN_REALTY_LIMITED_esg.json
2026-01-27 23:12:41,618 - INFO - Removed tier, industry from MARATHON NEXTGEN REALTY LIMITED
2026-01-27 23:12:41,619 - INFO - [1179/2119] Processing: Marathon_Nextgen_Realty_Ltd_esg.json
2026-01-27 23:12:41,620 - INFO - Removed tier, industry from Marathon Nextgen Realty Ltd
2026-01-27 23:12:41,621 - INFO - [1180/2119] Processing: MARATHON_NEXTGEN_REALTY_LTD__esg.json
2026-01-27 23:12:41,622 - INFO - Removed tier, industry from MARATHON NEXTGEN REALTY LTD.
2026-01-27 23:12:41,623 - INFO - [1181/2119] Processing: Marico_Ltd_esg.json
2026-01-27 23:12:41,624 - INFO - Removed tier, industry from Marico Ltd
2026-01-27 23:12:41,625 - INFO - [1182/2119] Processing: MARICO_LTD__esg.json
2026-01-27 23:12:41,626 - INFO - Removed tier, industry from MARICO LTD.
2026-01-27 23:12:41,628 - INFO - [1183/2119] Processing: Marksans_Pharma_Ltd_esg.json
2026-01-27 23:12:41,628 - INFO - Removed tier, industry from Marksans Pharma Ltd.
2026-01-27 23:12:41,630 - INFO - [1184/2119] Processing: MARKSANS_PHARMA_LTD__esg.json
2026-01-27 23:12:41,630 - INFO - Removed tier, industry from MARKSANS PHARMA LTD.
2026-01-27 23:12:41,632 - INFO - [1185/2119] Processing: Maruti_Suzuki_India_Ltd_esg.json
2026-01-27 23:12:41,632 - INFO - Removed tier, industry from Maruti Suzuki India Ltd
2026-01-27 23:12:41,634 - INFO - [1186/2119] Processing: MARUTI_SUZUKI_INDIA_LTD__esg.json
2026-01-27 23:12:41,634 - INFO - Removed tier, industry from MARUTI SUZUKI INDIA LTD.
2026-01-27 23:12:41,636 - INFO - [1187/2119] Processing: MASTEK_LIMITED_esg.json
2026-01-27 23:12:41,636 - INFO - Removed tier, industry from MASTEK LIMITED
2026-01-27 23:12:41,638 - INFO - [1188/2119] Processing: Mastek_Ltd_esg.json
2026-01-27 23:12:41,638 - INFO - Removed tier, industry from Mastek Ltd
2026-01-27 23:12:41,640 - INFO - [1189/2119] Processing: MASTEK_LTD__esg.json
2026-01-27 23:12:41,640 - INFO - Removed tier, industry from MASTEK LTD.
2026-01-27 23:12:41,642 - INFO - [1190/2119] Processing: MAS_Financial_Services_Ltd_esg.json
2026-01-27 23:12:41,642 - INFO - Removed tier, industry from MAS Financial Services Ltd
2026-01-27 23:12:41,644 - INFO - [1191/2119] Processing: Matrimony_com_Ltd_esg.json
2026-01-27 23:12:41,645 - INFO - Removed tier, industry from Matrimony.com Ltd
2026-01-27 23:12:41,646 - INFO - [1192/2119] Processing: Max_Estates_Ltd_esg.json
2026-01-27 23:12:41,647 - INFO - Removed tier, industry from Max Estates Ltd
2026-01-27 23:12:41,648 - INFO - [1193/2119] Processing: Max_Financial_Services_Ltd_esg.json
2026-01-27 23:12:41,648 - INFO - Removed tier, industry from Max Financial Services Ltd
2026-01-27 23:12:41,650 - INFO - [1194/2119] Processing: Max_Healthcare_Institute_Ltd_esg.json
2026-01-27 23:12:41,651 - INFO - Removed tier, industry from Max Healthcare Institute Ltd
2026-01-27 23:12:41,653 - INFO - [1195/2119] Processing: Mayur_Uniquoters_Ltd-_esg.json
2026-01-27 23:12:41,653 - INFO - Removed tier, industry from Mayur Uniquoters Ltd-
2026-01-27 23:12:41,655 - INFO - [1196/2119] Processing: MAYUR_UNIQUOTERS_LTD_-_esg.json
2026-01-27 23:12:41,655 - INFO - Removed tier, industry from MAYUR UNIQUOTERS LTD.-
2026-01-27 23:12:41,657 - INFO - [1197/2119] Processing: MAZAGON_DOCK_SHIPBUILDERS_LIMITED_esg.json
2026-01-27 23:12:41,658 - INFO - Removed tier, industry from MAZAGON DOCK SHIPBUILDERS LIMITED
2026-01-27 23:12:41,659 - INFO - [1198/2119] Processing: Mazagon_Dock_Shipbuilders_Ltd_esg.json
2026-01-27 23:12:41,660 - INFO - Removed tier, industry from Mazagon Dock Shipbuilders Ltd
2026-01-27 23:12:41,662 - INFO - [1199/2119] Processing: Media_Matrix_Worldwide_Ltd_esg.json
2026-01-27 23:12:41,662 - INFO - Removed tier, industry from Media Matrix Worldwide Ltd
2026-01-27 23:12:41,664 - INFO - [1200/2119] Processing: MEDIA_MATRIX_WORLDWIDE_LTD__esg.json
2026-01-27 23:12:41,664 - INFO - Removed tier, industry from MEDIA MATRIX WORLDWIDE LTD.
2026-01-27 23:12:41,666 - INFO - [1201/2119] Processing: Medicamen_Biotech_Ltd-_esg.json
2026-01-27 23:12:41,667 - INFO - Removed tier, industry from Medicamen Biotech Ltd-
2026-01-27 23:12:41,669 - INFO - [1202/2119] Processing: MEDICAMEN_BIOTECH_LTD_-_esg.json
2026-01-27 23:12:41,669 - INFO - Removed tier, industry from MEDICAMEN BIOTECH LTD.-
2026-01-27 23:12:41,671 - INFO - [1203/2119] Processing: Medi_Assist_Healthcare_Services_Ltd_esg.json
2026-01-27 23:12:41,671 - INFO - Removed tier, industry from Medi Assist Healthcare Services Ltd
2026-01-27 23:12:41,673 - INFO - [1204/2119] Processing: Medplus_Health_Services_Ltd_esg.json
2026-01-27 23:12:41,673 - INFO - Removed tier, industry from Medplus Health Services Ltd
2026-01-27 23:12:41,675 - INFO - [1205/2119] Processing: Meghmani_Organics_Ltd_esg.json
2026-01-27 23:12:41,676 - INFO - Removed tier, industry from Meghmani Organics Ltd
2026-01-27 23:12:41,678 - INFO - [1206/2119] Processing: Metropolis_Healthcare_Ltd_esg.json
2026-01-27 23:12:41,678 - INFO - Removed tier, industry from Metropolis Healthcare Ltd.
2026-01-27 23:12:41,680 - INFO - [1207/2119] Processing: Metro_Brands_Ltd_esg.json
2026-01-27 23:12:41,681 - INFO - Removed tier, industry from Metro Brands Ltd
2026-01-27 23:12:41,682 - INFO - [1208/2119] Processing: Minda_Corporation_Ltd_esg.json
2026-01-27 23:12:41,683 - INFO - Removed tier, industry from Minda Corporation Ltd
2026-01-27 23:12:41,685 - INFO - [1209/2119] Processing: Mirza_International_Ltd_esg.json
2026-01-27 23:12:41,685 - INFO - Removed tier, industry from Mirza International Ltd
2026-01-27 23:12:41,687 - INFO - [1210/2119] Processing: MIRZA_INTERNATIONAL_LTD__esg.json
2026-01-27 23:12:41,688 - INFO - Removed tier, industry from Mirza International Ltd.
2026-01-27 23:12:41,689 - INFO - [1211/2119] Processing: MISHRA_DHATU_NIGAM_LIMITED_esg.json
2026-01-27 23:12:41,690 - INFO - Removed tier, industry from MISHRA DHATU NIGAM LIMITED
2026-01-27 23:12:41,691 - INFO - [1212/2119] Processing: Mishra_Dhatu_Nigam_Ltd_esg.json
2026-01-27 23:12:41,692 - INFO - Removed tier, industry from Mishra Dhatu Nigam Ltd
2026-01-27 23:12:41,694 - INFO - [1213/2119] Processing: Mitsu_Chem_Plast_Ltd_esg.json
2026-01-27 23:12:41,695 - INFO - Removed tier, industry from Mitsu Chem Plast Ltd
2026-01-27 23:12:41,696 - INFO - [1214/2119] Processing: MMTC_LIMITED_esg.json
2026-01-27 23:12:41,697 - INFO - Removed tier, industry from MMTC LIMITED
2026-01-27 23:12:41,698 - INFO - [1215/2119] Processing: MMTC_Ltd_esg.json
2026-01-27 23:12:41,699 - INFO - Removed tier, industry from MMTC Ltd
2026-01-27 23:12:41,700 - INFO - [1216/2119] Processing: MMTC_LTD__esg.json
2026-01-27 23:12:41,701 - INFO - Removed tier, industry from MMTC LTD.
2026-01-27 23:12:41,704 - INFO - [1217/2119] Processing: MM_Forgings_Ltd-_esg.json
2026-01-27 23:12:41,705 - INFO - Removed tier, industry from MM Forgings Ltd-
2026-01-27 23:12:41,706 - INFO - [1218/2119] Processing: MOIL_LIMITED_esg.json
2026-01-27 23:12:41,707 - INFO - Removed tier, industry from MOIL LIMITED
2026-01-27 23:12:41,709 - INFO - [1219/2119] Processing: Moil_Ltd_esg.json
2026-01-27 23:12:41,709 - INFO - Removed tier, industry from Moil Ltd
2026-01-27 23:12:41,711 - INFO - [1220/2119] Processing: MOIL_LTD__esg.json
2026-01-27 23:12:41,712 - INFO - Removed tier, industry from MOIL LTD.
2026-01-27 23:12:41,713 - INFO - [1221/2119] Processing: Mold-Tek_Packaging_Limited_esg.json
2026-01-27 23:12:41,714 - INFO - Removed tier, industry from MOLD-TEK PACKAGING LIMITED
2026-01-27 23:12:41,715 - INFO - [1222/2119] Processing: MONARCH_NETWORTH_CAPITAL_LIMITED_esg.json
2026-01-27 23:12:41,716 - INFO - Removed tier, industry from MONARCH NETWORTH CAPITAL LIMITED
2026-01-27 23:12:41,717 - INFO - [1223/2119] Processing: Monarch_Networth_Capital_Ltd_esg.json
2026-01-27 23:12:41,718 - INFO - Removed tier, industry from Monarch Networth Capital Ltd
2026-01-27 23:12:41,720 - INFO - [1224/2119] Processing: MONTE_CARLO_FASHIONS_LIMITED_esg.json
2026-01-27 23:12:41,720 - INFO - Removed tier, industry from MONTE CARLO FASHIONS LIMITED
2026-01-27 23:12:41,722 - INFO - [1225/2119] Processing: Monte_Carlo_Fashions_Ltd_esg.json
2026-01-27 23:12:41,722 - INFO - Removed tier, industry from Monte Carlo Fashions Ltd
2026-01-27 23:12:41,724 - INFO - [1226/2119] Processing: Morepen_Laboratories_Ltd_esg.json
2026-01-27 23:12:41,724 - INFO - Removed tier, industry from Morepen Laboratories Limited
2026-01-27 23:12:41,726 - INFO - [1227/2119] Processing: MOREPEN_LABORATORIES_LTD__esg.json
2026-01-27 23:12:41,727 - INFO - Removed tier, industry from MOREPEN LABORATORIES LTD.
2026-01-27 23:12:41,728 - INFO - [1228/2119] Processing: MOSCHIP_TECHNOLOGIES_LIMITED_esg.json
2026-01-27 23:12:41,729 - INFO - Removed tier, industry from MOSCHIP TECHNOLOGIES LIMITED
2026-01-27 23:12:41,730 - INFO - [1229/2119] Processing: Moschip_Technologies_Ltd_esg.json
2026-01-27 23:12:41,731 - INFO - Removed tier, industry from Moschip Technologies Ltd
2026-01-27 23:12:41,732 - INFO - [1230/2119] Processing: Motherson_Sumi_Wiring_India_Ltd_esg.json
2026-01-27 23:12:41,733 - INFO - Removed tier, industry from Motherson Sumi Wiring India Ltd
2026-01-27 23:12:41,735 - INFO - [1231/2119] Processing: Motilal_Oswal_Financial_Services_Ltd_esg.json
2026-01-27 23:12:41,735 - INFO - Removed tier, industry from Motilal Oswal Financial Services Ltd
2026-01-27 23:12:41,737 - INFO - [1232/2119] Processing: Mphasis_Ltd_esg.json
2026-01-27 23:12:41,737 - INFO - Removed tier, industry from Mphasis Ltd
2026-01-27 23:12:41,739 - INFO - [1233/2119] Processing: MPHASIS_LTD__esg.json
2026-01-27 23:12:41,739 - INFO - Removed tier, industry from MPHASIS LTD.
2026-01-27 23:12:41,741 - INFO - [1234/2119] Processing: MPS_Ltd_esg.json
2026-01-27 23:12:41,741 - INFO - Removed tier, industry from MPS Ltd
2026-01-27 23:12:41,743 - INFO - [1235/2119] Processing: MPS_LTD__esg.json
2026-01-27 23:12:41,744 - INFO - Removed tier, industry from MPS LTD.
2026-01-27 23:12:41,746 - INFO - [1236/2119] Processing: MRF_Ltd_esg.json
2026-01-27 23:12:41,746 - INFO - Removed tier, industry from MRF Ltd
2026-01-27 23:12:41,748 - INFO - [1237/2119] Processing: MRF_LTD__esg.json
2026-01-27 23:12:41,748 - INFO - Removed tier, industry from MRF LTD
2026-01-27 23:12:41,750 - INFO - [1238/2119] Processing: MRS__BECTORS_FOOD_SPECIALITIES_LIMITED_esg.json
2026-01-27 23:12:41,750 - INFO - Removed tier, industry from Mrs. Bectors Food Specialities Limited
2026-01-27 23:12:41,752 - INFO - [1239/2119] Processing: Mrs__Bectors_Food_Specialities_Ltd_esg.json
2026-01-27 23:12:41,753 - INFO - Removed tier, industry from Mrs. Bectors Food Specialities Ltd.
2026-01-27 23:12:41,755 - INFO - [1240/2119] Processing: MSTC_LIMITED_esg.json
2026-01-27 23:12:41,755 - INFO - Removed tier, industry from MSTC LIMITED
2026-01-27 23:12:41,757 - INFO - [1241/2119] Processing: MSTC_Ltd_esg.json
2026-01-27 23:12:41,757 - INFO - Removed tier, industry from MSTC Ltd
2026-01-27 23:12:41,759 - INFO - [1242/2119] Processing: MTAR_Technologies_Ltd_esg.json
2026-01-27 23:12:41,759 - INFO - Removed tier, industry from MTAR Technologies Ltd
2026-01-27 23:12:41,761 - INFO - [1243/2119] Processing: Mufin_Green_Finance_Ltd_esg.json
2026-01-27 23:12:41,762 - INFO - Removed tier, industry from Mufin Green Finance Ltd
2026-01-27 23:12:41,763 - INFO - [1244/2119] Processing: Mukand_Ltd_esg.json
2026-01-27 23:12:41,764 - INFO - Removed tier, industry from Mukand Ltd
2026-01-27 23:12:41,766 - INFO - [1245/2119] Processing: MUKAND_LTD__esg.json
2026-01-27 23:12:41,766 - INFO - Removed tier, industry from MUKAND LTD.
2026-01-27 23:12:41,768 - INFO - [1246/2119] Processing: Multi_Commodity_Exchange_of_India_Ltd_esg.json
2026-01-27 23:12:41,768 - INFO - Removed tier, industry from Multi Commodity Exchange of India Ltd
2026-01-27 23:12:41,770 - INFO - [1247/2119] Processing: MULTI_COMMODITY_EXCHANGE_OF_INDIA_LTD__esg.json
2026-01-27 23:12:41,771 - INFO - Removed tier, industry from MULTI COMMODITY EXCHANGE OF INDIA LTD.
2026-01-27 23:12:41,772 - INFO - [1248/2119] Processing: Music_Broadcast_Ltd_esg.json
2026-01-27 23:12:41,773 - INFO - Removed tier, industry from Music Broadcast Ltd
2026-01-27 23:12:41,774 - INFO - [1249/2119] Processing: Muthoot_Finance_Ltd_esg.json
2026-01-27 23:12:41,775 - INFO - Removed tier, industry from Muthoot Finance Ltd
2026-01-27 23:12:41,776 - INFO - [1250/2119] Processing: MUTHOOT_FINANCE_LTD__esg.json
2026-01-27 23:12:41,777 - INFO - Removed tier, industry from MUTHOOT FINANCE LTD.
2026-01-27 23:12:41,779 - INFO - [1251/2119] Processing: Muthoot_Microfin_Ltd_esg.json
2026-01-27 23:12:41,779 - INFO - Removed tier, industry from Muthoot Microfin Ltd
2026-01-27 23:12:41,781 - INFO - [1252/2119] Processing: M_M_FORGINGS_LTD_-_esg.json
2026-01-27 23:12:41,781 - INFO - Removed tier, industry from M.M.FORGINGS LTD.-
2026-01-27 23:12:41,783 - INFO - [1253/2119] Processing: NACL_INDUSTRIES_LIMITED_esg.json
2026-01-27 23:12:41,783 - INFO - Removed tier, industry from NACL Industries Limited
2026-01-27 23:12:41,785 - INFO - [1254/2119] Processing: NACL_Industries_Ltd_esg.json
2026-01-27 23:12:41,785 - INFO - Removed tier, industry from NACL Industries Ltd
2026-01-27 23:12:41,787 - INFO - [1255/2119] Processing: NAGARJUNA_FERTILIZERS_AND_CHEMICALS_LIMITED_esg.json
2026-01-27 23:12:41,787 - INFO - Removed tier, industry from NAGARJUNA FERTILIZERS AND CHEMICALS LIMITED
2026-01-27 23:12:41,789 - INFO - [1256/2119] Processing: Nagarjuna_Fertilizers_and_Chemicals_Ltd_esg.json
2026-01-27 23:12:41,789 - INFO - Removed tier, industry from Nagarjuna Fertilizers and Chemicals Limited
2026-01-27 23:12:41,791 - INFO - [1257/2119] Processing: Nahar_Capital_and_Financial_Services_Ltd_esg.json
2026-01-27 23:12:41,791 - INFO - Removed tier, industry from Nahar Capital and Financial Services Ltd
2026-01-27 23:12:41,793 - INFO - [1258/2119] Processing: NAHAR_CAPITAL___FINANCIAL_SERVICES_LTD__esg.json
2026-01-27 23:12:41,793 - INFO - Removed tier, industry from NAHAR CAPITAL & FINANCIAL SERVICES LTD.
2026-01-27 23:12:41,795 - INFO - [1259/2119] Processing: Nahar_Polyfilms_Ltd_esg.json
2026-01-27 23:12:41,795 - INFO - Removed tier, industry from Nahar Polyfilms Ltd
2026-01-27 23:12:41,797 - INFO - [1260/2119] Processing: NAHAR_POLYFILMS_LTD__esg.json
2026-01-27 23:12:41,797 - INFO - Removed tier, industry from NAHAR POLYFILMS LTD.
2026-01-27 23:12:41,799 - INFO - [1261/2119] Processing: NAHAR_POLY_FILMS_LIMITED_esg.json
2026-01-27 23:12:41,799 - INFO - Removed tier, industry from NAHAR POLY FILMS LIMITED
2026-01-27 23:12:41,801 - INFO - [1262/2119] Processing: NAHAR_SPINNING_MILLS_LIMITED_esg.json
2026-01-27 23:12:41,801 - INFO - Removed tier, industry from NAHAR SPINNING MILLS LIMITED
2026-01-27 23:12:41,803 - INFO - [1263/2119] Processing: Nahar_Spinning_Mills_Ltd_esg.json
2026-01-27 23:12:41,803 - INFO - Removed tier, industry from Nahar Spinning Mills Ltd.
2026-01-27 23:12:41,805 - INFO - [1264/2119] Processing: NAHAR_SPINNING_MILLS_LTD__esg.json
2026-01-27 23:12:41,806 - INFO - Removed tier, industry from NAHAR SPINNING MILLS LTD.
2026-01-27 23:12:41,807 - INFO - [1265/2119] Processing: NALWA_SONS_INVESTMENTS_LIMITED_esg.json
2026-01-27 23:12:41,808 - INFO - Removed tier, industry from NALWA SONS INVESTMENTS LIMITED
2026-01-27 23:12:44,912 - INFO - [1266/2119] Processing: Nandan_Denim_Limited_esg.json
2026-01-27 23:12:44,913 - INFO - Removed tier, industry from Nandan Denim Limited
2026-01-27 23:12:45,572 - INFO - [1267/2119] Processing: Nandan_Denim_Ltd_esg.json
2026-01-27 23:12:45,572 - INFO - Removed tier, industry from Nandan Denim Ltd
2026-01-27 23:12:45,756 - INFO - [1268/2119] Processing: Naperol_Investments_Ltd_esg.json
2026-01-27 23:12:45,757 - INFO - Removed tier, industry from Naperol Investments Ltd
2026-01-27 23:12:45,758 - INFO - [1269/2119] Processing: Narayana_Hrudayalaya_Ltd_esg.json
2026-01-27 23:12:45,759 - INFO - Removed tier, industry from Narayana Hrudayalaya Limited
2026-01-27 23:12:45,760 - INFO - [1270/2119] Processing: NATCO_PHARMA_LIMITED_esg.json
2026-01-27 23:12:45,761 - INFO - Removed tier, industry from NATCO PHARMA LIMITED
2026-01-27 23:12:45,763 - INFO - [1271/2119] Processing: Natco_Pharma_Ltd_esg.json
2026-01-27 23:12:45,763 - INFO - Removed tier, industry from Natco Pharma Ltd
2026-01-27 23:12:45,765 - INFO - [1272/2119] Processing: NATCO_PHARMA_LTD__esg.json
2026-01-27 23:12:45,765 - INFO - Removed tier, industry from NATCO PHARMA LTD.
2026-01-27 23:12:45,767 - INFO - [1273/2119] Processing: NATIONAL_ALUMINIUM_COMPANY_LIMITED_esg.json
2026-01-27 23:12:45,767 - INFO - Removed tier, industry from NATIONAL ALUMINIUM COMPANY LIMITED
2026-01-27 23:12:45,769 - INFO - [1274/2119] Processing: National_Aluminium_Company_Ltd_esg.json
2026-01-27 23:12:45,769 - INFO - Removed tier, industry from National Aluminium Company Ltd
2026-01-27 23:12:45,771 - INFO - [1275/2119] Processing: NATIONAL_ALUMINIUM_CO_LTD__esg.json
2026-01-27 23:12:45,771 - INFO - Removed tier, industry from NATIONAL ALUMINIUM CO.LTD.
2026-01-27 23:12:45,773 - INFO - [1276/2119] Processing: NATIONAL_FERTILIZERS_LIMITED_esg.json
2026-01-27 23:12:45,774 - INFO - Removed tier, industry from NATIONAL FERTILIZERS LIMITED
2026-01-27 23:12:45,775 - INFO - [1277/2119] Processing: National_Fertilizers_Ltd_esg.json
2026-01-27 23:12:45,775 - INFO - Removed tier, industry from National Fertilizers Ltd
2026-01-27 23:12:45,777 - INFO - [1278/2119] Processing: NATIONAL_FERTILIZERS_LTD__esg.json
2026-01-27 23:12:45,778 - INFO - Removed tier, industry from NATIONAL FERTILIZERS LTD.
2026-01-27 23:12:45,780 - INFO - [1279/2119] Processing: National_Standard__India__Ltd_esg.json
2026-01-27 23:12:45,780 - INFO - Removed tier, industry from National Standard (India) Ltd
2026-01-27 23:12:45,782 - INFO - [1280/2119] Processing: NATIONAL_STANDARD__INDIA__LTD__esg.json
2026-01-27 23:12:45,782 - INFO - Removed tier, industry from NATIONAL STANDARD (INDIA) LTD.
2026-01-27 23:12:45,784 - INFO - [1281/2119] Processing: Nava_Ltd_esg.json
2026-01-27 23:12:45,784 - INFO - Removed tier, industry from Nava Ltd
2026-01-27 23:12:45,787 - INFO - [1282/2119] Processing: Navin_Fluorine_International_Limited-_esg.json
2026-01-27 23:12:45,787 - INFO - Removed tier, industry from Navin Fluorine International Limited
2026-01-27 23:12:45,789 - INFO - [1283/2119] Processing: Navneet_Education_Limited_esg.json
2026-01-27 23:12:45,789 - INFO - Removed tier, industry from NAVNEET EDUCATION LIMITED
2026-01-27 23:12:45,791 - INFO - [1284/2119] Processing: Navneet_Education_Ltd_esg.json
2026-01-27 23:12:45,791 - INFO - Removed tier, industry from Navneet Education Ltd
2026-01-27 23:12:45,793 - INFO - [1285/2119] Processing: NAZARA_TECHNOLOGIES_LIMITED_esg.json
2026-01-27 23:12:45,794 - INFO - Removed tier, industry from NAZARA TECHNOLOGIES LIMITED
2026-01-27 23:12:45,795 - INFO - [1286/2119] Processing: Nazara_Technologies_Ltd_esg.json
2026-01-27 23:12:45,796 - INFO - Removed tier, industry from Nazara Technologies Ltd
2026-01-27 23:12:45,798 - INFO - [1287/2119] Processing: NBCC__INDIA__LIMITED_esg.json
2026-01-27 23:12:45,798 - INFO - Removed tier, industry from NBCC (INDIA) LIMITED
2026-01-27 23:12:45,800 - INFO - [1288/2119] Processing: NBCC__India__Ltd_esg.json
2026-01-27 23:12:45,800 - INFO - Removed tier, industry from NBCC (India) Ltd
2026-01-27 23:12:45,802 - INFO - [1289/2119] Processing: NCC_Ltd_esg.json
2026-01-27 23:12:45,802 - INFO - Removed tier, industry from NCC Ltd
2026-01-27 23:12:45,804 - INFO - [1290/2119] Processing: Nelcast_Ltd_esg.json
2026-01-27 23:12:45,805 - INFO - Removed tier, industry from Nelcast Ltd
2026-01-27 23:12:45,806 - INFO - [1291/2119] Processing: NELCAST_LTD__esg.json
2026-01-27 23:12:45,806 - INFO - Removed tier, industry from NELCAST LTD.
2026-01-27 23:12:45,808 - INFO - [1292/2119] Processing: Nelco_Ltd_esg.json
2026-01-27 23:12:45,808 - INFO - Removed tier, industry from Nelco Ltd
2026-01-27 23:12:45,810 - INFO - [1293/2119] Processing: NELCO_LTD__esg.json
2026-01-27 23:12:45,811 - INFO - Removed tier, industry from NELCO LTD.
2026-01-27 23:12:45,812 - INFO - [1294/2119] Processing: NEOGEN_CHEMICALS_LIMITED_esg.json
2026-01-27 23:12:45,813 - INFO - Removed tier, industry from NEOGEN CHEMICALS LIMITED
2026-01-27 23:12:45,814 - INFO - [1295/2119] Processing: Neogen_Chemicals_Ltd_esg.json
2026-01-27 23:12:45,815 - INFO - Removed tier, industry from Neogen Chemicals Ltd
2026-01-27 23:12:45,817 - INFO - [1296/2119] Processing: NESCO_Ltd_esg.json
2026-01-27 23:12:45,817 - INFO - Removed tier, industry from NESCO Ltd
2026-01-27 23:12:45,819 - INFO - [1297/2119] Processing: NESCO_LTD__esg.json
2026-01-27 23:12:45,819 - INFO - Removed tier, industry from NESCO LTD.
2026-01-27 23:12:45,821 - INFO - [1298/2119] Processing: Netweb_Technologies_India_Ltd_esg.json
2026-01-27 23:12:45,821 - INFO - Removed tier, industry from Netweb Technologies India Ltd
2026-01-27 23:12:45,823 - INFO - [1299/2119] Processing: NETWORK18_MEDIA___INVESTMENTS_LTD__esg.json
2026-01-27 23:12:45,823 - INFO - Removed tier, industry from NETWORK18 MEDIA & INVESTMENTS LTD.
2026-01-27 23:12:45,825 - INFO - [1300/2119] Processing: Network_18_Media___Investments_Ltd_esg.json
2026-01-27 23:12:45,825 - INFO - Removed tier, industry from Network 18 Media & Investments Ltd
2026-01-27 23:12:45,827 - INFO - [1301/2119] Processing: NETWORK_PEOPLE_SERVICES_TECHNOLOGIES_LIMITED_esg.json
2026-01-27 23:12:45,827 - INFO - Removed tier, industry from NETWORK PEOPLE SERVICES TECHNOLOGIES LIMITED
2026-01-27 23:12:45,829 - INFO - [1302/2119] Processing: Neuland_Laboratories_Ltd_esg.json
2026-01-27 23:12:45,829 - INFO - Removed tier, industry from Neuland Laboratories Ltd
2026-01-27 23:12:45,831 - INFO - [1303/2119] Processing: NEULAND_LABORATORIES_LTD__esg.json
2026-01-27 23:12:45,831 - INFO - Removed tier, industry from NEULAND LABORATORIES LTD.
2026-01-27 23:12:45,833 - INFO - [1304/2119] Processing: Newgen_Software_Technologies_Ltd_esg.json
2026-01-27 23:12:45,833 - INFO - Removed tier, industry from Newgen Software Technologies Ltd
2026-01-27 23:12:45,835 - INFO - [1305/2119] Processing: New_Delhi_Television_Ltd_esg.json
2026-01-27 23:12:45,836 - INFO - Removed tier, industry from New Delhi Television Ltd
2026-01-27 23:12:45,838 - INFO - [1306/2119] Processing: NEW_DELHI_TELEVISION_LTD__esg.json
2026-01-27 23:12:45,838 - INFO - Removed tier, industry from NEW DELHI TELEVISION LTD.
2026-01-27 23:12:45,840 - INFO - [1307/2119] Processing: NGL_FINE-CHEM_LTD__esg.json
2026-01-27 23:12:45,840 - INFO - Removed tier, industry from NGL FINE-CHEM LTD.
2026-01-27 23:12:45,842 - INFO - [1308/2119] Processing: NGL_Fine_Chem_Ltd_esg.json
2026-01-27 23:12:45,842 - INFO - Removed tier, industry from NGL Fine Chem Ltd
2026-01-27 23:12:45,844 - INFO - [1309/2119] Processing: NHPC_Ltd_esg.json
2026-01-27 23:12:45,844 - INFO - Removed tier, industry from NHPC Ltd
2026-01-27 23:12:45,846 - INFO - [1310/2119] Processing: NHPC_LTD__esg.json
2026-01-27 23:12:45,846 - INFO - Removed tier, industry from NHPC LTD.
2026-01-27 23:12:45,848 - INFO - [1311/2119] Processing: NIIT_LEARNING_SYSTEMS_LIMITED_esg.json
2026-01-27 23:12:45,848 - INFO - Removed tier, industry from NIIT LEARNING SYSTEMS LIMITED
2026-01-27 23:12:45,850 - INFO - [1312/2119] Processing: NIIT_Learning_Systems_Ltd_esg.json
2026-01-27 23:12:45,850 - INFO - Removed tier, industry from NIIT Learning Systems Ltd
2026-01-27 23:12:45,852 - INFO - [1313/2119] Processing: NIIT_LIMITED_esg.json
2026-01-27 23:12:45,852 - INFO - Removed tier, industry from NIIT LIMITED
2026-01-27 23:12:45,854 - INFO - [1314/2119] Processing: NIIT_Ltd_esg.json
2026-01-27 23:12:45,854 - INFO - Removed tier, industry from NIIT Ltd
2026-01-27 23:12:45,856 - INFO - [1315/2119] Processing: NIIT_LTD__esg.json
2026-01-27 23:12:45,857 - INFO - Removed tier, industry from NIIT LTD
2026-01-27 23:12:45,858 - INFO - [1316/2119] Processing: Nilkamal_Ltd_esg.json
2026-01-27 23:12:45,859 - INFO - Removed tier, industry from Nilkamal Ltd
2026-01-27 23:12:45,860 - INFO - [1317/2119] Processing: NILKAMAL_LTD__esg.json
2026-01-27 23:12:45,861 - INFO - Removed tier, industry from NILKAMAL LTD.
2026-01-27 23:12:45,863 - INFO - [1318/2119] Processing: Nippon_Life_India_Asset_Management_Ltd_esg.json
2026-01-27 23:12:45,863 - INFO - Removed tier, industry from Nippon Life India Asset Management Ltd
2026-01-27 23:12:45,865 - INFO - [1319/2119] Processing: Nirlon_Ltd_esg.json
2026-01-27 23:12:45,865 - INFO - Removed tier, industry from Nirlon Ltd
2026-01-27 23:12:45,867 - INFO - [1320/2119] Processing: NIRLON_LTD__esg.json
2026-01-27 23:12:45,867 - INFO - Removed tier, industry from NIRLON LTD.
2026-01-27 23:12:45,869 - INFO - [1321/2119] Processing: Nitin_Spinners_Ltd_esg.json
2026-01-27 23:12:45,870 - INFO - Removed tier, industry from Nitin Spinners Ltd.
2026-01-27 23:12:45,872 - INFO - [1322/2119] Processing: NITIN_SPINNERS_LTD__esg.json
2026-01-27 23:12:45,872 - INFO - Removed tier, industry from NITIN SPINNERS LTD.
2026-01-27 23:12:45,874 - INFO - [1323/2119] Processing: Niva_Bupa_Health_Insurance_Company_Ltd_esg.json
2026-01-27 23:12:45,874 - INFO - Removed tier, industry from Niva Bupa Health Insurance Company Ltd
2026-01-27 23:12:45,876 - INFO - [1324/2119] Processing: NLC_INDIA_LIMITED_esg.json
2026-01-27 23:12:45,876 - INFO - Removed tier, industry from NLC India Limited
2026-01-27 23:12:45,878 - INFO - [1325/2119] Processing: NLC_India_Ltd_esg.json
2026-01-27 23:12:45,879 - INFO - Removed tier, industry from NLC India Limited
2026-01-27 23:12:45,880 - INFO - [1326/2119] Processing: NMDC_Ltd_esg.json
2026-01-27 23:12:45,881 - INFO - Removed tier, industry from NMDC Ltd
2026-01-27 23:12:45,882 - INFO - [1327/2119] Processing: NMDC_LTD__esg.json
2026-01-27 23:12:45,883 - INFO - Removed tier, industry from NMDC LTD.
2026-01-27 23:12:45,884 - INFO - [1328/2119] Processing: NMDC_Steel_Ltd_esg.json
2026-01-27 23:12:45,885 - INFO - Removed tier, industry from NMDC Steel Ltd
2026-01-27 23:12:45,887 - INFO - [1329/2119] Processing: NOCIL_Ltd_esg.json
2026-01-27 23:12:45,887 - INFO - Removed tier, industry from NOCIL Ltd
2026-01-27 23:12:45,889 - INFO - [1330/2119] Processing: NOCIL_LTD__esg.json
2026-01-27 23:12:45,889 - INFO - Removed tier, industry from NOCIL LTD.
2026-01-27 23:12:45,891 - INFO - [1331/2119] Processing: Northern_Arc_Capital_Ltd_esg.json
2026-01-27 23:12:45,891 - INFO - Removed tier, industry from Northern Arc Capital Ltd
2026-01-27 23:12:45,893 - INFO - [1332/2119] Processing: Novartis_India_Ltd_esg.json
2026-01-27 23:12:45,894 - INFO - Removed tier, industry from Novartis India Ltd
2026-01-27 23:12:45,896 - INFO - [1333/2119] Processing: NOVARTIS_INDIA_LTD__esg.json
2026-01-27 23:12:45,896 - INFO - Removed tier, industry from Novartis India Limited
2026-01-27 23:12:45,897 - INFO - [1334/2119] Processing: NRB_Bearings_Ltd_esg.json
2026-01-27 23:12:45,898 - INFO - Removed tier, industry from NRB Bearings Ltd
2026-01-27 23:12:45,899 - INFO - [1335/2119] Processing: NRB_BEARINGS_LTD__esg.json
2026-01-27 23:12:45,900 - INFO - Removed tier, industry from NRB BEARINGS LTD.
2026-01-27 23:12:45,902 - INFO - [1336/2119] Processing: NTPC_Ltd_esg.json
2026-01-27 23:12:45,902 - INFO - Removed tier, industry from NTPC Ltd
2026-01-27 23:12:45,904 - INFO - [1337/2119] Processing: NTPC_LTD__esg.json
2026-01-27 23:12:45,905 - INFO - Removed tier, industry from NTPC LTD.
2026-01-27 23:12:45,907 - INFO - [1338/2119] Processing: Nucleus_Software_Exports_Ltd_esg.json
2026-01-27 23:12:45,907 - INFO - Removed tier, industry from Nucleus Software Exports Ltd
2026-01-27 23:12:45,908 - INFO - [1339/2119] Processing: Nureca_Ltd_esg.json
2026-01-27 23:12:45,909 - INFO - Removed tier, industry from Nureca Ltd
2026-01-27 23:12:45,911 - INFO - [1340/2119] Processing: NUVAMA_WEALTH_MANAGEMENT_LIMITED_esg.json
2026-01-27 23:12:45,911 - INFO - Removed tier, industry from NUVAMA WEALTH MANAGEMENT LIMITED
2026-01-27 23:12:45,913 - INFO - [1341/2119] Processing: Nuvama_Wealth_Management_Ltd_esg.json
2026-01-27 23:12:45,913 - INFO - Removed tier, industry from Nuvama Wealth Management Ltd
2026-01-27 23:12:45,915 - INFO - [1342/2119] Processing: Nuvoco_Vistas_Corporation_Ltd_esg.json
2026-01-27 23:12:45,915 - INFO - Removed tier, industry from Nuvoco Vistas Corporation Ltd.
2026-01-27 23:12:45,917 - INFO - [1343/2119] Processing: Oberoi_Realty_Ltd_esg.json
2026-01-27 23:12:45,917 - INFO - Removed tier, industry from Oberoi Realty Ltd
2026-01-27 23:12:45,919 - INFO - [1344/2119] Processing: OBEROI_REALTY_LTD__esg.json
2026-01-27 23:12:45,920 - INFO - Removed tier, industry from OBEROI REALTY LTD.
2026-01-27 23:12:45,922 - INFO - [1345/2119] Processing: Oil_and_Natural_Gas_Corporation_Ltd_esg.json
2026-01-27 23:12:45,922 - INFO - Removed tier, industry from Oil and Natural Gas Corporation Ltd
2026-01-27 23:12:45,924 - INFO - [1346/2119] Processing: Oil_India_Ltd_esg.json
2026-01-27 23:12:45,924 - INFO - Removed tier, industry from Oil India Limited
2026-01-27 23:12:45,926 - INFO - [1347/2119] Processing: OIL_INDIA_LTD__esg.json
2026-01-27 23:12:45,926 - INFO - Removed tier, industry from OIL INDIA LTD.
2026-01-27 23:12:45,928 - INFO - [1348/2119] Processing: Ola_Electric_Mobility_Ltd_esg.json
2026-01-27 23:12:45,928 - INFO - Removed tier, industry from Ola Electric Mobility Ltd
2026-01-27 23:12:45,930 - INFO - [1349/2119] Processing: OLECTRA_GREENTECH_LIMITED_esg.json
2026-01-27 23:12:45,930 - INFO - Removed tier, industry from OLECTRA GREENTECH LIMITED
2026-01-27 23:12:45,932 - INFO - [1350/2119] Processing: Olectra_Greentech_Ltd_esg.json
2026-01-27 23:12:45,932 - INFO - Removed tier, industry from Olectra Greentech Ltd
2026-01-27 23:12:45,934 - INFO - [1351/2119] Processing: OMAXE_LIMITED_esg.json
2026-01-27 23:12:45,934 - INFO - Removed tier, industry from OMAXE LIMITED
2026-01-27 23:12:45,936 - INFO - [1352/2119] Processing: Omaxe_Ltd_esg.json
2026-01-27 23:12:45,937 - INFO - Removed tier, industry from Omaxe Ltd
2026-01-27 23:12:45,938 - INFO - [1353/2119] Processing: OMAXE_LTD__esg.json
2026-01-27 23:12:45,939 - INFO - Removed tier, industry from OMAXE LTD
2026-01-27 23:12:45,940 - INFO - [1354/2119] Processing: ONESOURCE_SPECIALTY_PHARMA_LIMITED_esg.json
2026-01-27 23:12:45,941 - INFO - Removed tier, industry from ONESOURCE SPECIALTY PHARMA LIMITED
2026-01-27 23:12:45,942 - INFO - [1355/2119] Processing: Onesource_Specialty_Pharma_Ltd_esg.json
2026-01-27 23:12:45,943 - INFO - Removed tier, industry from Onesource Specialty Pharma Ltd
2026-01-27 23:12:45,945 - INFO - [1356/2119] Processing: One_97_Communications_Ltd_esg.json
2026-01-27 23:12:45,946 - INFO - Removed tier, industry from One 97 Communications Ltd
2026-01-27 23:12:45,948 - INFO - [1357/2119] Processing: One_Mobikwik_Systems_Ltd_esg.json
2026-01-27 23:12:45,948 - INFO - Removed tier, industry from One Mobikwik Systems Ltd
2026-01-27 23:12:45,950 - INFO - [1358/2119] Processing: ONMOBILE_GLOBAL_LIMITED_esg.json
2026-01-27 23:12:45,950 - INFO - Removed tier, industry from ONMOBILE GLOBAL LIMITED
2026-01-27 23:12:45,952 - INFO - [1359/2119] Processing: OnMobile_Global_Ltd_esg.json
2026-01-27 23:12:45,954 - INFO - Removed tier, industry from OnMobile Global Ltd
2026-01-27 23:12:45,955 - INFO - [1360/2119] Processing: OnMobile_Global_Ltd__esg.json
2026-01-27 23:12:45,956 - INFO - Removed tier, industry from OnMobile Global Ltd.
2026-01-27 23:12:45,958 - INFO - [1361/2119] Processing: ONWARD_TECHNOLOGIES_LTD__esg.json
2026-01-27 23:12:45,958 - INFO - Removed tier, industry from ONWARD TECHNOLOGIES LTD.
2026-01-27 23:12:45,961 - INFO - [1362/2119] Processing: OPTIEMUS_INFRACOM_LIMITED_esg.json
2026-01-27 23:12:45,961 - INFO - Removed tier, industry from OPTIEMUS INFRACOM LIMITED
2026-01-27 23:12:45,963 - INFO - [1363/2119] Processing: Optiemus_Infracom_Ltd_esg.json
2026-01-27 23:12:45,963 - INFO - Removed tier, industry from Optiemus Infracom Ltd
2026-01-27 23:12:45,965 - INFO - [1364/2119] Processing: ORACLE_FINANCIAL_SERVICES_SOFTWARE_LTD__esg.json
2026-01-27 23:12:45,965 - INFO - Removed tier, industry from ORACLE FINANCIAL SERVICES SOFTWARE LTD.
2026-01-27 23:12:45,967 - INFO - [1365/2119] Processing: Orchid_Pharma_Ltd_esg.json
2026-01-27 23:12:45,967 - INFO - Removed tier, industry from Orchid Pharma Ltd
2026-01-27 23:12:45,969 - INFO - [1366/2119] Processing: Oriental_Aromatics_Ltd-_esg.json
2026-01-27 23:12:45,970 - INFO - Removed tier, industry from Oriental Aromatics Ltd-
2026-01-27 23:12:45,971 - INFO - [1367/2119] Processing: ORIENTAL_CARBON___CHEMICALS_LTD_-_esg.json
2026-01-27 23:12:45,972 - INFO - Removed tier, industry from ORIENTAL CARBON & CHEMICALS LTD.
2026-01-27 23:12:45,974 - INFO - [1368/2119] Processing: Oriental_Hotels_Ltd_esg.json
2026-01-27 23:12:45,974 - INFO - Removed tier, industry from Oriental Hotels Ltd
2026-01-27 23:12:45,976 - INFO - [1369/2119] Processing: ORIENTAL_HOTELS_LTD__esg.json
2026-01-27 23:12:45,976 - INFO - Removed tier, industry from ORIENTAL HOTELS LTD.
2026-01-27 23:12:45,978 - INFO - [1370/2119] Processing: Orient_Cement_Ltd_esg.json
2026-01-27 23:12:45,979 - INFO - Removed tier, industry from Orient Cement Ltd
2026-01-27 23:12:45,980 - INFO - [1371/2119] Processing: Orient_Electric_Ltd_esg.json
2026-01-27 23:12:45,981 - INFO - Removed tier, industry from Orient Electric Ltd
2026-01-27 23:12:45,982 - INFO - [1372/2119] Processing: Orient_Green_Power_Company_Ltd_esg.json
2026-01-27 23:12:45,983 - INFO - Removed tier, industry from Orient Green Power Company Ltd
2026-01-27 23:12:45,984 - INFO - [1373/2119] Processing: ORIENT_GREEN_POWER_COMPANY_LTD__esg.json
2026-01-27 23:12:45,985 - INFO - Removed tier, industry from ORIENT GREEN POWER COMPANY LTD.
2026-01-27 23:12:45,987 - INFO - [1374/2119] Processing: Page_Industries_Ltd_esg.json
2026-01-27 23:12:45,987 - INFO - Removed tier, industry from Page Industries Ltd
2026-01-27 23:12:45,989 - INFO - [1375/2119] Processing: PAGE_INDUSTRIES_LTD__esg.json
2026-01-27 23:12:45,989 - INFO - Removed tier, industry from PAGE INDUSTRIES LTD.
2026-01-27 23:12:45,991 - INFO - [1376/2119] Processing: PAISALO_DIGITAL_LIMITED_esg.json
2026-01-27 23:12:45,991 - INFO - Removed tier, industry from PAISALO DIGITAL LIMITED
2026-01-27 23:12:45,993 - INFO - [1377/2119] Processing: Paisalo_Digital_Ltd_esg.json
2026-01-27 23:12:45,994 - INFO - Removed tier, industry from Paisalo Digital Ltd
2026-01-27 23:12:45,995 - INFO - [1378/2119] Processing: PANACEA_BIOTEC_LIMITED_esg.json
2026-01-27 23:12:45,996 - INFO - Removed tier, industry from PANACEA BIOTEC LIMITED
2026-01-27 23:12:45,998 - INFO - [1379/2119] Processing: Panacea_Biotec_Ltd_esg.json
2026-01-27 23:12:45,998 - INFO - Removed tier, industry from Panacea Biotec Limited
2026-01-27 23:12:46,000 - INFO - [1380/2119] Processing: PANACEA_BIOTEC_LTD__esg.json
2026-01-27 23:12:46,000 - INFO - Removed tier, industry from PANACEA BIOTEC LTD.
2026-01-27 23:12:46,002 - INFO - [1381/2119] Processing: Panama_Petrochem_Ltd_esg.json
2026-01-27 23:12:46,002 - INFO - Removed tier, industry from Panama Petrochem Ltd
2026-01-27 23:12:46,004 - INFO - [1382/2119] Processing: PANAMA_PETROCHEM_LTD__esg.json
2026-01-27 23:12:46,004 - INFO - Removed tier, industry from PANAMA PETROCHEM LTD.
2026-01-27 23:12:46,006 - INFO - [1383/2119] Processing: Paradeep_Phosphates_Ltd_esg.json
2026-01-27 23:12:46,006 - INFO - Removed tier, industry from Paradeep Phosphates Ltd
2026-01-27 23:12:46,008 - INFO - [1384/2119] Processing: PARAG_MILK_FOODS_LIMITED_esg.json
2026-01-27 23:12:46,009 - INFO - Removed tier, industry from PARAG MILK FOODS LIMITED
2026-01-27 23:12:46,011 - INFO - [1385/2119] Processing: Parag_Milk_Foods_Ltd_esg.json
2026-01-27 23:12:46,011 - INFO - Removed tier, industry from Parag Milk Foods Ltd.
2026-01-27 23:12:46,013 - INFO - [1386/2119] Processing: PARAMOUNT_COMMUNICATIONS_LIMITED_esg.json
2026-01-27 23:12:46,013 - INFO - Removed tier, industry from PARAMOUNT COMMUNICATIONS LIMITED
2026-01-27 23:12:46,015 - INFO - [1387/2119] Processing: Paramount_Communications_Ltd-_esg.json
2026-01-27 23:12:46,015 - INFO - Removed tier, industry from Paramount Communications Ltd-
2026-01-27 23:12:46,017 - INFO - [1388/2119] Processing: PARAMOUNT_COMMUNICATIONS_LTD_-_esg.json
2026-01-27 23:12:46,017 - INFO - Removed tier, industry from PARAMOUNT COMMUNICATIONS LTD.-
2026-01-27 23:12:46,019 - INFO - [1389/2119] Processing: Paras_Defence_and_Space_Technologies_Ltd_esg.json
2026-01-27 23:12:46,020 - INFO - Removed tier, industry from Paras Defence and Space Technologies Ltd
2026-01-27 23:12:46,022 - INFO - [1390/2119] Processing: PATANJALI_FOODS_LIMITED_esg.json
2026-01-27 23:12:46,022 - INFO - Removed tier, industry from PATANJALI FOODS LIMITED
2026-01-27 23:12:46,024 - INFO - [1391/2119] Processing: Patanjali_Foods_Ltd_esg.json
2026-01-27 23:12:46,024 - INFO - Removed tier, industry from Patanjali Foods Ltd
2026-01-27 23:12:46,026 - INFO - [1392/2119] Processing: Patel_Engineering_Ltd-_esg.json
2026-01-27 23:12:46,027 - INFO - Removed tier, industry from Patel Engineering Ltd.
2026-01-27 23:12:46,029 - INFO - [1393/2119] Processing: Paushak_Ltd_esg.json
2026-01-27 23:12:46,029 - INFO - Removed tier, industry from Paushak Ltd
2026-01-27 23:12:46,031 - INFO - [1394/2119] Processing: PAUSHAK_LTD__esg.json
2026-01-27 23:12:46,032 - INFO - Removed tier, industry from PAUSHAK LTD.
2026-01-27 23:12:46,033 - INFO - [1395/2119] Processing: PB_FINTECH_LIMITED_esg.json
2026-01-27 23:12:46,034 - INFO - Removed tier, industry from PB FINTECH LIMITED
2026-01-27 23:12:46,035 - INFO - [1396/2119] Processing: PB_Fintech_Ltd_esg.json
2026-01-27 23:12:46,036 - INFO - Removed tier, industry from PB Fintech Ltd
2026-01-27 23:12:46,038 - INFO - [1397/2119] Processing: PCBL_Chemical_Ltd_esg.json
2026-01-27 23:12:46,038 - INFO - Removed tier, industry from PCBL Chemical Ltd
2026-01-27 23:12:46,040 - INFO - [1398/2119] Processing: PCBL_Ltd_esg.json
2026-01-27 23:12:46,040 - INFO - Removed tier, industry from PCBL Ltd
2026-01-27 23:12:46,042 - INFO - [1399/2119] Processing: PC_JEWELLER_LIMITED_esg.json
2026-01-27 23:12:46,042 - INFO - Removed tier, industry from PC JEWELLER LIMITED
2026-01-27 23:12:46,045 - INFO - [1400/2119] Processing: PC_Jeweller_Ltd_esg.json
2026-01-27 23:12:46,045 - INFO - Removed tier, industry from PC Jeweller Ltd
2026-01-27 23:12:46,047 - INFO - [1401/2119] Processing: PC_JEWELLER_LTD__esg.json
2026-01-27 23:12:46,047 - INFO - Removed tier, industry from PC JEWELLER LTD.
2026-01-27 23:12:46,049 - INFO - [1402/2119] Processing: PDS_Ltd_esg.json
2026-01-27 23:12:46,049 - INFO - Removed tier, industry from PDS Ltd
2026-01-27 23:12:46,051 - INFO - [1403/2119] Processing: Pearl_Global_Industries_Limited_esg.json
2026-01-27 23:12:46,051 - INFO - Removed tier, industry from Pearl Global Industries Limited
2026-01-27 23:12:46,053 - INFO - [1404/2119] Processing: Pearl_Global_Industries_Ltd_esg.json
2026-01-27 23:12:46,054 - INFO - Removed tier, industry from Pearl Global Industries Ltd
2026-01-27 23:12:46,055 - INFO - [1405/2119] Processing: PENNAR_INDUSTRIES_LIMITED_esg.json
2026-01-27 23:12:46,056 - INFO - Removed tier, industry from PENNAR INDUSTRIES LIMITED
2026-01-27 23:12:46,057 - INFO - [1406/2119] Processing: Pennar_Industries_Ltd-_esg.json
2026-01-27 23:12:46,058 - INFO - Removed tier, industry from Pennar Industries Ltd-
2026-01-27 23:12:46,060 - INFO - [1407/2119] Processing: Persistent_Systems_Ltd_esg.json
2026-01-27 23:12:46,060 - INFO - Removed tier, industry from Persistent Systems Ltd
2026-01-27 23:12:46,062 - INFO - [1408/2119] Processing: PERSISTENT_SYSTEMS_LTD__esg.json
2026-01-27 23:12:46,062 - INFO - Removed tier, industry from PERSISTENT SYSTEMS LTD.
2026-01-27 23:12:46,064 - INFO - [1409/2119] Processing: PETRONET_LNG_LIMITED_esg.json
2026-01-27 23:12:46,065 - INFO - Removed tier, industry from PETRONET LNG LIMITED
2026-01-27 23:12:46,066 - INFO - [1410/2119] Processing: Petronet_LNG_Ltd_esg.json
2026-01-27 23:12:46,067 - INFO - Removed tier, industry from Petronet LNG Ltd
2026-01-27 23:12:46,069 - INFO - [1411/2119] Processing: PETRONET_LNG_LTD__esg.json
2026-01-27 23:12:46,069 - INFO - Removed tier, industry from PETRONET LNG LTD.
2026-01-27 23:12:46,071 - INFO - [1412/2119] Processing: Pfizer_Ltd_esg.json
2026-01-27 23:12:46,071 - INFO - Removed tier, industry from Pfizer Ltd
2026-01-27 23:12:46,073 - INFO - [1413/2119] Processing: PFIZER_LTD__esg.json
2026-01-27 23:12:46,074 - INFO - Removed tier, industry from PFIZER LTD.
2026-01-27 23:12:46,075 - INFO - [1414/2119] Processing: PG_ELECTROPLAST_LIMITED_esg.json
2026-01-27 23:12:46,076 - INFO - Removed tier, industry from PG ELECTROPLAST LIMITED
2026-01-27 23:12:46,077 - INFO - [1415/2119] Processing: PG_Electroplast_Ltd_esg.json
2026-01-27 23:12:46,078 - INFO - Removed tier, industry from PG Electroplast Ltd
2026-01-27 23:12:46,080 - INFO - [1416/2119] Processing: PICCADILY_AGRO_INDUSTRIES_LIMITED_esg.json
2026-01-27 23:12:46,080 - INFO - Removed tier, industry from PICCADILY AGRO INDUSTRIES LIMITED
2026-01-27 23:12:46,082 - INFO - [1417/2119] Processing: Piccadily_Agro_Industries_Ltd_esg.json
2026-01-27 23:12:46,082 - INFO - Removed tier, industry from Piccadily Agro Industries Ltd
2026-01-27 23:12:46,084 - INFO - [1418/2119] Processing: PICCADILY_AGRO_INDUSTRIES_LTD__esg.json
2026-01-27 23:12:46,084 - INFO - Removed tier, industry from PICCADILY AGRO INDUSTRIES LTD.
2026-01-27 23:12:46,086 - INFO - [1419/2119] Processing: Pidilite_Industries_Ltd_esg.json
2026-01-27 23:12:46,087 - INFO - Removed tier, industry from Pidilite Industries Ltd.
2026-01-27 23:12:46,089 - INFO - [1420/2119] Processing: PIDILITE_INDUSTRIES_LTD__esg.json
2026-01-27 23:12:46,089 - INFO - Removed tier, industry from PIDILITE INDUSTRIES LTD.
2026-01-27 23:12:46,091 - INFO - [1421/2119] Processing: Pilani_Investment_and_Industries_Corporation_Ltd_esg.json
2026-01-27 23:12:46,091 - INFO - Removed tier, industry from Pilani Investment and Industries Corporation Ltd
2026-01-27 23:12:46,093 - INFO - [1422/2119] Processing: Piramal_Enterprises_Ltd_esg.json
2026-01-27 23:12:46,094 - INFO - Removed tier, industry from Piramal Enterprises Ltd
2026-01-27 23:12:46,096 - INFO - [1423/2119] Processing: PIRAMAL_ENTERPRISES_LTD__esg.json
2026-01-27 23:12:46,096 - INFO - Removed tier, industry from PIRAMAL ENTERPRISES LTD.
2026-01-27 23:12:46,098 - INFO - [1424/2119] Processing: Piramal_Pharma_Ltd_esg.json
2026-01-27 23:12:46,098 - INFO - Removed tier, industry from Piramal Pharma Ltd
2026-01-27 23:12:46,100 - INFO - [1425/2119] Processing: PITTI_ENGINEERING_LIMITED_esg.json
2026-01-27 23:12:46,100 - INFO - Removed tier, industry from PITTI ENGINEERING LIMITED
2026-01-27 23:12:46,102 - INFO - [1426/2119] Processing: Pitti_Engineering_Ltd-_esg.json
2026-01-27 23:12:46,103 - INFO - Removed tier, industry from Pitti Engineering Limited
2026-01-27 23:12:46,104 - INFO - [1427/2119] Processing: Pix_Transmissions_Ltd_esg.json
2026-01-27 23:12:46,105 - INFO - Removed tier, industry from Pix Transmissions Ltd
2026-01-27 23:12:46,106 - INFO - [1428/2119] Processing: PI_Industries_Ltd_esg.json
2026-01-27 23:12:46,107 - INFO - Removed tier, industry from PI Industries Ltd
2026-01-27 23:12:46,108 - INFO - [1429/2119] Processing: PNB_Gilts_Ltd_esg.json
2026-01-27 23:12:46,109 - INFO - Removed tier, industry from PNB Gilts Ltd
2026-01-27 23:12:46,111 - INFO - [1430/2119] Processing: PNB_GILTS_LTD__esg.json
2026-01-27 23:12:46,111 - INFO - Removed tier, industry from PNB GILTS LTD.
2026-01-27 23:12:46,113 - INFO - [1431/2119] Processing: PNB_Housing_Finance_Ltd_esg.json
2026-01-27 23:12:46,113 - INFO - Removed tier, industry from PNB Housing Finance Ltd.
2026-01-27 23:12:46,115 - INFO - [1432/2119] Processing: PNC_INFRATECH_LIMITED_esg.json
2026-01-27 23:12:46,115 - INFO - Removed tier, industry from PNC INFRATECH LIMITED
2026-01-27 23:12:46,117 - INFO - [1433/2119] Processing: PNC_Infratech_Ltd_esg.json
2026-01-27 23:12:46,117 - INFO - Removed tier, industry from PNC Infratech Ltd
2026-01-27 23:12:46,119 - INFO - [1434/2119] Processing: Pokarna_Ltd_esg.json
2026-01-27 23:12:46,120 - INFO - Removed tier, industry from Pokarna Ltd
2026-01-27 23:12:46,121 - INFO - [1435/2119] Processing: POKARNA_LTD__esg.json
2026-01-27 23:12:46,122 - INFO - Removed tier, industry from Pokarna Limited
2026-01-27 23:12:46,123 - INFO - [1436/2119] Processing: Polycab_India_Ltd_esg.json
2026-01-27 23:12:46,124 - INFO - Removed tier, industry from Polycab India Ltd
2026-01-27 23:12:46,125 - INFO - [1437/2119] Processing: POLYPLEX_CORPORATION_LTD__esg.json
2026-01-27 23:12:46,125 - INFO - Removed tier, industry from POLYPLEX CORPORATION LTD.
2026-01-27 23:12:46,127 - INFO - [1438/2119] Processing: POLY_MEDICURE_LIMITED_esg.json
2026-01-27 23:12:46,128 - INFO - Removed tier, industry from POLY MEDICURE LIMITED
2026-01-27 23:12:46,130 - INFO - [1439/2119] Processing: Poly_Medicure_Ltd_esg.json
2026-01-27 23:12:46,130 - INFO - Removed tier, industry from Poly Medicure Ltd
2026-01-27 23:12:46,132 - INFO - [1440/2119] Processing: POLY_MEDICURE_LTD__esg.json
2026-01-27 23:12:46,132 - INFO - Removed tier, industry from POLY MEDICURE LTD.
2026-01-27 23:12:46,134 - INFO - [1441/2119] Processing: Pondy_Oxides___Chemicals_Ltd_esg.json
2026-01-27 23:12:46,134 - INFO - Removed tier, industry from Pondy Oxides & Chemicals Ltd
2026-01-27 23:12:46,136 - INFO - [1442/2119] Processing: Poonawalla_Fincorp_Ltd_esg.json
2026-01-27 23:12:46,137 - INFO - Removed tier, industry from Poonawalla Fincorp Ltd
2026-01-27 23:12:46,138 - INFO - [1443/2119] Processing: POPULAR_VEHICLES_AND_SERVICES_LIMITED_esg.json
2026-01-27 23:12:46,139 - INFO - Removed tier, industry from POPULAR VEHICLES AND SERVICES LIMITED
2026-01-27 23:12:46,141 - INFO - [1444/2119] Processing: Popular_Vehicles_and_Services_Ltd_esg.json
2026-01-27 23:12:46,141 - INFO - Removed tier, industry from Popular Vehicles and Services Ltd
2026-01-27 23:12:46,143 - INFO - [1445/2119] Processing: POWER_FINANCE_CORPORATION_LTD__esg.json
2026-01-27 23:12:46,143 - INFO - Removed tier, industry from POWER FINANCE CORPORATION LTD.
2026-01-27 23:12:46,145 - INFO - [1446/2119] Processing: Power_Grid_Corporation_of_India_Ltd_esg.json
2026-01-27 23:12:46,145 - INFO - Removed tier, industry from Power Grid Corporation of India Limited
2026-01-27 23:12:46,147 - INFO - [1447/2119] Processing: POWER_GRID_CORPORATION_OF_INDIA_LTD__esg.json
2026-01-27 23:12:46,148 - INFO - Removed tier, industry from POWER GRID CORPORATION OF INDIA LTD.
2026-01-27 23:12:46,149 - INFO - [1448/2119] Processing: POWER_MECH_PROJECTS_LIMITED_esg.json
2026-01-27 23:12:46,150 - INFO - Removed tier, industry from POWER MECH PROJECTS LIMITED
2026-01-27 23:12:46,151 - INFO - [1449/2119] Processing: Power_Mech_Projects_Ltd_esg.json
2026-01-27 23:12:46,152 - INFO - Removed tier, industry from Power Mech Projects Ltd
2026-01-27 23:12:46,154 - INFO - [1450/2119] Processing: PPAP_Automotive_Limited_esg.json
2026-01-27 23:12:46,154 - INFO - Removed tier, industry from PPAP Automotive Limited
2026-01-27 23:12:46,156 - INFO - [1451/2119] Processing: PRAJ_INDUSTRIES_LIMITED_esg.json
2026-01-27 23:12:46,156 - INFO - Removed tier, industry from PRAJ INDUSTRIES LIMITED
2026-01-27 23:12:46,158 - INFO - [1452/2119] Processing: Praj_Industries_Ltd_esg.json
2026-01-27 23:12:46,158 - INFO - Removed tier, industry from Praj Industries Ltd
2026-01-27 23:12:46,160 - INFO - [1453/2119] Processing: PRAJ_INDUSTRIES_LTD__esg.json
2026-01-27 23:12:46,161 - INFO - Removed tier, industry from PRAJ INDUSTRIES LTD.
2026-01-27 23:12:46,162 - INFO - [1454/2119] Processing: PRAKASH_INDUSTRIES_LIMITED_esg.json
2026-01-27 23:12:46,163 - INFO - Removed tier, industry from Prakash Industries Limited
2026-01-27 23:12:46,165 - INFO - [1455/2119] Processing: Prakash_Industries_Ltd_esg.json
2026-01-27 23:12:46,165 - INFO - Removed tier, industry from Prakash Industries Ltd
2026-01-27 23:12:46,167 - INFO - [1456/2119] Processing: PRAKASH_INDUSTRIES_LTD__esg.json
2026-01-27 23:12:46,167 - INFO - Removed tier, industry from Prakash Industries Limited
2026-01-27 23:12:46,169 - INFO - [1457/2119] Processing: Prataap_Snacks_Ltd_esg.json
2026-01-27 23:12:46,169 - INFO - Removed tier, industry from Prataap Snacks Ltd
2026-01-27 23:12:46,171 - INFO - [1458/2119] Processing: Praveg_Ltd_esg.json
2026-01-27 23:12:46,171 - INFO - Removed tier, industry from Praveg Ltd
2026-01-27 23:12:46,173 - INFO - [1459/2119] Processing: Precision_Camshafts_Ltd_esg.json
2026-01-27 23:12:46,173 - INFO - Removed tier, industry from Precision Camshafts Ltd
2026-01-27 23:12:46,175 - INFO - [1460/2119] Processing: Precision_Wires_India_Ltd_esg.json
2026-01-27 23:12:46,175 - INFO - Removed tier, industry from Precision Wires India Ltd
2026-01-27 23:12:46,177 - INFO - [1461/2119] Processing: PRECISION_WIRES_INDIA_LTD__esg.json
2026-01-27 23:12:46,178 - INFO - Removed tier, industry from PRECISION WIRES INDIA LIMITED
2026-01-27 23:12:46,179 - INFO - [1462/2119] Processing: Premier_Energies_Ltd_esg.json
2026-01-27 23:12:46,180 - INFO - Removed tier, industry from Premier Energies Ltd
2026-01-27 23:12:46,182 - INFO - [1463/2119] Processing: PREMIER_EXPLOSIVES_LIMITED_esg.json
2026-01-27 23:12:46,182 - INFO - Removed tier, industry from PREMIER EXPLOSIVES LIMITED
2026-01-27 23:12:46,184 - INFO - [1464/2119] Processing: Premier_Explosives_Ltd_esg.json
2026-01-27 23:12:46,184 - INFO - Removed tier, industry from Premier Explosives Ltd
2026-01-27 23:12:46,188 - INFO - [1465/2119] Processing: Prestige_Estates_Projects_Ltd_esg.json
2026-01-27 23:12:46,189 - INFO - Removed tier, industry from Prestige Estates Projects Ltd
2026-01-27 23:12:46,190 - INFO - [1466/2119] Processing: PRESTIGE_ESTATES_PROJECTS_LTD__esg.json
2026-01-27 23:12:46,191 - INFO - Removed tier, industry from PRESTIGE ESTATES PROJECTS LTD.
2026-01-27 23:12:46,192 - INFO - [1467/2119] Processing: Pricol_Ltd_esg.json
2026-01-27 23:12:46,193 - INFO - Removed tier, industry from Pricol Ltd
2026-01-27 23:12:46,195 - INFO - [1468/2119] Processing: PRIME_FOCUS_LIMITED_esg.json
2026-01-27 23:12:46,195 - INFO - Removed tier, industry from PRIME FOCUS LIMITED
2026-01-27 23:12:46,197 - INFO - [1469/2119] Processing: Prime_Focus_Ltd_esg.json
2026-01-27 23:12:46,197 - INFO - Removed tier, industry from Prime Focus Ltd
2026-01-27 23:12:46,199 - INFO - [1470/2119] Processing: PRIME_FOCUS_LTD__esg.json
2026-01-27 23:12:46,199 - INFO - Removed tier, industry from PRIME FOCUS LTD.
2026-01-27 23:12:46,201 - INFO - [1471/2119] Processing: PRIMO_CHEMICALS_LIMITED_esg.json
2026-01-27 23:12:46,201 - INFO - Removed tier, industry from PRIMO CHEMICALS LIMITED
2026-01-27 23:12:46,203 - INFO - [1472/2119] Processing: Primo_Chemicals_Ltd_esg.json
2026-01-27 23:12:46,204 - INFO - Removed tier, industry from Primo Chemicals Ltd
2026-01-27 23:12:46,205 - INFO - [1473/2119] Processing: Prince_Pipes_and_Fittings_Ltd_esg.json
2026-01-27 23:12:46,206 - INFO - Removed tier, industry from Prince Pipes and Fittings Ltd
2026-01-27 23:12:46,208 - INFO - [1474/2119] Processing: Prism_Johnson_Ltd_esg.json
2026-01-27 23:12:46,208 - INFO - Removed tier, industry from Prism Johnson Ltd
2026-01-27 23:12:46,210 - INFO - [1475/2119] Processing: Privi_Speciality_Chemicals_Ltd_esg.json
2026-01-27 23:12:46,211 - INFO - Removed tier, industry from Privi Speciality Chemicals Ltd
2026-01-27 23:12:46,213 - INFO - [1476/2119] Processing: Procter___Gamble_Health_Ltd_esg.json
2026-01-27 23:12:46,214 - INFO - Removed tier, industry from Procter & Gamble Health Ltd
2026-01-27 23:12:46,217 - INFO - [1477/2119] Processing: Procter___Gamble_Hygiene_and_Health_Care_Ltd_esg.json
2026-01-27 23:12:46,218 - INFO - Removed tier, industry from Procter & Gamble Hygiene and Health Care Ltd
2026-01-27 23:12:46,221 - INFO - [1478/2119] Processing: PROCTER___GAMBLE_HYGIENE___HEALTH_CARE_LTD__esg.json
2026-01-27 23:12:46,221 - INFO - Removed tier, industry from PROCTER & GAMBLE HYGIENE & HEALTH CARE LTD.
2026-01-27 23:12:46,223 - INFO - [1479/2119] Processing: Protean_eGov_Technologies_Ltd_esg.json
2026-01-27 23:12:46,224 - INFO - Removed tier, industry from Protean eGov Technologies Ltd
2026-01-27 23:12:46,226 - INFO - [1480/2119] Processing: Prudent_Corporate_Advisory_Services_Ltd_esg.json
2026-01-27 23:12:46,227 - INFO - Removed tier, industry from Prudent Corporate Advisory Services Ltd.
2026-01-27 23:12:46,229 - INFO - [1481/2119] Processing: PSP_PROJECTS_LIMITED_esg.json
2026-01-27 23:12:46,230 - INFO - Removed tier, industry from PSP PROJECTS LIMITED
2026-01-27 23:12:46,232 - INFO - [1482/2119] Processing: PSP_Projects_Ltd_esg.json
2026-01-27 23:12:46,233 - INFO - Removed tier, industry from PSP Projects Ltd
2026-01-27 23:12:46,235 - INFO - [1483/2119] Processing: PTC_India_Financial_Services_Ltd_esg.json
2026-01-27 23:12:46,235 - INFO - Removed tier, industry from PTC India Financial Services Ltd
2026-01-27 23:12:46,238 - INFO - [1484/2119] Processing: PTC_INDIA_FINANCIAL_SERVICES_LTD__esg.json
2026-01-27 23:12:46,238 - INFO - Removed tier, industry from PTC INDIA FINANCIAL SERVICES LTD.
2026-01-27 23:12:46,240 - INFO - [1485/2119] Processing: PTC_India_Ltd_esg.json
2026-01-27 23:12:46,240 - INFO - Removed tier, industry from PTC India Ltd
2026-01-27 23:12:46,242 - INFO - [1486/2119] Processing: PTC_INDIA_LTD__esg.json
2026-01-27 23:12:46,243 - INFO - Removed tier, industry from PTC INDIA LTD.
2026-01-27 23:12:46,245 - INFO - [1487/2119] Processing: PTC_INDUSTRIES_LIMITED_esg.json
2026-01-27 23:12:46,245 - INFO - Removed tier, industry from PTC INDUSTRIES LIMITED
2026-01-27 23:12:46,247 - INFO - [1488/2119] Processing: PTC_Industries_Ltd_esg.json
2026-01-27 23:12:46,248 - INFO - Removed tier, industry from PTC Industries Ltd
2026-01-27 23:12:46,249 - INFO - [1489/2119] Processing: PUNJAB_CHEMICALS_AND_CROP_PROTECTION_LTD_-_esg.json
2026-01-27 23:12:46,250 - INFO - Removed tier, industry from PUNJAB CHEMICALS AND CROP PROTECTION LTD.
2026-01-27 23:12:46,252 - INFO - [1490/2119] Processing: Punjab_Chemicals___Crop_Protection_Ltd-_esg.json
2026-01-27 23:12:46,252 - INFO - Removed tier, industry from Punjab Chemicals & Crop Protection Ltd-
2026-01-27 23:12:46,254 - INFO - [1491/2119] Processing: Punjab_National_Bank_esg.json
2026-01-27 23:12:46,255 - INFO - Removed tier, industry from Punjab National Bank
2026-01-27 23:12:46,257 - INFO - [1492/2119] Processing: Punjab___Sind_Bank_esg.json
2026-01-27 23:12:46,257 - INFO - Removed tier, industry from PUNJAB & SIND BANK
2026-01-27 23:12:46,259 - INFO - [1493/2119] Processing: PURAVANKARA_LIMITED_esg.json
2026-01-27 23:12:46,259 - INFO - Removed tier, industry from PURAVANKARA LIMITED
2026-01-27 23:12:46,261 - INFO - [1494/2119] Processing: Puravankara_Ltd_esg.json
2026-01-27 23:12:46,262 - INFO - Removed tier, industry from Puravankara Ltd
2026-01-27 23:12:46,263 - INFO - [1495/2119] Processing: PVR_Inox_Ltd_esg.json
2026-01-27 23:12:46,264 - INFO - Removed tier, industry from PVR Inox Ltd
2026-01-27 23:12:46,265 - INFO - [1496/2119] Processing: Quess_Corp_Ltd_esg.json
2026-01-27 23:12:46,266 - INFO - Removed tier, industry from Quess Corp Ltd
2026-01-27 23:12:46,267 - INFO - [1497/2119] Processing: QUICK_HEAL_TECHNOLOGIES_LIMITED_esg.json
2026-01-27 23:12:46,268 - INFO - Removed tier, industry from QUICK HEAL TECHNOLOGIES LIMITED
2026-01-27 23:12:46,270 - INFO - [1498/2119] Processing: Quick_Heal_Technologies_Ltd_esg.json
2026-01-27 23:12:46,270 - INFO - Removed tier, industry from Quick Heal Technologies Ltd.
2026-01-27 23:12:46,272 - INFO - [1499/2119] Processing: Quint_Digital_Ltd_esg.json
2026-01-27 23:12:46,273 - INFO - Removed tier, industry from Quint Digital Ltd
2026-01-27 23:12:46,274 - INFO - [1500/2119] Processing: RACE_ECO_CHAIN_LIMITED_esg.json
2026-01-27 23:12:46,275 - INFO - Removed tier, industry from RACE ECO CHAIN LIMITED
2026-01-27 23:12:46,276 - INFO - [1501/2119] Processing: Race_Eco_Chain_Ltd_esg.json
2026-01-27 23:12:46,277 - INFO - Removed tier, industry from Race Eco Chain Ltd.
2026-01-27 23:12:46,279 - INFO - [1502/2119] Processing: RACL_GEARTECH_LIMITED_esg.json
2026-01-27 23:12:46,279 - INFO - Removed tier, industry from RACL GEARTECH LIMITED
2026-01-27 23:12:46,281 - INFO - [1503/2119] Processing: RACL_Geartech_Ltd_esg.json
2026-01-27 23:12:46,281 - INFO - Removed tier, industry from RACL Geartech Ltd.
2026-01-27 23:12:46,283 - INFO - [1504/2119] Processing: Radiant_Cash_Management_Services_Ltd_esg.json
2026-01-27 23:12:46,283 - INFO - Removed tier, industry from Radiant Cash Management Services Ltd
2026-01-27 23:12:46,285 - INFO - [1505/2119] Processing: Radico_Khaitan_Ltd_esg.json
2026-01-27 23:12:46,285 - INFO - Removed tier, industry from Radico Khaitan Ltd
2026-01-27 23:12:46,287 - INFO - [1506/2119] Processing: RADICO_KHAITAN_LTD__esg.json
2026-01-27 23:12:46,288 - INFO - Removed tier, industry from RADICO KHAITAN LTD.
2026-01-27 23:12:46,289 - INFO - [1507/2119] Processing: Raghav_Productivity_Enhancers_Ltd_esg.json
2026-01-27 23:12:46,289 - INFO - Removed tier, industry from Raghav Productivity Enhancers Ltd.
2026-01-27 23:12:46,291 - INFO - [1508/2119] Processing: Raghuvansh_Agrofarms_Ltd_esg.json
2026-01-27 23:12:46,291 - INFO - Removed tier, industry from Raghuvansh Agrofarms Ltd.
2026-01-27 23:12:46,293 - INFO - [1509/2119] Processing: RailTel_Corporation_of_India_Ltd_esg.json
2026-01-27 23:12:46,294 - INFO - Removed tier, industry from RailTel Corporation of India Ltd
2026-01-27 23:12:46,296 - INFO - [1510/2119] Processing: Rail_Vikas_Nigam_Ltd_esg.json
2026-01-27 23:12:46,296 - INFO - Removed tier, industry from Rail Vikas Nigam Ltd
2026-01-27 23:12:46,298 - INFO - [1511/2119] Processing: Rainbow_Children_s_Medicare_Ltd_esg.json
2026-01-27 23:12:46,298 - INFO - Removed tier, industry from Rainbow Children's Medicare Ltd
2026-01-27 23:12:46,300 - INFO - [1512/2119] Processing: RAJESH_EXPORTS_LIMITED_esg.json
2026-01-27 23:12:46,300 - INFO - Removed tier, industry from RAJESH EXPORTS LIMITED
2026-01-27 23:12:46,302 - INFO - [1513/2119] Processing: RAJESH_EXPORTS_LTD__esg.json
2026-01-27 23:12:46,302 - INFO - Removed tier, industry from RAJESH EXPORTS LTD.
2026-01-27 23:12:46,304 - INFO - [1514/2119] Processing: Rajnish_Wellness_Ltd_esg.json
2026-01-27 23:12:46,305 - INFO - Removed tier, industry from Rajnish Wellness Ltd
2026-01-27 23:12:46,306 - INFO - [1515/2119] Processing: RAJOO_ENGINEERS_LIMITED_esg.json
2026-01-27 23:12:46,307 - INFO - Removed tier, industry from RAJOO ENGINEERS LIMITED
2026-01-27 23:12:46,309 - INFO - [1516/2119] Processing: Rajoo_Engineers_Ltd-_esg.json
2026-01-27 23:12:46,309 - INFO - Removed tier, industry from Rajoo Engineers Ltd-
2026-01-27 23:12:46,311 - INFO - [1517/2119] Processing: Rajratan_Global_Wire_Ltd_esg.json
2026-01-27 23:12:46,311 - INFO - Removed tier, industry from Rajratan Global Wire Ltd
2026-01-27 23:12:46,313 - INFO - [1518/2119] Processing: RAJRATAN_GLOBAL_WIRE_LTD__esg.json
2026-01-27 23:12:46,314 - INFO - Removed tier, industry from RAJRATAN GLOBAL WIRE LTD.
2026-01-27 23:12:46,315 - INFO - [1519/2119] Processing: Raj_Rayon_Industries_Limited-_esg.json
2026-01-27 23:12:46,316 - INFO - Removed tier, industry from Raj Rayon Industries Limited-
2026-01-27 23:12:46,317 - INFO - [1520/2119] Processing: RAJ_RAYON_INDUSTRIES_LIMITED_esg.json
2026-01-27 23:12:46,318 - INFO - Removed tier, industry from RAJ RAYON INDUSTRIES LIMITED
2026-01-27 23:12:46,320 - INFO - [1521/2119] Processing: Raj_Rayon_Industries_Ltd-_esg.json
2026-01-27 23:12:46,320 - INFO - Removed tier, industry from Raj Rayon Industries Ltd-
2026-01-27 23:12:46,322 - INFO - [1522/2119] Processing: Rallis_India_Ltd_esg.json
2026-01-27 23:12:46,322 - INFO - Removed tier, industry from Rallis India Ltd
2026-01-27 23:12:46,324 - INFO - [1523/2119] Processing: RALLIS_INDIA_LTD__esg.json
2026-01-27 23:12:46,324 - INFO - Removed tier, industry from RALLIS INDIA LIMITED
2026-01-27 23:12:46,326 - INFO - [1524/2119] Processing: RAMA_STEEL_TUBES_LIMITED_esg.json
2026-01-27 23:12:46,326 - INFO - Removed tier, industry from RAMA STEEL TUBES LIMITED
2026-01-27 23:12:46,328 - INFO - [1525/2119] Processing: Rama_Steel_Tubes_Ltd_esg.json
2026-01-27 23:12:46,329 - INFO - Removed tier, industry from Rama Steel Tubes Ltd.
2026-01-27 23:12:46,330 - INFO - [1526/2119] Processing: Ramco_Industries_Ltd_esg.json
2026-01-27 23:12:46,331 - INFO - Removed tier, industry from Ramco Industries Ltd
2026-01-27 23:12:46,332 - INFO - [1527/2119] Processing: RAMCO_INDUSTRIES_LTD__esg.json
2026-01-27 23:12:46,333 - INFO - Removed tier, industry from RAMCO INDUSTRIES LTD.
2026-01-27 23:12:46,334 - INFO - [1528/2119] Processing: Ramco_Systems_Ltd_esg.json
2026-01-27 23:12:46,335 - INFO - Removed tier, industry from Ramco Systems Ltd
2026-01-27 23:12:46,337 - INFO - [1529/2119] Processing: RAMCO_SYSTEMS_LTD__esg.json
2026-01-27 23:12:46,337 - INFO - Removed tier, industry from RAMCO SYSTEMS LTD.
2026-01-27 23:12:46,339 - INFO - [1530/2119] Processing: RAMKRISHNA_FORGINGS_LIMITED_esg.json
2026-01-27 23:12:46,339 - INFO - Removed tier, industry from RAMKRISHNA FORGINGS LIMITED
2026-01-27 23:12:46,341 - INFO - [1531/2119] Processing: RAMKRISHNA_FORGINGS_LTD__esg.json
2026-01-27 23:12:46,341 - INFO - Removed tier, industry from RAMKRISHNA FORGINGS LTD.
2026-01-27 23:12:46,343 - INFO - [1532/2119] Processing: RAMKY_INFRASTRUCTURE_LIMITED_esg.json
2026-01-27 23:12:46,344 - INFO - Removed tier, industry from RAMKY INFRASTRUCTURE LIMITED
2026-01-27 23:12:46,346 - INFO - [1533/2119] Processing: RAMKY_INFRASTRUCTURE_LTD__esg.json
2026-01-27 23:12:46,346 - INFO - Removed tier, industry from RAMKY INFRASTRUCTURE LTD.
2026-01-27 23:12:46,348 - INFO - [1534/2119] Processing: Ram_Ratna_Wires_Ltd-_esg.json
2026-01-27 23:12:46,348 - INFO - Removed tier, industry from Ram Ratna Wires Ltd-
2026-01-27 23:12:46,350 - INFO - [1535/2119] Processing: Rane_Holdings_Ltd_esg.json
2026-01-27 23:12:46,350 - INFO - Removed tier, industry from Rane Holdings Ltd
2026-01-27 23:12:46,352 - INFO - [1536/2119] Processing: RANE_HOLDINGS_LTD__esg.json
2026-01-27 23:12:46,352 - INFO - Removed tier, industry from RANE HOLDINGS LTD.
2026-01-27 23:12:46,354 - INFO - [1537/2119] Processing: Rashi_Peripherals_Ltd_esg.json
2026-01-27 23:12:46,355 - INFO - Removed tier, industry from Rashi Peripherals Ltd
2026-01-27 23:12:46,356 - INFO - [1538/2119] Processing: RASHTRIYA_CHEMICALS_AND_FERTILIZERS_LIMITED_esg.json
2026-01-27 23:12:46,357 - INFO - Removed tier, industry from RASHTRIYA CHEMICALS AND FERTILIZERS LIMITED
2026-01-27 23:12:46,359 - INFO - [1539/2119] Processing: Rashtriya_Chemicals_and_Fertilizers_Ltd_esg.json
2026-01-27 23:12:46,359 - INFO - Removed tier, industry from Rashtriya Chemicals and Fertilizers Limited
2026-01-27 23:12:46,363 - INFO - [1540/2119] Processing: RASHTRIYA_CHEMICALS___FERTILIZERS_LTD__esg.json
2026-01-27 23:12:46,364 - INFO - Removed tier, industry from Rashtriya Chemicals and Fertilizers Limited
2026-01-27 23:12:46,367 - INFO - [1541/2119] Processing: RATEGAIN_TRAVEL_TECHNOLOGIES_LIMITED_esg.json
2026-01-27 23:12:46,368 - INFO - Removed tier, industry from RATEGAIN TRAVEL TECHNOLOGIES LIMITED
2026-01-27 23:12:46,372 - INFO - [1542/2119] Processing: RateGain_Travel_Technologies_Ltd_esg.json
2026-01-27 23:12:46,373 - INFO - Removed tier, industry from RateGain Travel Technologies Ltd
2026-01-27 23:12:46,377 - INFO - [1543/2119] Processing: Ratnamani_Metals___Tubes_Ltd-_esg.json
2026-01-27 23:12:46,378 - INFO - Removed tier, industry from Ratnamani Metals & Tubes Ltd-
2026-01-27 23:12:46,381 - INFO - [1544/2119] Processing: RATNAMANI_METALS___TUBES_LTD_-_esg.json
2026-01-27 23:12:46,382 - INFO - Removed tier, industry from RATNAMANI METALS & TUBES LTD.
2026-01-27 23:12:46,385 - INFO - [1545/2119] Processing: RATTANINDIA_ENTERPRISES_LIMITED_esg.json
2026-01-27 23:12:46,386 - INFO - Removed tier, industry from RATTANINDIA ENTERPRISES LIMITED
2026-01-27 23:12:46,388 - INFO - [1546/2119] Processing: Rattanindia_Enterprises_Ltd_esg.json
2026-01-27 23:12:46,389 - INFO - Removed tier, industry from Rattanindia Enterprises Ltd
2026-01-27 23:12:46,393 - INFO - [1547/2119] Processing: RattanIndia_Power_Limited_esg.json
2026-01-27 23:12:46,394 - INFO - Removed tier, industry from RATTANINDIA POWER LIMITED
2026-01-27 23:12:46,396 - INFO - [1548/2119] Processing: Raymond_Lifestyle_Ltd_esg.json
2026-01-27 23:12:46,397 - INFO - Removed tier, industry from Raymond Lifestyle Ltd
2026-01-27 23:12:46,399 - INFO - [1549/2119] Processing: Raymond_Ltd_esg.json
2026-01-27 23:12:46,399 - INFO - Removed tier, industry from Raymond Limited
2026-01-27 23:12:46,401 - INFO - [1550/2119] Processing: RAYMOND_LTD__esg.json
2026-01-27 23:12:46,402 - INFO - Removed tier, industry from RAYMOND LTD.
2026-01-27 23:12:46,404 - INFO - [1551/2119] Processing: RBL_BANK_LIMITED_esg.json
2026-01-27 23:12:46,404 - INFO - Removed tier, industry from RBL BANK LIMITED
2026-01-27 23:12:46,406 - INFO - [1552/2119] Processing: RBL_Bank_Ltd_esg.json
2026-01-27 23:12:46,407 - INFO - Removed tier, industry from RBL Bank Ltd
2026-01-27 23:12:46,408 - INFO - [1553/2119] Processing: REC_Ltd_esg.json
2026-01-27 23:12:46,409 - INFO - Removed tier, industry from REC Ltd
2026-01-27 23:12:46,411 - INFO - [1554/2119] Processing: Redington_Ltd_esg.json
2026-01-27 23:12:46,411 - INFO - Removed tier, industry from Redington Ltd
2026-01-27 23:12:46,413 - INFO - [1555/2119] Processing: REDTAPE_LIMITED_esg.json
2026-01-27 23:12:46,414 - INFO - Removed tier, industry from REDTAPE LIMITED
2026-01-27 23:12:46,415 - INFO - [1556/2119] Processing: Redtape_Ltd_esg.json
2026-01-27 23:12:46,416 - INFO - Removed tier, industry from Redtape Ltd
2026-01-27 23:12:46,417 - INFO - [1557/2119] Processing: Refex_Industries_Limited_esg.json
2026-01-27 23:12:46,418 - INFO - Removed tier, industry from Refex Industries Limited
2026-01-27 23:12:46,420 - INFO - [1558/2119] Processing: Refex_Industries_Ltd_esg.json
2026-01-27 23:12:46,420 - INFO - Removed tier, industry from Refex Industries Ltd
2026-01-27 23:12:46,422 - INFO - [1559/2119] Processing: Relaxo_Footwears_Ltd-_esg.json
2026-01-27 23:12:46,422 - INFO - Removed tier, industry from Relaxo Footwears Ltd-
2026-01-27 23:12:46,424 - INFO - [1560/2119] Processing: RELAXO_FOOTWEARS_LTD_-_esg.json
2026-01-27 23:12:46,424 - INFO - Removed tier, industry from RELAXO FOOTWEARS LTD.-
2026-01-27 23:12:46,426 - INFO - [1561/2119] Processing: Reliance_Industrial_Infrastructure_Ltd_esg.json
2026-01-27 23:12:46,426 - INFO - Removed tier, industry from Reliance Industrial Infrastructure Ltd
2026-01-27 23:12:46,428 - INFO - [1562/2119] Processing: RELIANCE_INDUSTRIES_LTD__esg.json
2026-01-27 23:12:46,428 - INFO - Removed tier, industry from RELIANCE INDUSTRIES LTD.
2026-01-27 23:12:46,430 - INFO - [1563/2119] Processing: Reliance_Power_Ltd_esg.json
2026-01-27 23:12:46,430 - INFO - Removed tier, industry from Reliance Power Ltd
2026-01-27 23:12:46,432 - INFO - [1564/2119] Processing: RELIANCE_POWER_LTD__esg.json
2026-01-27 23:12:46,432 - INFO - Removed tier, industry from RELIANCE POWER LTD.
2026-01-27 23:12:46,434 - INFO - [1565/2119] Processing: RELIGARE_ENTERPRISES_LIMITED_esg.json
2026-01-27 23:12:46,434 - INFO - Removed tier, industry from RELIGARE ENTERPRISES LIMITED
2026-01-27 23:12:46,436 - INFO - [1566/2119] Processing: Religare_Enterprises_Ltd_esg.json
2026-01-27 23:12:46,437 - INFO - Removed tier, industry from Religare Enterprises Ltd
2026-01-27 23:12:46,438 - INFO - [1567/2119] Processing: RELIGARE_ENTERPRISES_LTD__esg.json
2026-01-27 23:12:46,439 - INFO - Removed tier, industry from RELIGARE ENTERPRISES LTD.
2026-01-27 23:12:46,440 - INFO - [1568/2119] Processing: Renaissance_Global_Ltd_esg.json
2026-01-27 23:12:46,440 - INFO - Removed tier, industry from Renaissance Global Ltd
2026-01-27 23:12:46,442 - INFO - [1569/2119] Processing: Repco_Home_Finance_Ltd_esg.json
2026-01-27 23:12:46,443 - INFO - Removed tier, industry from Repco Home Finance Ltd.
2026-01-27 23:12:46,445 - INFO - [1570/2119] Processing: REPCO_HOME_FINANCE_LTD__esg.json
2026-01-27 23:12:46,445 - INFO - Removed tier, industry from REPCO HOME FINANCE LTD.
2026-01-27 23:12:46,447 - INFO - [1571/2119] Processing: Repro_India_Ltd_esg.json
2026-01-27 23:12:46,447 - INFO - Removed tier, industry from Repro India Ltd
2026-01-27 23:12:46,449 - INFO - [1572/2119] Processing: REPRO_INDIA_LTD__esg.json
2026-01-27 23:12:46,449 - INFO - Removed tier, industry from REPRO INDIA LTD.
2026-01-27 23:12:46,450 - INFO - [1573/2119] Processing: Responsive_Industries_Ltd_esg.json
2026-01-27 23:12:46,451 - INFO - Removed tier, industry from Responsive Industries Ltd
2026-01-27 23:12:46,453 - INFO - [1574/2119] Processing: RESPONSIVE_INDUSTRIES_LTD__esg.json
2026-01-27 23:12:46,453 - INFO - Removed tier, industry from RESPONSIVE INDUSTRIES LTD.
2026-01-27 23:12:46,455 - INFO - [1575/2119] Processing: Restaurant_Brands_Asia_Ltd_esg.json
2026-01-27 23:12:46,455 - INFO - Removed tier, industry from Restaurant Brands Asia Ltd
2026-01-27 23:12:46,457 - INFO - [1576/2119] Processing: Rhetan_TMT_Ltd_esg.json
2026-01-27 23:12:46,457 - INFO - Removed tier, industry from Rhetan TMT Ltd
2026-01-27 23:12:46,459 - INFO - [1577/2119] Processing: Rhi_Magnesita_India_Ltd_esg.json
2026-01-27 23:12:46,459 - INFO - Removed tier, industry from RHI MAGNESITA INDIA LTD
2026-01-27 23:12:46,461 - INFO - [1578/2119] Processing: Rico_Auto_Industries_Ltd_esg.json
2026-01-27 23:12:46,461 - INFO - Removed tier, industry from Rico Auto Industries Ltd
2026-01-27 23:12:46,463 - INFO - [1579/2119] Processing: RICO_AUTO_INDUSTRIES_LTD__esg.json
2026-01-27 23:12:46,463 - INFO - Removed tier, industry from RICO AUTO INDUSTRIES LTD.
2026-01-27 23:12:46,465 - INFO - [1580/2119] Processing: Rishabh_Instruments_Ltd_esg.json
2026-01-27 23:12:46,465 - INFO - Removed tier, industry from Rishabh Instruments Ltd
2026-01-27 23:12:46,467 - INFO - [1581/2119] Processing: RITES_LIMITED_esg.json
2026-01-27 23:12:46,468 - INFO - Removed tier, industry from RITES LIMITED
2026-01-27 23:12:46,470 - INFO - [1582/2119] Processing: RITES_Ltd_esg.json
2026-01-27 23:12:46,471 - INFO - Removed tier, industry from RITES Ltd
2026-01-27 23:12:46,473 - INFO - [1583/2119] Processing: ROLEX_RINGS_LIMITED_esg.json
2026-01-27 23:12:46,473 - INFO - Removed tier, industry from ROLEX RINGS LIMITED
2026-01-27 23:12:46,475 - INFO - [1584/2119] Processing: Rolex_Rings_Ltd_esg.json
2026-01-27 23:12:46,475 - INFO - Removed tier, industry from Rolex Rings Ltd
2026-01-27 23:12:46,477 - INFO - [1585/2119] Processing: Rossari_Biotech_Ltd_esg.json
2026-01-27 23:12:46,478 - INFO - Removed tier, industry from Rossari Biotech Ltd
2026-01-27 23:12:46,480 - INFO - [1586/2119] Processing: Rossell_India_Ltd_esg.json
2026-01-27 23:12:46,480 - INFO - Removed tier, industry from Rossell India Ltd
2026-01-27 23:12:46,482 - INFO - [1587/2119] Processing: ROTO_PUMPS_LIMITED_esg.json
2026-01-27 23:12:46,483 - INFO - Removed tier, industry from ROTO PUMPS LIMITED
2026-01-27 23:12:46,485 - INFO - [1588/2119] Processing: Roto_Pumps_Ltd_esg.json
2026-01-27 23:12:46,485 - INFO - Removed tier, industry from Roto Pumps Ltd
2026-01-27 23:12:46,487 - INFO - [1589/2119] Processing: ROTO_PUMPS_LTD__esg.json
2026-01-27 23:12:46,488 - INFO - Removed tier, industry from ROTO PUMPS LTD.
2026-01-27 23:12:46,489 - INFO - [1590/2119] Processing: Route_Mobile_Ltd_esg.json
2026-01-27 23:12:46,490 - INFO - Removed tier, industry from Route Mobile Ltd
2026-01-27 23:12:46,492 - INFO - [1591/2119] Processing: RPG_Life_Sciences_Ltd_esg.json
2026-01-27 23:12:46,492 - INFO - Removed tier, industry from RPG Life Sciences Ltd
2026-01-27 23:12:46,494 - INFO - [1592/2119] Processing: RPG_LIFE_SCIENCES_LTD__esg.json
2026-01-27 23:12:46,495 - INFO - Removed tier, industry from RPG LIFE SCIENCES LTD.
2026-01-27 23:12:46,497 - INFO - [1593/2119] Processing: RPSG_Ventures_Ltd_esg.json
2026-01-27 23:12:46,497 - INFO - Removed tier, industry from RPSG Ventures Ltd
2026-01-27 23:12:46,499 - INFO - [1594/2119] Processing: RSWM_Ltd_esg.json
2026-01-27 23:12:46,499 - INFO - Removed tier, industry from RSWM Ltd
2026-01-27 23:12:46,501 - INFO - [1595/2119] Processing: RSWM_LTD__esg.json
2026-01-27 23:12:46,502 - INFO - Removed tier, industry from RSWM LTD.
2026-01-27 23:12:46,504 - INFO - [1596/2119] Processing: Rupa___Company_Ltd_esg.json
2026-01-27 23:12:46,504 - INFO - Removed tier, industry from Rupa & Company Ltd
2026-01-27 23:12:46,506 - INFO - [1597/2119] Processing: RUPA___COMPANY_LTD__esg.json
2026-01-27 23:12:46,506 - INFO - Removed tier, industry from RUPA & COMPANY LTD.
2026-01-27 23:12:46,508 - INFO - [1598/2119] Processing: Rushil_Decor_Ltd_esg.json
2026-01-27 23:12:46,508 - INFO - Removed tier, industry from Rushil Decor Ltd
2026-01-27 23:12:46,510 - INFO - [1599/2119] Processing: RUSHIL_DECOR_LTD__esg.json
2026-01-27 23:12:46,511 - INFO - Removed tier, industry from RUSHIL DECOR LTD.
2026-01-27 23:12:46,512 - INFO - [1600/2119] Processing: R_R_Kabel_Ltd_esg.json
2026-01-27 23:12:46,513 - INFO - Removed tier, industry from R R Kabel Ltd
2026-01-27 23:12:46,515 - INFO - [1601/2119] Processing: R_Systems_International_Limited_esg.json
2026-01-27 23:12:46,515 - INFO - Removed tier, industry from R Systems International Limited
2026-01-27 23:12:46,517 - INFO - [1602/2119] Processing: R_Systems_International_Ltd_esg.json
2026-01-27 23:12:46,517 - INFO - Removed tier, industry from R Systems International Ltd
2026-01-27 23:12:46,519 - INFO - [1603/2119] Processing: SADHANA_NITROCHEM_LTD__esg.json
2026-01-27 23:12:46,519 - INFO - Removed tier, industry from SADHANA NITROCHEM LTD.
2026-01-27 23:12:46,521 - INFO - [1604/2119] Processing: Safari_Industries_India_Ltd_esg.json
2026-01-27 23:12:46,521 - INFO - Removed tier, industry from Safari Industries India Ltd
2026-01-27 23:12:46,523 - INFO - [1605/2119] Processing: SAFARI_INDUSTRIES__INDIA__LTD__esg.json
2026-01-27 23:12:46,523 - INFO - Removed tier, industry from SAFARI INDUSTRIES (INDIA) LTD.
2026-01-27 23:12:46,525 - INFO - [1606/2119] Processing: Sagar_Cements_Ltd-_esg.json
2026-01-27 23:12:46,526 - INFO - Removed tier, industry from Sagar Cements Ltd-
2026-01-27 23:12:46,528 - INFO - [1607/2119] Processing: SAGAR_CEMENTS_LTD_-_esg.json
2026-01-27 23:12:46,528 - INFO - Removed tier, industry from SAGAR CEMENTS LIMITED
2026-01-27 23:12:46,530 - INFO - [1608/2119] Processing: SAINT-GOBAIN_SEKURIT_INDIA_LTD__esg.json
2026-01-27 23:12:46,531 - INFO - Removed tier, industry from SAINT-GOBAIN SEKURIT INDIA LTD.
2026-01-27 23:12:46,533 - INFO - [1609/2119] Processing: Sai_Silks__Kalamandir__Ltd_esg.json
2026-01-27 23:12:46,533 - INFO - Removed tier, industry from Sai Silks (Kalamandir) Ltd
2026-01-27 23:12:46,535 - INFO - [1610/2119] Processing: Saksoft_Ltd_esg.json
2026-01-27 23:12:46,535 - INFO - Removed tier, industry from Saksoft Ltd
2026-01-27 23:12:46,538 - INFO - [1611/2119] Processing: SAKSOFT_LTD__esg.json
2026-01-27 23:12:46,538 - INFO - Removed tier, industry from SAKSOFT LTD.
2026-01-27 23:12:46,540 - INFO - [1612/2119] Processing: SALASAR_TECHNO_ENGINEERING_LIMITED_esg.json
2026-01-27 23:12:46,540 - INFO - Removed tier, industry from SALASAR TECHNO ENGINEERING LIMITED
2026-01-27 23:12:46,542 - INFO - [1613/2119] Processing: Salasar_Techno_Engineering_Ltd_esg.json
2026-01-27 23:12:46,543 - INFO - Removed tier, industry from Salasar Techno Engineering Ltd
2026-01-27 23:12:46,545 - INFO - [1614/2119] Processing: Samhi_Hotels_Ltd_esg.json
2026-01-27 23:12:46,545 - INFO - Removed tier, industry from Samhi Hotels Ltd
2026-01-27 23:12:46,547 - INFO - [1615/2119] Processing: SAMMAAN_CAPITAL_LIMITED_esg.json
2026-01-27 23:12:46,548 - INFO - Removed tier, industry from SAMMAAN CAPITAL LIMITED
2026-01-27 23:12:46,549 - INFO - [1616/2119] Processing: Sammaan_Capital_Ltd_esg.json
2026-01-27 23:12:46,550 - INFO - Removed tier, industry from Sammaan Capital Ltd
2026-01-27 23:12:46,552 - INFO - [1617/2119] Processing: Samvardhana_Motherson_International_Ltd_esg.json
2026-01-27 23:12:46,552 - INFO - Removed tier, industry from Samvardhana Motherson International Ltd
2026-01-27 23:12:46,554 - INFO - [1618/2119] Processing: SANDHAR_TECHNOLOGIES_LIMITED_esg.json
2026-01-27 23:12:46,554 - INFO - Removed tier, industry from SANDHAR TECHNOLOGIES LIMITED
2026-01-27 23:12:46,556 - INFO - [1619/2119] Processing: Sandhar_Technologies_Ltd_esg.json
2026-01-27 23:12:46,557 - INFO - Removed tier, industry from Sandhar Technologies Ltd
2026-01-27 23:12:46,559 - INFO - [1620/2119] Processing: Sandur_Manganese___Iron_Ores_Ltd_esg.json
2026-01-27 23:12:46,559 - INFO - Removed tier, industry from The Sandur Manganese & Iron Ores Limited
2026-01-27 23:12:46,561 - INFO - [1621/2119] Processing: SANDUR_MANGANESE___IRON_ORES_LTD__esg.json
2026-01-27 23:12:46,561 - INFO - Removed tier, industry from SANDUR MANGANESE & IRON ORES LTD.
2026-01-27 23:12:46,563 - INFO - [1622/2119] Processing: SANGAM__INDIA__LIMITED_esg.json
2026-01-27 23:12:46,564 - INFO - Removed tier, industry from SANGAM (INDIA) LIMITED
2026-01-27 23:12:46,565 - INFO - [1623/2119] Processing: SANGAM__INDIA__LTD__esg.json
2026-01-27 23:12:46,566 - INFO - Removed tier, industry from SANGAM (INDIA) LTD.
2026-01-27 23:12:46,567 - INFO - [1624/2119] Processing: Sanghi_Industries_Ltd_esg.json
2026-01-27 23:12:46,568 - INFO - Removed tier, industry from Sanghi Industries Ltd
2026-01-27 23:12:46,570 - INFO - [1625/2119] Processing: SANGHI_INDUSTRIES_LTD__esg.json
2026-01-27 23:12:46,570 - INFO - Removed tier, industry from SANGHI INDUSTRIES LTD.
2026-01-27 23:12:46,572 - INFO - [1626/2119] Processing: SANGHVI_MOVERS_LIMITED_esg.json
2026-01-27 23:12:46,572 - INFO - Removed tier, industry from SANGHVI MOVERS LIMITED
2026-01-27 23:12:46,574 - INFO - [1627/2119] Processing: Sanghvi_Movers_Ltd_esg.json
2026-01-27 23:12:46,574 - INFO - Removed tier, industry from Sanghvi Movers Ltd
2026-01-27 23:12:46,576 - INFO - [1628/2119] Processing: SANGHVI_MOVERS_LTD__esg.json
2026-01-27 23:12:46,576 - INFO - Removed tier, industry from SANGHVI MOVERS LTD.
2026-01-27 23:12:46,578 - INFO - [1629/2119] Processing: Sanmit_Infra_Limited_esg.json
2026-01-27 23:12:46,579 - INFO - Removed tier, industry from Sanmit Infra Limited
2026-01-27 23:12:46,580 - INFO - [1630/2119] Processing: Sanofi_Consumer_Healthcare_India_Ltd_esg.json
2026-01-27 23:12:46,581 - INFO - Removed tier, industry from Sanofi Consumer Healthcare India Ltd
2026-01-27 23:12:46,582 - INFO - [1631/2119] Processing: Sanofi_India_Ltd_esg.json
2026-01-27 23:12:46,583 - INFO - Removed tier, industry from Sanofi India Ltd
2026-01-27 23:12:46,584 - INFO - [1632/2119] Processing: SANSERA_ENGINEERING_LIMITED_esg.json
2026-01-27 23:12:46,585 - INFO - Removed tier, industry from SANSERA ENGINEERING LIMITED
2026-01-27 23:12:46,587 - INFO - [1633/2119] Processing: Sansera_Engineering_Ltd_esg.json
2026-01-27 23:12:46,587 - INFO - Removed tier, industry from Sansera Engineering Ltd
2026-01-27 23:12:46,589 - INFO - [1634/2119] Processing: Sapphire_Foods_India_Ltd_esg.json
2026-01-27 23:12:46,590 - INFO - Removed tier, industry from Sapphire Foods India Ltd
2026-01-27 23:12:46,591 - INFO - [1635/2119] Processing: SARDA_ENERGY___MINERALS_LIMITED_esg.json
2026-01-27 23:12:46,592 - INFO - Removed tier, industry from SARDA ENERGY & MINERALS LIMITED
2026-01-27 23:12:46,593 - INFO - [1636/2119] Processing: Sarda_Energy___Minerals_Ltd-_esg.json
2026-01-27 23:12:46,594 - INFO - Removed tier, industry from Sarda Energy & Minerals Ltd-
2026-01-27 23:12:46,596 - INFO - [1637/2119] Processing: SARDA_ENERGY___MINERALS_LTD_-_esg.json
2026-01-27 23:12:46,596 - INFO - Removed tier, industry from SARDA ENERGY & MINERALS LTD.
2026-01-27 23:12:46,598 - INFO - [1638/2119] Processing: Saregama_India_Ltd_esg.json
2026-01-27 23:12:46,598 - INFO - Removed tier, industry from Saregama India Ltd
2026-01-27 23:12:46,600 - INFO - [1639/2119] Processing: SAREGAMA_INDIA_LTD__esg.json
2026-01-27 23:12:46,600 - INFO - Removed tier, industry from SAREGAMA INDIA LTD.
2026-01-27 23:12:46,603 - INFO - [1640/2119] Processing: Sasken_Technologies_Ltd_esg.json
2026-01-27 23:12:46,603 - INFO - Removed tier, industry from Sasken Technologies Ltd
2026-01-27 23:12:46,605 - INFO - [1641/2119] Processing: SASTASUNDAR_VENTURES_LIMITED_esg.json
2026-01-27 23:12:46,605 - INFO - Removed tier, industry from SASTASUNDAR VENTURES LIMITED
2026-01-27 23:12:46,607 - INFO - [1642/2119] Processing: Sastasundar_Ventures_Ltd_esg.json
2026-01-27 23:12:46,607 - INFO - Removed tier, industry from Sastasundar Ventures Ltd
2026-01-27 23:12:46,609 - INFO - [1643/2119] Processing: SATIA_INDUSTRIES_LIMITED_esg.json
2026-01-27 23:12:46,609 - INFO - Removed tier, industry from SATIA INDUSTRIES LIMITED
2026-01-27 23:12:46,611 - INFO - [1644/2119] Processing: Satia_Industries_Ltd_esg.json
2026-01-27 23:12:46,611 - INFO - Removed tier, industry from Satia Industries Ltd
2026-01-27 23:12:46,613 - INFO - [1645/2119] Processing: Satin_Creditcare_Network_Ltd_esg.json
2026-01-27 23:12:46,613 - INFO - Removed tier, industry from Satin Creditcare Network Ltd.
2026-01-27 23:12:46,615 - INFO - [1646/2119] Processing: SAVITA_OIL_TECHNOLOGIES_LIMITED_esg.json
2026-01-27 23:12:46,615 - INFO - Removed tier, industry from SAVITA OIL TECHNOLOGIES LIMITED
2026-01-27 23:12:46,617 - INFO - [1647/2119] Processing: Savita_Oil_Technologies_Ltd_esg.json
2026-01-27 23:12:46,617 - INFO - Removed tier, industry from Savita Oil Technologies Ltd
2026-01-27 23:12:46,619 - INFO - [1648/2119] Processing: SBFC_Finance_Ltd_esg.json
2026-01-27 23:12:46,620 - INFO - Removed tier, industry from SBFC Finance Limited
2026-01-27 23:12:46,622 - INFO - [1649/2119] Processing: SBI_Cards_and_Payment_Services_Ltd_esg.json
2026-01-27 23:12:46,622 - INFO - Removed tier, industry from SBI Cards and Payment Services Ltd
2026-01-27 23:12:46,624 - INFO - [1650/2119] Processing: SBI_Life_Insurance_Company_Ltd_esg.json
2026-01-27 23:12:46,624 - INFO - Removed tier, industry from SBI Life Insurance Company Ltd
2026-01-27 23:12:46,625 - INFO - [1651/2119] Processing: Schneider_Electric_Infrastructure_Ltd_esg.json
2026-01-27 23:12:46,626 - INFO - Removed tier, industry from Schneider Electric Infrastructure Ltd
2026-01-27 23:12:46,628 - INFO - [1652/2119] Processing: SCHNEIDER_ELECTRIC_INFRASTRUCTURE_LTD__esg.json
2026-01-27 23:12:46,628 - INFO - Removed tier, industry from SCHNEIDER ELECTRIC INFRASTRUCTURE LTD.
2026-01-27 23:12:46,630 - INFO - [1653/2119] Processing: Seamec_Ltd_esg.json
2026-01-27 23:12:46,630 - INFO - Removed tier, industry from Seamec Ltd
2026-01-27 23:12:46,632 - INFO - [1654/2119] Processing: SEAMEC_LTD__esg.json
2026-01-27 23:12:46,632 - INFO - Removed tier, industry from SEAMEC LTD.
2026-01-27 23:12:46,634 - INFO - [1655/2119] Processing: Senco_Gold_Ltd_esg.json
2026-01-27 23:12:46,635 - INFO - Removed tier, industry from Senco Gold Ltd
2026-01-27 23:12:46,637 - INFO - [1656/2119] Processing: SEPC_LIMITED_esg.json
2026-01-27 23:12:46,637 - INFO - Removed tier, industry from SEPC Limited
2026-01-27 23:12:46,639 - INFO - [1657/2119] Processing: SEPC_Ltd_esg.json
2026-01-27 23:12:46,639 - INFO - Removed tier, industry from SEPC Ltd
2026-01-27 23:12:46,641 - INFO - [1658/2119] Processing: Sequent_Scientific_Ltd_esg.json
2026-01-27 23:12:46,641 - INFO - Removed tier, industry from Sequent Scientific Ltd
2026-01-27 23:12:46,643 - INFO - [1659/2119] Processing: SEQUENT_SCIENTIFIC_LTD__esg.json
2026-01-27 23:12:46,644 - INFO - Removed tier, industry from SEQUENT SCIENTIFIC LTD.
2026-01-27 23:12:46,646 - INFO - [1660/2119] Processing: SERVOTECH_RENEWABLE_POWER_SYSTEM_LIMITED_esg.json
2026-01-27 23:12:46,646 - INFO - Removed tier, industry from SERVOTECH RENEWABLE POWER SYSTEM LIMITED
2026-01-27 23:12:46,648 - INFO - [1661/2119] Processing: SESHASAYEE_PAPER___BOARDS_LTD__esg.json
2026-01-27 23:12:46,648 - INFO - Removed tier, industry from SESHASAYEE PAPER & BOARDS LTD.
2026-01-27 23:12:46,650 - INFO - [1662/2119] Processing: SG_FINSERVE_LIMITED_esg.json
2026-01-27 23:12:46,650 - INFO - Removed tier, industry from SG Finserve Limited
2026-01-27 23:12:46,652 - INFO - [1663/2119] Processing: SG_Finserve_Ltd_esg.json
2026-01-27 23:12:46,653 - INFO - Removed tier, industry from SG Finserve Ltd
2026-01-27 23:12:46,655 - INFO - [1664/2119] Processing: SG_Mart_Ltd_esg.json
2026-01-27 23:12:46,655 - INFO - Removed tier, industry from SG Mart Ltd
2026-01-27 23:12:46,657 - INFO - [1665/2119] Processing: SHAILY_ENGINEERING_PLASTICS_LIMITED_esg.json
2026-01-27 23:12:46,657 - INFO - Removed tier, industry from SHAILY ENGINEERING PLASTICS LIMITED
2026-01-27 23:12:46,659 - INFO - [1666/2119] Processing: SHAILY_ENGINEERING_PLASTICS_LTD__esg.json
2026-01-27 23:12:46,659 - INFO - Removed tier, industry from SHAILY ENGINEERING PLASTICS LTD.
2026-01-27 23:12:46,662 - INFO - [1667/2119] Processing: Shakti_Pumps_India_Ltd-_esg.json
2026-01-27 23:12:46,662 - INFO - Removed tier, industry from Shakti Pumps India Ltd-
2026-01-27 23:12:46,664 - INFO - [1668/2119] Processing: SHAKTI_PUMPS__INDIA__LIMITED_esg.json
2026-01-27 23:12:46,664 - INFO - Removed tier, industry from SHAKTI PUMPS (INDIA) LIMITED
2026-01-27 23:12:46,666 - INFO - [1669/2119] Processing: SHAKTI_PUMPS__INDIA__LTD_-_esg.json
2026-01-27 23:12:46,666 - INFO - Removed tier, industry from SHAKTI PUMPS (INDIA) LTD.-
2026-01-27 23:12:46,668 - INFO - [1670/2119] Processing: SHALBY_LIMITED_esg.json
2026-01-27 23:12:46,669 - INFO - Removed tier, industry from SHALBY LIMITED
2026-01-27 23:12:46,670 - INFO - [1671/2119] Processing: Shalby_Ltd_esg.json
2026-01-27 23:12:46,671 - INFO - Removed tier, industry from Shalby Ltd
2026-01-27 23:12:46,672 - INFO - [1672/2119] Processing: SHALIMAR_PAINTS_LIMITED_esg.json
2026-01-27 23:12:46,673 - INFO - Removed tier, industry from SHALIMAR PAINTS LIMITED
2026-01-27 23:12:46,674 - INFO - [1673/2119] Processing: Shalimar_Paints_Ltd-_esg.json
2026-01-27 23:12:46,675 - INFO - Removed tier, industry from Shalimar Paints Ltd-
2026-01-27 23:12:46,677 - INFO - [1674/2119] Processing: SHALIMAR_PAINTS_LTD_-_esg.json
2026-01-27 23:12:46,677 - INFO - Removed tier, industry from SHALIMAR PAINTS LTD.-
2026-01-27 23:12:46,679 - INFO - [1675/2119] Processing: Shankara_Building_Products_Ltd_esg.json
2026-01-27 23:12:46,679 - INFO - Removed tier, industry from Shankara Building Products Ltd
2026-01-27 23:12:46,681 - INFO - [1676/2119] Processing: Shanthi_Gears_Ltd_esg.json
2026-01-27 23:12:46,681 - INFO - Removed tier, industry from Shanthi Gears Ltd
2026-01-27 23:12:46,683 - INFO - [1677/2119] Processing: SHANTHI_GEARS_LTD__esg.json
2026-01-27 23:12:46,683 - INFO - Removed tier, industry from SHANTHI GEARS LTD.
2026-01-27 23:12:46,686 - INFO - [1678/2119] Processing: Shanti_Educational_Initiatives_Ltd_esg.json
2026-01-27 23:12:46,686 - INFO - Removed tier, industry from Shanti Educational Initiatives Ltd
2026-01-27 23:12:46,688 - INFO - [1679/2119] Processing: Sharda_Cropchem_Ltd_esg.json
2026-01-27 23:12:46,688 - INFO - Removed tier, industry from Sharda Cropchem Limited
2026-01-27 23:12:46,690 - INFO - [1680/2119] Processing: Sharda_Motor_Industries_Ltd_esg.json
2026-01-27 23:12:46,690 - INFO - Removed tier, industry from Sharda Motor Industries Ltd.
2026-01-27 23:12:46,692 - INFO - [1681/2119] Processing: SHARE_INDIA_SECURITIES_LIMITED_esg.json
2026-01-27 23:12:46,692 - INFO - Removed tier, industry from SHARE INDIA SECURITIES LIMITED
2026-01-27 23:12:46,694 - INFO - [1682/2119] Processing: Share_India_Securities_Ltd_esg.json
2026-01-27 23:12:46,694 - INFO - Removed tier, industry from Share India Securities Ltd
2026-01-27 23:12:46,696 - INFO - [1683/2119] Processing: Sheela_Foam_Ltd_esg.json
2026-01-27 23:12:46,697 - INFO - Removed tier, industry from Sheela Foam Ltd
2026-01-27 23:12:46,698 - INFO - [1684/2119] Processing: Shilchar_Technologies_Ltd_esg.json
2026-01-27 23:12:46,698 - INFO - Removed tier, industry from Shilchar Technologies Ltd
2026-01-27 23:12:46,700 - INFO - [1685/2119] Processing: SHILCHAR_TECHNOLOGIES_LTD__esg.json
2026-01-27 23:12:46,700 - INFO - Removed tier, industry from SHILCHAR TECHNOLOGIES LTD.
2026-01-27 23:12:46,702 - INFO - [1686/2119] Processing: Shilpa_Medicare_Ltd_esg.json
2026-01-27 23:12:46,703 - INFO - Removed tier, industry from Shilpa Medicare Ltd
2026-01-27 23:12:46,704 - INFO - [1687/2119] Processing: SHILPA_MEDICARE_LTD__esg.json
2026-01-27 23:12:46,705 - INFO - Removed tier, industry from SHILPA MEDICARE LTD.
2026-01-27 23:12:46,706 - INFO - [1688/2119] Processing: Shipping_Corporation_of_India_Land_and_Assets_Ltd_esg.json
2026-01-27 23:12:46,707 - INFO - Removed tier, industry from Shipping Corporation of India Land and Assets Ltd
2026-01-27 23:12:46,709 - INFO - [1689/2119] Processing: Shipping_Corporation_of_India_Ltd_esg.json
2026-01-27 23:12:46,709 - INFO - Removed tier, industry from Shipping Corporation of India Ltd.
2026-01-27 23:12:46,712 - INFO - [1690/2119] Processing: SHIPPING_CORPORATION_OF_INDIA_LTD__esg.json
2026-01-27 23:12:46,712 - INFO - Removed tier, industry from SHIPPING CORPORATION OF INDIA LTD.
2026-01-27 23:12:46,714 - INFO - [1691/2119] Processing: Shivalik_Rasayan_Ltd_esg.json
2026-01-27 23:12:46,715 - INFO - Removed tier, industry from Shivalik Rasayan Ltd
2026-01-27 23:12:46,717 - INFO - [1692/2119] Processing: Shoppers_Stop_Ltd_esg.json
2026-01-27 23:12:46,718 - INFO - Removed tier, industry from Shoppers Stop Ltd
2026-01-27 23:12:46,720 - INFO - [1693/2119] Processing: SHOPPERS_STOP_LTD__esg.json
2026-01-27 23:12:46,721 - INFO - Removed tier, industry from SHOPPERS STOP LTD.
2026-01-27 23:12:46,723 - INFO - [1694/2119] Processing: Shree_Cement_Ltd_esg.json
2026-01-27 23:12:46,723 - INFO - Removed tier, industry from Shree Cement Ltd
2026-01-27 23:12:46,725 - INFO - [1695/2119] Processing: SHREE_CEMENT_LTD__esg.json
2026-01-27 23:12:46,725 - INFO - Removed tier, industry from SHREE CEMENT LTD.
2026-01-27 23:12:46,727 - INFO - [1696/2119] Processing: Shree_Digvijay_Cement_Company_Ltd-_esg.json
2026-01-27 23:12:46,728 - INFO - Removed tier, industry from Shree Digvijay Cement Company Ltd-
2026-01-27 23:12:46,730 - INFO - [1697/2119] Processing: SHREE_DIGVIJAY_CEMENT_CO_LTD_-_esg.json
2026-01-27 23:12:46,730 - INFO - Removed tier, industry from SHREE DIGVIJAY CEMENT CO.LTD.-
2026-01-27 23:12:46,732 - INFO - [1698/2119] Processing: SHREE_PUSHKAR_CHEMICALS___FERTILISERS_LIMITED_esg.json
2026-01-27 23:12:46,732 - INFO - Removed tier, industry from SHREE PUSHKAR CHEMICALS & FERTILISERS LIMITED
2026-01-27 23:12:46,734 - INFO - [1699/2119] Processing: Shree_Pushkar_Chemicals___Fertilisers_Ltd_esg.json
2026-01-27 23:12:46,734 - INFO - Removed tier, industry from Shree Pushkar Chemicals & Fertilisers Ltd.
2026-01-27 23:12:46,736 - INFO - [1700/2119] Processing: Shree_Renuka_Sugars_Ltd_esg.json
2026-01-27 23:12:46,737 - INFO - Removed tier, industry from Shree Renuka Sugars Ltd
2026-01-27 23:12:46,738 - INFO - [1701/2119] Processing: SHREE_RENUKA_SUGARS_LTD__esg.json
2026-01-27 23:12:46,739 - INFO - Removed tier, industry from SHREE RENUKA SUGARS LTD.
2026-01-27 23:12:46,741 - INFO - [1702/2119] Processing: SHREYAS_SHIPPING___LOGISTICS_LTD__esg.json
2026-01-27 23:12:46,741 - INFO - Removed tier, industry from SHREYAS SHIPPING & LOGISTICS LTD.
2026-01-27 23:12:46,743 - INFO - [1703/2119] Processing: Shriram_Finance_Ltd_esg.json
2026-01-27 23:12:46,743 - INFO - Removed tier, industry from Shriram Finance Ltd
2026-01-27 23:12:46,745 - INFO - [1704/2119] Processing: Shriram_Pistons___Rings_Ltd_esg.json
2026-01-27 23:12:46,745 - INFO - Removed tier, industry from Shriram Pistons & Rings Ltd.
2026-01-27 23:12:46,747 - INFO - [1705/2119] Processing: SHRIRAM_PROPERTIES_LIMITED_esg.json
2026-01-27 23:12:46,748 - INFO - Removed tier, industry from SHRIRAM PROPERTIES LIMITED
2026-01-27 23:12:46,749 - INFO - [1706/2119] Processing: Shriram_Properties_Ltd_esg.json
2026-01-27 23:12:46,750 - INFO - Removed tier, industry from Shriram Properties Ltd
2026-01-27 23:12:46,752 - INFO - [1707/2119] Processing: Shyam_Metalics_and_Energy_Ltd_esg.json
2026-01-27 23:12:46,752 - INFO - Removed tier, industry from Shyam Metalics and Energy Ltd
2026-01-27 23:12:46,754 - INFO - [1708/2119] Processing: SIGACHI_INDUSTRIES_LIMITED_esg.json
2026-01-27 23:12:46,754 - INFO - Removed tier, industry from SIGACHI INDUSTRIES LIMITED
2026-01-27 23:12:46,756 - INFO - [1709/2119] Processing: Sigachi_Industries_Ltd_esg.json
2026-01-27 23:12:46,757 - INFO - Removed tier, industry from Sigachi Industries Ltd
2026-01-27 23:12:46,758 - INFO - [1710/2119] Processing: SIGNATUREGLOBAL__INDIA__LIMITED_esg.json
2026-01-27 23:12:46,759 - INFO - Removed tier, industry from SIGNATUREGLOBAL (INDIA) LIMITED
2026-01-27 23:12:46,761 - INFO - [1711/2119] Processing: Signatureglobal__India__Ltd_esg.json
2026-01-27 23:12:46,761 - INFO - Removed tier, industry from Signatureglobal (India) Ltd
2026-01-27 23:12:46,763 - INFO - [1712/2119] Processing: SIGNPOST_INDIA_LIMITED_esg.json
2026-01-27 23:12:46,764 - INFO - Removed tier, industry from SIGNPOST INDIA LIMITED
2026-01-27 23:12:46,766 - INFO - [1713/2119] Processing: Signpost_India_Ltd_esg.json
2026-01-27 23:12:46,766 - INFO - Removed tier, industry from Signpost India Ltd
2026-01-27 23:12:46,767 - INFO - [1714/2119] Processing: Sindhu_Trade_Links_Limited_esg.json
2026-01-27 23:12:46,768 - INFO - Removed tier, industry from SINDHU TRADE LINKS LIMITED
2026-01-27 23:12:46,770 - INFO - [1715/2119] Processing: Sindhu_Trade_Links_Ltd_esg.json
2026-01-27 23:12:46,770 - INFO - Removed tier, industry from Sindhu Trade Links Ltd
2026-01-27 23:12:46,772 - INFO - [1716/2119] Processing: SIRCA_PAINTS_INDIA_LIMITED_esg.json
2026-01-27 23:12:46,772 - INFO - Removed tier, industry from SIRCA PAINTS INDIA LIMITED
2026-01-27 23:12:46,774 - INFO - [1717/2119] Processing: Sirca_Paints_India_Ltd_esg.json
2026-01-27 23:12:46,774 - INFO - Removed tier, industry from Sirca Paints India Ltd.
2026-01-27 23:12:46,776 - INFO - [1718/2119] Processing: SIS_Ltd_esg.json
2026-01-27 23:12:46,777 - INFO - Removed tier, industry from SIS Ltd
2026-01-27 23:12:46,779 - INFO - [1719/2119] Processing: Siyaram_Silk_Mills_Ltd-_esg.json
2026-01-27 23:12:46,779 - INFO - Removed tier, industry from Siyaram Silk Mills Ltd-
2026-01-27 23:12:46,781 - INFO - [1720/2119] Processing: SIYARAM_SILK_MILLS_LTD_-_esg.json
2026-01-27 23:12:46,781 - INFO - Removed tier, industry from SIYARAM SILK MILLS LTD.
2026-01-27 23:12:46,783 - INFO - [1721/2119] Processing: SJVN_LIMITED_esg.json
2026-01-27 23:12:46,783 - INFO - Removed tier, industry from SJVN LIMITED
2026-01-27 23:12:46,785 - INFO - [1722/2119] Processing: SJVN_Ltd_esg.json
2026-01-27 23:12:46,786 - INFO - Removed tier, industry from SJVN Ltd
2026-01-27 23:12:46,788 - INFO - [1723/2119] Processing: SKF_India_Ltd_esg.json
2026-01-27 23:12:46,788 - INFO - Removed tier, industry from SKF India Limited
2026-01-27 23:12:46,790 - INFO - [1724/2119] Processing: SKIPPER_LIMITED_esg.json
2026-01-27 23:12:46,790 - INFO - Removed tier, industry from SKIPPER LIMITED
2026-01-27 23:12:46,792 - INFO - [1725/2119] Processing: Skipper_Ltd_esg.json
2026-01-27 23:12:46,793 - INFO - Removed tier, industry from Skipper Ltd
2026-01-27 23:12:46,795 - INFO - [1726/2119] Processing: SMC_Global_Securities_Ltd_esg.json
2026-01-27 23:12:46,795 - INFO - Removed tier, industry from SMC Global Securities Ltd
2026-01-27 23:12:46,797 - INFO - [1727/2119] Processing: SML_ISUZU_LIMITED_esg.json
2026-01-27 23:12:46,797 - INFO - Removed tier, industry from SML ISUZU LIMITED
2026-01-27 23:12:46,799 - INFO - [1728/2119] Processing: SML_Isuzu_Ltd_esg.json
2026-01-27 23:12:46,799 - INFO - Removed tier, industry from SML Isuzu Ltd
2026-01-27 23:12:46,801 - INFO - [1729/2119] Processing: SMS_PHARMACEUTICALS_LIMITED_esg.json
2026-01-27 23:12:46,802 - INFO - Removed tier, industry from SMS PHARMACEUTICALS LIMITED
2026-01-27 23:12:46,803 - INFO - [1730/2119] Processing: SMS_Pharmaceuticals_Ltd_esg.json
2026-01-27 23:12:46,804 - INFO - Removed tier, industry from SMS Pharmaceuticals Ltd
2026-01-27 23:12:46,806 - INFO - [1731/2119] Processing: SMS_PHARMACEUTICALS_LTD__esg.json
2026-01-27 23:12:46,806 - INFO - Removed tier, industry from SMS PHARMACEUTICALS LTD.
2026-01-27 23:12:46,808 - INFO - [1732/2119] Processing: Sobha_Limited_esg.json
2026-01-27 23:12:46,808 - INFO - Removed tier, industry from Sobha Limited
2026-01-27 23:12:46,810 - INFO - [1733/2119] Processing: Sobha_Ltd_esg.json
2026-01-27 23:12:46,810 - INFO - Removed tier, industry from Sobha Ltd
2026-01-27 23:12:46,812 - INFO - [1734/2119] Processing: SOLARA_ACTIVE_PHARMA_SCIENCES_LIMITED_esg.json
2026-01-27 23:12:46,813 - INFO - Removed tier, industry from SOLARA ACTIVE PHARMA SCIENCES LIMITED
2026-01-27 23:12:46,814 - INFO - [1735/2119] Processing: Solara_Active_Pharma_Sciences_Ltd_esg.json
2026-01-27 23:12:46,815 - INFO - Removed tier, industry from Solara Active Pharma Sciences Ltd
2026-01-27 23:12:46,817 - INFO - [1736/2119] Processing: SOLAR_INDUSTRIES_INDIA_LTD__esg.json
2026-01-27 23:12:46,817 - INFO - Removed tier, industry from SOLAR INDUSTRIES INDIA LTD.
2026-01-27 23:12:46,819 - INFO - [1737/2119] Processing: Somany_Ceramics_Ltd_esg.json
2026-01-27 23:12:46,820 - INFO - Removed tier, industry from Somany Ceramics Ltd
2026-01-27 23:12:46,821 - INFO - [1738/2119] Processing: SOM_DISTILLERIES___BREWERIES_LIMITED_esg.json
2026-01-27 23:12:46,822 - INFO - Removed tier, industry from SOM DISTILLERIES & BREWERIES LIMITED
2026-01-27 23:12:46,824 - INFO - [1739/2119] Processing: Som_Distilleries___Breweries_Ltd_esg.json
2026-01-27 23:12:46,824 - INFO - Removed tier, industry from Som Distilleries & Breweries Ltd
2026-01-27 23:12:46,826 - INFO - [1740/2119] Processing: SOM_DISTILLERIES___BREWERIES_LTD__esg.json
2026-01-27 23:12:46,826 - INFO - Removed tier, industry from SOM DISTILLERIES AND BREWERIES LIMITED
2026-01-27 23:12:46,828 - INFO - [1741/2119] Processing: Sonata_Software_Ltd_esg.json
2026-01-27 23:12:46,829 - INFO - Removed tier, industry from Sonata Software Ltd
2026-01-27 23:12:46,831 - INFO - [1742/2119] Processing: SONATA_SOFTWARE_LTD__esg.json
2026-01-27 23:12:46,831 - INFO - Removed tier, industry from SONATA SOFTWARE LTD.
2026-01-27 23:12:46,832 - INFO - [1743/2119] Processing: Sona_BLW_Precision_Forgings_Ltd_esg.json
2026-01-27 23:12:46,833 - INFO - Removed tier, industry from Sona BLW Precision Forgings Ltd
2026-01-27 23:12:46,835 - INFO - [1744/2119] Processing: SOUTHERN_PETROCHEMICALS_INDUSTRIES_CORPORATION__LIMITED_esg.json
2026-01-27 23:12:46,835 - INFO - Removed tier, industry from SOUTHERN PETROCHEMICALS INDUSTRIES CORPORATION LIMITED
2026-01-27 23:12:46,837 - INFO - [1745/2119] Processing: South_Indian_Bank_Ltd_esg.json
2026-01-27 23:12:46,838 - INFO - Removed tier, industry from South Indian Bank Ltd
2026-01-27 23:12:46,839 - INFO - [1746/2119] Processing: SOUTH_INDIAN_BANK_LTD__esg.json
2026-01-27 23:12:46,840 - INFO - Removed tier, industry from SOUTH INDIAN BANK LTD.
2026-01-27 23:12:46,842 - INFO - [1747/2119] Processing: SPACENET_ENTERPRISES_INDIA_LIMITED_esg.json
2026-01-27 23:12:46,842 - INFO - Removed tier, industry from SPACENET ENTERPRISES INDIA LIMITED
2026-01-27 23:12:46,844 - INFO - [1748/2119] Processing: Spandana_Sphoorty_Financial_Ltd_esg.json
2026-01-27 23:12:46,844 - INFO - Removed tier, industry from Spandana Sphoorty Financial Ltd
2026-01-27 23:12:46,846 - INFO - [1749/2119] Processing: Speciality_Restaurants_Ltd_esg.json
2026-01-27 23:12:46,846 - INFO - Removed tier, industry from Speciality Restaurants Ltd
2026-01-27 23:12:46,848 - INFO - [1750/2119] Processing: SPECIALITY_RESTAURANTS_LTD__esg.json
2026-01-27 23:12:46,849 - INFO - Removed tier, industry from SPECIALITY RESTAURANTS LTD.
2026-01-27 23:12:46,850 - INFO - [1751/2119] Processing: SPICEJET_LTD__esg.json
2026-01-27 23:12:46,851 - INFO - Removed tier, industry from SPICEJET LTD.
2026-01-27 23:12:46,852 - INFO - [1752/2119] Processing: Sportking_India_Ltd_esg.json
2026-01-27 23:12:46,853 - INFO - Removed tier, industry from Sportking India Ltd.
2026-01-27 23:12:46,855 - INFO - [1753/2119] Processing: SREE_RAYALASEEMA_HI-STRENGTH_HYPO_LIMITED_esg.json
2026-01-27 23:12:46,855 - INFO - Removed tier, industry from SREE RAYALASEEMA HI-STRENGTH HYPO LIMITED
2026-01-27 23:12:46,857 - INFO - [1754/2119] Processing: Sree_Rayalaseema_Hi-Strength_Hypo_Ltd_esg.json
2026-01-27 23:12:46,857 - INFO - Removed tier, industry from Sree Rayalaseema Hi-Strength Hypo Ltd
2026-01-27 23:12:46,859 - INFO - [1755/2119] Processing: SRF_LTD__esg.json
2026-01-27 23:12:46,859 - INFO - Removed tier, industry from SRF LTD
2026-01-27 23:12:46,861 - INFO - [1756/2119] Processing: SRI_ADHIKARI_BROTHERS_TELEVISION_NETWORK_LIMITED_esg.json
2026-01-27 23:12:46,862 - INFO - Removed tier, industry from SRI ADHIKARI BROTHERS TELEVISION NETWORK LIMITED
2026-01-27 23:12:46,863 - INFO - [1757/2119] Processing: Sri_Adhikari_Brothers_Television_Network_Ltd_esg.json
2026-01-27 23:12:46,864 - INFO - Removed tier, industry from Sri Adhikari Brothers Television Network Ltd
2026-01-27 23:12:46,865 - INFO - [1758/2119] Processing: Standard_Glass_Lining_Technology_Ltd_esg.json
2026-01-27 23:12:46,865 - INFO - Removed tier, industry from Standard Glass Lining Technology Ltd
2026-01-27 23:12:46,867 - INFO - [1759/2119] Processing: STANLEY_LIFESTYLES_LIMITED_esg.json
2026-01-27 23:12:46,867 - INFO - Removed tier, industry from STANLEY LIFESTYLES LIMITED
2026-01-27 23:12:46,869 - INFO - [1760/2119] Processing: Stanley_Lifestyles_Ltd_esg.json
2026-01-27 23:12:46,870 - INFO - Removed tier, industry from Stanley Lifestyles Ltd
2026-01-27 23:12:46,872 - INFO - [1761/2119] Processing: STAR_CEMENT_LIMITED_esg.json
2026-01-27 23:12:46,872 - INFO - Removed tier, industry from STAR CEMENT LIMITED
2026-01-27 23:12:46,874 - INFO - [1762/2119] Processing: Star_Cement_Ltd_esg.json
2026-01-27 23:12:46,874 - INFO - Removed tier, industry from Star Cement Ltd
2026-01-27 23:12:46,875 - INFO - [1763/2119] Processing: STAR_HEALTH_AND_ALLIED_INSURANCE_COMPANY_LIMITED_esg.json
2026-01-27 23:12:46,876 - INFO - Removed tier, industry from STAR HEALTH AND ALLIED INSURANCE COMPANY LIMITED
2026-01-27 23:12:46,878 - INFO - [1764/2119] Processing: Star_Health_and_Allied_Insurance_Company_Ltd_esg.json
2026-01-27 23:12:46,878 - INFO - Removed tier, industry from Star Health and Allied Insurance Company Ltd.
2026-01-27 23:12:46,880 - INFO - [1765/2119] Processing: STATE_BANK_OF_INDIA_esg.json
2026-01-27 23:12:46,880 - INFO - Removed tier, industry from State Bank of India
2026-01-27 23:12:46,882 - INFO - [1766/2119] Processing: Steelcast_Ltd_esg.json
2026-01-27 23:12:46,882 - INFO - Removed tier, industry from Steelcast Ltd
2026-01-27 23:12:46,884 - INFO - [1767/2119] Processing: STEELCAST_LTD__esg.json
2026-01-27 23:12:46,884 - INFO - Removed tier, industry from STEELCAST LTD.
2026-01-27 23:12:46,886 - INFO - [1768/2119] Processing: Steel_Authority_of_India_Ltd_esg.json
2026-01-27 23:12:46,887 - INFO - Removed tier, industry from Steel Authority of India Ltd
2026-01-27 23:12:46,889 - INFO - [1769/2119] Processing: STEEL_AUTHORITY_OF_INDIA_LTD__esg.json
2026-01-27 23:12:46,889 - INFO - Removed tier, industry from STEEL AUTHORITY OF INDIA LTD.
2026-01-27 23:12:46,891 - INFO - [1770/2119] Processing: STEEL_EXCHANGE_INDIA_LIMITED_esg.json
2026-01-27 23:12:46,891 - INFO - Removed tier, industry from STEEL EXCHANGE INDIA LIMITED
2026-01-27 23:12:46,893 - INFO - [1771/2119] Processing: Steel_Exchange_India_Ltd_esg.json
2026-01-27 23:12:46,894 - INFO - Removed tier, industry from Steel Exchange India Ltd
2026-01-27 23:12:46,895 - INFO - [1772/2119] Processing: STEEL_EXCHANGE_INDIA_LTD__esg.json
2026-01-27 23:12:46,896 - INFO - Removed tier, industry from STEEL EXCHANGE INDIA LTD.
2026-01-27 23:12:46,897 - INFO - [1773/2119] Processing: STEEL_STRIPS_WHEELS_LIMITED_esg.json
2026-01-27 23:12:46,898 - INFO - Removed tier, industry from STEEL STRIPS WHEELS LIMITED
2026-01-27 23:12:46,899 - INFO - [1774/2119] Processing: Steel_Strips_Wheels_Ltd-_esg.json
2026-01-27 23:12:46,900 - INFO - Removed tier, industry from Steel Strips Wheels Ltd-
2026-01-27 23:12:46,901 - INFO - [1775/2119] Processing: STEEL_STRIPS_WHEELS_LTD_-_esg.json
2026-01-27 23:12:46,902 - INFO - Removed tier, industry from STEEL STRIPS WHEELS LTD.-
2026-01-27 23:12:46,903 - INFO - [1776/2119] Processing: Sterling_and_Wilson_Renewable_Energy_Ltd_esg.json
2026-01-27 23:12:46,904 - INFO - Removed tier, industry from Sterling and Wilson Renewable Energy Ltd
2026-01-27 23:12:46,905 - INFO - [1777/2119] Processing: STERLING_TOOLS_LIMITED_esg.json
2026-01-27 23:12:46,906 - INFO - Removed tier, industry from STERLING TOOLS LIMITED
2026-01-27 23:12:46,908 - INFO - [1778/2119] Processing: Sterling_Tools_Ltd-_esg.json
2026-01-27 23:12:46,908 - INFO - Removed tier, industry from Sterling Tools Ltd-
2026-01-27 23:12:46,910 - INFO - [1779/2119] Processing: STERLING_TOOLS_LTD_-_esg.json
2026-01-27 23:12:46,910 - INFO - Removed tier, industry from STERLING TOOLS LTD.
2026-01-27 23:12:46,912 - INFO - [1780/2119] Processing: Sterlite_Technologies_Ltd_esg.json
2026-01-27 23:12:46,913 - INFO - Removed tier, industry from Sterlite Technologies Ltd
2026-01-27 23:12:46,914 - INFO - [1781/2119] Processing: STERLITE_TECHNOLOGIES_LTD__esg.json
2026-01-27 23:12:46,915 - INFO - Removed tier, industry from STERLITE TECHNOLOGIES LTD.
2026-01-27 23:12:46,916 - INFO - [1782/2119] Processing: Stovec_Industries_Ltd_esg.json
2026-01-27 23:12:46,917 - INFO - Removed tier, industry from Stovec Industries Ltd.
2026-01-27 23:12:46,918 - INFO - [1783/2119] Processing: STOVEC_INDUSTRIES_LTD__esg.json
2026-01-27 23:12:46,919 - INFO - Removed tier, industry from STOVEC INDUSTRIES LTD.
2026-01-27 23:12:46,920 - INFO - [1784/2119] Processing: STOVE_KRAFT_LIMITED_esg.json
2026-01-27 23:12:46,921 - INFO - Removed tier, industry from STOVE KRAFT LIMITED
2026-01-27 23:12:46,922 - INFO - [1785/2119] Processing: Stove_Kraft_Ltd_esg.json
2026-01-27 23:12:46,923 - INFO - Removed tier, industry from Stove Kraft Ltd
2026-01-27 23:12:46,924 - INFO - [1786/2119] Processing: Strides_Pharma_Science_Ltd_esg.json
2026-01-27 23:12:46,925 - INFO - Removed tier, industry from Strides Pharma Science Ltd
2026-01-27 23:12:46,926 - INFO - [1787/2119] Processing: Stylam_Industries_Limited_esg.json
2026-01-27 23:12:46,927 - INFO - Removed tier, industry from STYLAM INDUSTRIES LIMITED
2026-01-27 23:12:46,929 - INFO - [1788/2119] Processing: Stylam_Industries_Ltd_esg.json
2026-01-27 23:12:46,929 - INFO - Removed tier, industry from Stylam Industries Ltd
2026-01-27 23:12:46,931 - INFO - [1789/2119] Processing: Styrenix_Performance_Materials_Ltd_esg.json
2026-01-27 23:12:46,931 - INFO - Removed tier, industry from Styrenix Performance Materials Ltd
2026-01-27 23:12:46,933 - INFO - [1790/2119] Processing: SUBEX_LIMITED_esg.json
2026-01-27 23:12:46,933 - INFO - Removed tier, industry from SUBEX LIMITED
2026-01-27 23:12:46,935 - INFO - [1791/2119] Processing: Subex_Ltd_esg.json
2026-01-27 23:12:46,935 - INFO - Removed tier, industry from Subex Ltd
2026-01-27 23:12:46,937 - INFO - [1792/2119] Processing: SUBEX_LTD__esg.json
2026-01-27 23:12:46,937 - INFO - Removed tier, industry from SUBEX LTD.
2026-01-27 23:12:46,939 - INFO - [1793/2119] Processing: Subros_Ltd_esg.json
2026-01-27 23:12:46,940 - INFO - Removed tier, industry from Subros Ltd
2026-01-27 23:12:46,942 - INFO - [1794/2119] Processing: SUBROS_LTD__esg.json
2026-01-27 23:12:46,942 - INFO - Removed tier, industry from SUBROS LTD.
2026-01-27 23:12:46,944 - INFO - [1795/2119] Processing: Sudarshan_Chemical_Industries_Ltd_esg.json
2026-01-27 23:12:46,944 - INFO - Removed tier, industry from Sudarshan Chemical Industries Ltd
2026-01-27 23:12:46,946 - INFO - [1796/2119] Processing: SUDARSHAN_CHEMICAL_INDUSTRIES_LTD__esg.json
2026-01-27 23:12:46,947 - INFO - Removed tier, industry from SUDARSHAN CHEMICAL INDUSTRIES LTD.
2026-01-27 23:12:46,948 - INFO - [1797/2119] Processing: Sula_Vineyards_Ltd_esg.json
2026-01-27 23:12:46,949 - INFO - Removed tier, industry from Sula Vineyards Ltd
2026-01-27 23:12:46,950 - INFO - [1798/2119] Processing: Sumitomo_Chemical_India_Ltd_esg.json
2026-01-27 23:12:46,951 - INFO - Removed tier, industry from Sumitomo Chemical India Ltd
2026-01-27 23:12:46,954 - INFO - [1799/2119] Processing: Sundaram-Clayton_Ltd_esg.json
2026-01-27 23:12:46,954 - INFO - Removed tier, industry from Sundaram-Clayton Ltd
2026-01-27 23:12:46,956 - INFO - [1800/2119] Processing: Sundram_Fasteners_Ltd_esg.json
2026-01-27 23:12:46,957 - INFO - Removed tier, industry from Sundram Fasteners Ltd
2026-01-27 23:12:46,958 - INFO - [1801/2119] Processing: SUNDRAM_FASTENERS_LTD__esg.json
2026-01-27 23:12:46,959 - INFO - Removed tier, industry from SUNDRAM FASTENERS LTD.
2026-01-27 23:12:46,961 - INFO - [1802/2119] Processing: Sundrop_Brands_Ltd_esg.json
2026-01-27 23:12:46,961 - INFO - Removed tier, industry from Sundrop Brands Ltd
2026-01-27 23:12:46,963 - INFO - [1803/2119] Processing: SUNFLAG_IRON_AND_STEEL_COMPANY_LIMITED_esg.json
2026-01-27 23:12:46,963 - INFO - Removed tier, industry from SUNFLAG IRON AND STEEL COMPANY LIMITED
2026-01-27 23:12:46,965 - INFO - [1804/2119] Processing: SUNFLAG_IRON___STEEL_CO_LTD__esg.json
2026-01-27 23:12:46,966 - INFO - Removed tier, industry from SUNFLAG IRON & STEEL CO. LTD.
2026-01-27 23:12:46,967 - INFO - [1805/2119] Processing: SUNTECK_REALTY_LIMITED_esg.json
2026-01-27 23:12:46,968 - INFO - Removed tier, industry from SUNTECK REALTY LIMITED
2026-01-27 23:12:46,970 - INFO - [1806/2119] Processing: Sunteck_Realty_Ltd_esg.json
2026-01-27 23:12:46,970 - INFO - Removed tier, industry from Sunteck Realty Ltd.
2026-01-27 23:12:46,972 - INFO - [1807/2119] Processing: SUNTECK_REALTY_LTD__esg.json
2026-01-27 23:12:46,972 - INFO - Removed tier, industry from SUNTECK REALTY LTD.
2026-01-27 23:12:46,974 - INFO - [1808/2119] Processing: Sun_Pharmaceutical_Industries_Ltd_esg.json
2026-01-27 23:12:46,975 - INFO - Removed tier, industry from Sun Pharmaceutical Industries Ltd
2026-01-27 23:12:46,977 - INFO - [1809/2119] Processing: SUN_PHARMACEUTICAL_INDUSTRIES_LTD__esg.json
2026-01-27 23:12:46,977 - INFO - Removed tier, industry from SUN PHARMACEUTICAL INDUSTRIES LTD.
2026-01-27 23:12:46,981 - INFO - [1810/2119] Processing: Sun_Pharma_Advanced_Research_Company_Ltd_esg.json
2026-01-27 23:12:46,982 - INFO - Removed tier, industry from Sun Pharma Advanced Research Company Ltd.
2026-01-27 23:12:46,985 - INFO - [1811/2119] Processing: SUN_PHARMA_ADVANCED_RESEARCH_COMPANY_LTD__esg.json
2026-01-27 23:12:46,986 - INFO - Removed tier, industry from SUN PHARMA ADVANCED RESEARCH COMPANY LTD.
2026-01-27 23:12:46,990 - INFO - [1812/2119] Processing: SUN_TV_NETWORK_LIMITED_esg.json
2026-01-27 23:12:46,991 - INFO - Removed tier, industry from SUN TV NETWORK LIMITED
2026-01-27 23:12:46,995 - INFO - [1813/2119] Processing: Sun_TV_Network_Ltd_esg.json
2026-01-27 23:12:46,996 - INFO - Removed tier, industry from Sun TV Network Ltd
2026-01-27 23:12:47,000 - INFO - [1814/2119] Processing: SUPRAJIT_ENGINEERING_LTD_-_esg.json
2026-01-27 23:12:47,000 - INFO - Removed tier, industry from SUPRAJIT ENGINEERING LTD.-
2026-01-27 23:12:47,003 - INFO - [1815/2119] Processing: Supreme_Industries_Ltd_esg.json
2026-01-27 23:12:47,004 - INFO - Removed tier, industry from Supreme Industries Ltd
2026-01-27 23:12:47,007 - INFO - [1816/2119] Processing: SUPREME_INDUSTRIES_LTD__esg.json
2026-01-27 23:12:47,008 - INFO - Removed tier, industry from SUPREME INDUSTRIES LTD.
2026-01-27 23:12:47,012 - INFO - [1817/2119] Processing: Supreme_Petrochem_Ltd_esg.json
2026-01-27 23:12:47,013 - INFO - Removed tier, industry from Supreme Petrochem Ltd
2026-01-27 23:12:47,016 - INFO - [1818/2119] Processing: SUPREME_PETROCHEM_LTD__esg.json
2026-01-27 23:12:47,016 - INFO - Removed tier, industry from SUPREME PETROCHEM LTD
2026-01-27 23:12:47,019 - INFO - [1819/2119] Processing: SUPRIYA_LIFESCIENCE_LIMITED_esg.json
2026-01-27 23:12:47,019 - INFO - Removed tier, industry from SUPRIYA LIFESCIENCE LIMITED
2026-01-27 23:12:47,022 - INFO - [1820/2119] Processing: Supriya_Lifescience_Ltd_esg.json
2026-01-27 23:12:47,022 - INFO - Removed tier, industry from Supriya Lifescience Ltd.
2026-01-27 23:12:47,024 - INFO - [1821/2119] Processing: Surya_Roshni_Ltd_esg.json
2026-01-27 23:12:47,025 - INFO - Removed tier, industry from Surya Roshni Ltd
2026-01-27 23:12:47,027 - INFO - [1822/2119] Processing: SURYA_ROSHNI_LTD__esg.json
2026-01-27 23:12:47,028 - INFO - Removed tier, industry from SURYA ROSHNI LIMITED
2026-01-27 23:12:47,030 - INFO - [1823/2119] Processing: Suryoday_Small_Finance_Bank_Ltd_esg.json
2026-01-27 23:12:47,030 - INFO - Removed tier, industry from Suryoday Small Finance Bank Ltd
2026-01-27 23:12:47,032 - INFO - [1824/2119] Processing: Sutlej_Textiles_and_Industries_Ltd_esg.json
2026-01-27 23:12:47,033 - INFO - Removed tier, industry from Sutlej Textiles and Industries Ltd
2026-01-27 23:12:47,035 - INFO - [1825/2119] Processing: SUTLEJ_TEXTILES___INDUSTRIES_LTD__esg.json
2026-01-27 23:12:47,035 - INFO - Removed tier, industry from SUTLEJ TEXTILES AND INDUSTRIES LIMITED
2026-01-27 23:12:47,037 - INFO - [1826/2119] Processing: Suven_Life_Sciences_Ltd_esg.json
2026-01-27 23:12:47,037 - INFO - Removed tier, industry from Suven Life Sciences Ltd
2026-01-27 23:12:47,039 - INFO - [1827/2119] Processing: SUVEN_LIFE_SCIENCES_LTD__esg.json
2026-01-27 23:12:47,040 - INFO - Removed tier, industry from SUVEN LIFE SCIENCES LTD.
2026-01-27 23:12:47,041 - INFO - [1828/2119] Processing: Suven_Pharmaceuticals_Ltd_esg.json
2026-01-27 23:12:47,042 - INFO - Removed tier, industry from Suven Pharmaceuticals Ltd
2026-01-27 23:12:47,043 - INFO - [1829/2119] Processing: Suzlon_Energy_Ltd_esg.json
2026-01-27 23:12:47,044 - INFO - Removed tier, industry from Suzlon Energy Ltd
2026-01-27 23:12:47,046 - INFO - [1830/2119] Processing: SUZLON_ENERGY_LTD__esg.json
2026-01-27 23:12:47,046 - INFO - Removed tier, industry from SUZLON ENERGY LTD.
2026-01-27 23:12:47,048 - INFO - [1831/2119] Processing: SWAN_CORP_LIMITED_esg.json
2026-01-27 23:12:47,049 - INFO - Removed tier, industry from SWAN CORP LIMITED
2026-01-27 23:12:47,050 - INFO - [1832/2119] Processing: Swan_Corp_Ltd_esg.json
2026-01-27 23:12:47,051 - INFO - Removed tier, industry from Swan Corp Ltd
2026-01-27 23:12:47,053 - INFO - [1833/2119] Processing: SWAN_ENERGY_LTD__esg.json
2026-01-27 23:12:47,053 - INFO - Removed tier, industry from SWAN ENERGY LTD.
2026-01-27 23:12:47,055 - INFO - [1834/2119] Processing: Swaraj_Engines_Ltd_esg.json
2026-01-27 23:12:47,055 - INFO - Removed tier, industry from Swaraj Engines Ltd
2026-01-27 23:12:47,057 - INFO - [1835/2119] Processing: SWARAJ_ENGINES_LTD__esg.json
2026-01-27 23:12:47,057 - INFO - Removed tier, industry from SWARAJ ENGINES LTD.
2026-01-27 23:12:47,059 - INFO - [1836/2119] Processing: Swiggy_Ltd_esg.json
2026-01-27 23:12:47,059 - INFO - Removed tier, industry from Swiggy Ltd
2026-01-27 23:12:47,061 - INFO - [1837/2119] Processing: Symphony_Limited_esg.json
2026-01-27 23:12:47,062 - INFO - Removed tier, industry from Symphony Limited
2026-01-27 23:12:47,064 - INFO - [1838/2119] Processing: Symphony_Ltd_esg.json
2026-01-27 23:12:47,064 - INFO - Removed tier, industry from Symphony Ltd
2026-01-27 23:12:47,066 - INFO - [1839/2119] Processing: Syncom_Formulations_India_Ltd-_esg.json
2026-01-27 23:12:47,066 - INFO - Removed tier, industry from Syncom Formulations India Ltd-
2026-01-27 23:12:47,068 - INFO - [1840/2119] Processing: SYNCOM_FORMULATIONS__INDIA__LIMITED_esg.json
2026-01-27 23:12:47,068 - INFO - Removed tier, industry from SYNCOM FORMULATIONS (INDIA) LIMITED
2026-01-27 23:12:47,070 - INFO - [1841/2119] Processing: SYNCOM_FORMULATIONS__INDIA__LTD_-_esg.json
2026-01-27 23:12:47,070 - INFO - Removed tier, industry from Syncom Formulations (India) Limited
2026-01-27 23:12:47,072 - INFO - [1842/2119] Processing: Syngene_International_Ltd_esg.json
2026-01-27 23:12:47,072 - INFO - Removed tier, industry from Syngene International Ltd
2026-01-27 23:12:47,074 - INFO - [1843/2119] Processing: SYRMA_SGS_TECHNOLOGY_LIMITED_esg.json
2026-01-27 23:12:47,074 - INFO - Removed tier, industry from SYRMA SGS TECHNOLOGY LIMITED
2026-01-27 23:12:47,076 - INFO - [1844/2119] Processing: Syrma_SGS_Technology_Ltd_esg.json
2026-01-27 23:12:47,077 - INFO - Removed tier, industry from Syrma SGS Technology Ltd
2026-01-27 23:12:47,079 - INFO - [1845/2119] Processing: S_H_Kelkar_and_Company_Ltd_esg.json
2026-01-27 23:12:47,079 - INFO - Removed tier, industry from S H Kelkar and Company Ltd
2026-01-27 23:12:47,081 - INFO - [1846/2119] Processing: S_J_S__Enterprises_Ltd_esg.json
2026-01-27 23:12:47,081 - INFO - Removed tier, industry from S.J.S. Enterprises Ltd
2026-01-27 23:12:47,083 - INFO - [1847/2119] Processing: S_P__Apparels_Ltd_esg.json
2026-01-27 23:12:47,083 - INFO - Removed tier, industry from S.P. Apparels Ltd.
2026-01-27 23:12:47,085 - INFO - [1848/2119] Processing: TAJGVK_HOTELS___RESORTS_LTD__esg.json
2026-01-27 23:12:47,085 - INFO - Removed tier, industry from TAJGVK HOTELS & RESORTS LTD.
2026-01-27 23:12:47,087 - INFO - [1849/2119] Processing: TAJ_GVK_HOTELS___RESORTS_LIMITED_esg.json
2026-01-27 23:12:47,087 - INFO - Removed tier, industry from TAJ GVK HOTELS & RESORTS LIMITED
2026-01-27 23:12:47,089 - INFO - [1850/2119] Processing: Taj_Gvk_Hotels___Resorts_Ltd_esg.json
2026-01-27 23:12:47,089 - INFO - Removed tier, industry from Taj Gvk Hotels & Resorts Ltd
2026-01-27 23:12:47,091 - INFO - [1851/2119] Processing: Tamilnadu_Petroproducts_Ltd_esg.json
2026-01-27 23:12:47,091 - INFO - Removed tier, industry from Tamilnadu Petroproducts Ltd
2026-01-27 23:12:47,093 - INFO - [1852/2119] Processing: TAMILNADU_PETROPRODUCTS_LTD__esg.json
2026-01-27 23:12:47,094 - INFO - Removed tier, industry from TAMILNADU PETROPRODUCTS LTD.
2026-01-27 23:12:47,095 - INFO - [1853/2119] Processing: Tamilnad_Mercantile_Bank_Ltd_esg.json
2026-01-27 23:12:47,096 - INFO - Removed tier, industry from Tamilnad Mercantile Bank Ltd
2026-01-27 23:12:47,097 - INFO - [1854/2119] Processing: Tamil_Nadu_Newsprint___Papers_Ltd_esg.json
2026-01-27 23:12:47,098 - INFO - Removed tier, industry from Tamil Nadu Newsprint & Papers Ltd
2026-01-27 23:12:47,099 - INFO - [1855/2119] Processing: TAMIL_NADU_NEWSPRINT___PAPERS_LTD__esg.json
2026-01-27 23:12:47,100 - INFO - Removed tier, industry from TAMIL NADU NEWSPRINT & PAPERS LTD.
2026-01-27 23:12:47,101 - INFO - [1856/2119] Processing: TANFAC_Industries_Ltd-_esg.json
2026-01-27 23:12:47,102 - INFO - Removed tier, industry from TANFAC Industries Ltd-
2026-01-27 23:12:47,104 - INFO - [1857/2119] Processing: TANFAC_INDUSTRIES_LTD_-_esg.json
2026-01-27 23:12:47,104 - INFO - Removed tier, industry from TANFAC INDUSTRIES LTD.-
2026-01-27 23:12:47,106 - INFO - [1858/2119] Processing: Tanla_Platforms_Ltd_esg.json
2026-01-27 23:12:47,106 - INFO - Removed tier, industry from Tanla Platforms Ltd
2026-01-27 23:12:47,108 - INFO - [1859/2119] Processing: TARC_LIMITED_esg.json
2026-01-27 23:12:47,108 - INFO - Removed tier, industry from TARC LIMITED
2026-01-27 23:12:47,110 - INFO - [1860/2119] Processing: Tarc_Ltd_esg.json
2026-01-27 23:12:47,110 - INFO - Removed tier, industry from Tarc Ltd
2026-01-27 23:12:47,112 - INFO - [1861/2119] Processing: TARSONS_PRODUCTS_LIMITED_esg.json
2026-01-27 23:12:47,113 - INFO - Removed tier, industry from TARSONS PRODUCTS LIMITED
2026-01-27 23:12:47,114 - INFO - [1862/2119] Processing: Tarsons_Products_Ltd_esg.json
2026-01-27 23:12:47,115 - INFO - Removed tier, industry from Tarsons Products Ltd
2026-01-27 23:12:47,116 - INFO - [1863/2119] Processing: TASTY_BITE_EATABLES_LTD__esg.json
2026-01-27 23:12:47,116 - INFO - Removed tier, industry from TASTY BITE EATABLES LTD.
2026-01-27 23:12:47,118 - INFO - [1864/2119] Processing: Tata_Chemicals_Ltd_esg.json
2026-01-27 23:12:47,118 - INFO - Removed tier, industry from Tata Chemicals Ltd
2026-01-27 23:12:47,120 - INFO - [1865/2119] Processing: TATA_CHEMICALS_LTD__esg.json
2026-01-27 23:12:47,121 - INFO - Removed tier, industry from TATA CHEMICALS LTD.
2026-01-27 23:12:47,122 - INFO - [1866/2119] Processing: Tata_Communications_Ltd_esg.json
2026-01-27 23:12:47,123 - INFO - Removed tier, industry from Tata Communications Ltd
2026-01-27 23:12:47,124 - INFO - [1867/2119] Processing: TATA_COMMUNICATIONS_LTD__esg.json
2026-01-27 23:12:47,125 - INFO - Removed tier, industry from TATA COMMUNICATIONS LTD.
2026-01-27 23:12:47,126 - INFO - [1868/2119] Processing: Tata_Consultancy_Services_Ltd_esg.json
2026-01-27 23:12:47,127 - INFO - Removed tier, industry from Tata Consultancy Services Ltd
2026-01-27 23:12:47,128 - INFO - [1869/2119] Processing: Tata_Consumer_Products_Ltd_esg.json
2026-01-27 23:12:47,129 - INFO - Removed tier, industry from Tata Consumer Products Ltd
2026-01-27 23:12:47,131 - INFO - [1870/2119] Processing: Tata_Elxsi_Ltd_esg.json
2026-01-27 23:12:47,131 - INFO - Removed tier, industry from Tata Elxsi Ltd
2026-01-27 23:12:47,132 - INFO - [1871/2119] Processing: TATA_ELXSI_LTD__esg.json
2026-01-27 23:12:47,133 - INFO - Removed tier, industry from TATA ELXSI LTD.
2026-01-27 23:12:47,135 - INFO - [1872/2119] Processing: Tata_Investment_Corporation_Ltd_esg.json
2026-01-27 23:12:47,135 - INFO - Removed tier, industry from Tata Investment Corporation Ltd
2026-01-27 23:12:47,137 - INFO - [1873/2119] Processing: TATA_INVESTMENT_CORPORATION_LTD__esg.json
2026-01-27 23:12:47,138 - INFO - Removed tier, industry from TATA INVESTMENT CORPORATION LTD.
2026-01-27 23:12:47,139 - INFO - [1874/2119] Processing: Tata_Motors_Ltd_esg.json
2026-01-27 23:12:47,140 - INFO - Removed tier, industry from Tata Motors Ltd
2026-01-27 23:12:47,142 - INFO - [1875/2119] Processing: TATA_MOTORS_LTD__esg.json
2026-01-27 23:12:47,142 - INFO - Removed tier, industry from TATA MOTORS LTD.
2026-01-27 23:12:47,144 - INFO - [1876/2119] Processing: Tata_Power_Company_Ltd_esg.json
2026-01-27 23:12:47,144 - INFO - Removed tier, industry from The Tata Power Company Limited
2026-01-27 23:12:47,146 - INFO - [1877/2119] Processing: TATA_POWER_CO_LTD__esg.json
2026-01-27 23:12:47,147 - INFO - Removed tier, industry from TATA POWER CO.LTD.
2026-01-27 23:12:47,148 - INFO - [1878/2119] Processing: Tata_Steel_Ltd_esg.json
2026-01-27 23:12:47,149 - INFO - Removed tier, industry from Tata Steel Ltd
2026-01-27 23:12:47,150 - INFO - [1879/2119] Processing: TATA_STEEL_LTD__esg.json
2026-01-27 23:12:47,151 - INFO - Removed tier, industry from TATA STEEL LTD.
2026-01-27 23:12:47,153 - INFO - [1880/2119] Processing: Tata_Technologies_Ltd_esg.json
2026-01-27 23:12:47,153 - INFO - Removed tier, industry from Tata Technologies Ltd
2026-01-27 23:12:47,155 - INFO - [1881/2119] Processing: Tata_Teleservices__Maharashtra__Ltd_esg.json
2026-01-27 23:12:47,155 - INFO - Removed tier, industry from Tata Teleservices (Maharashtra) Ltd
2026-01-27 23:12:47,157 - INFO - [1882/2119] Processing: TATA_TELESERVICES__MAHARASHTRA__LTD__esg.json
2026-01-27 23:12:47,157 - INFO - Removed tier, industry from TATA TELESERVICES (MAHARASHTRA) LTD.
2026-01-27 23:12:47,159 - INFO - [1883/2119] Processing: Tatva_Chintan_Pharma_Chem_Ltd_esg.json
2026-01-27 23:12:47,159 - INFO - Removed tier, industry from Tatva Chintan Pharma Chem Ltd
2026-01-27 23:12:47,161 - INFO - [1884/2119] Processing: TBO_TEK_Ltd_esg.json
2026-01-27 23:12:47,162 - INFO - Removed tier, industry from TBO TEK Ltd
2026-01-27 23:12:47,163 - INFO - [1885/2119] Processing: TCI_Express_Ltd_esg.json
2026-01-27 23:12:47,164 - INFO - Removed tier, industry from TCI Express Ltd
2026-01-27 23:12:47,165 - INFO - [1886/2119] Processing: TCPL_Packaging_Ltd-_esg.json
2026-01-27 23:12:47,166 - INFO - Removed tier, industry from TCPL Packaging Ltd-
2026-01-27 23:12:47,167 - INFO - [1887/2119] Processing: TCPL_PACKAGING_LTD_-_esg.json
2026-01-27 23:12:47,168 - INFO - Removed tier, industry from TCPL PACKAGING LTD.-
2026-01-27 23:12:47,169 - INFO - [1888/2119] Processing: TD_Power_Systems_Ltd_esg.json
2026-01-27 23:12:47,170 - INFO - Removed tier, industry from TD Power Systems Ltd
2026-01-27 23:12:47,172 - INFO - [1889/2119] Processing: TeamLease_Services_Ltd_esg.json
2026-01-27 23:12:47,172 - INFO - Removed tier, industry from TeamLease Services Ltd
2026-01-27 23:12:47,174 - INFO - [1890/2119] Processing: TECHNOCRAFT_INDUSTRIES__INDIA__LIMITED_esg.json
2026-01-27 23:12:47,174 - INFO - Removed tier, industry from TECHNOCRAFT INDUSTRIES (INDIA) LIMITED
2026-01-27 23:12:47,176 - INFO - [1891/2119] Processing: Technocraft_Industries__India__Ltd_esg.json
2026-01-27 23:12:47,176 - INFO - Removed tier, industry from Technocraft Industries (India) Limited
2026-01-27 23:12:47,178 - INFO - [1892/2119] Processing: TECHNOCRAFT_INDUSTRIES__INDIA__LTD__esg.json
2026-01-27 23:12:47,179 - INFO - Removed tier, industry from TECHNOCRAFT INDUSTRIES (INDIA) LTD.
2026-01-27 23:12:47,180 - INFO - [1893/2119] Processing: TECHNO_ELECTRIC___ENGINEERING_COMPANY_LIMITED_esg.json
2026-01-27 23:12:47,181 - INFO - Removed tier, industry from TECHNO ELECTRIC & ENGINEERING COMPANY LIMITED
2026-01-27 23:12:47,182 - INFO - [1894/2119] Processing: Techno_Electric___Engineering_Company_Ltd_esg.json
2026-01-27 23:12:47,183 - INFO - Removed tier, industry from Techno Electric & Engineering Company Ltd
2026-01-27 23:12:47,184 - INFO - [1895/2119] Processing: TECH_MAHINDRA_LTD__esg.json
2026-01-27 23:12:47,185 - INFO - Removed tier, industry from TECH MAHINDRA LTD.
2026-01-27 23:12:47,187 - INFO - [1896/2119] Processing: Tega_Industries_Ltd_esg.json
2026-01-27 23:12:47,187 - INFO - Removed tier, industry from Tega Industries Ltd
2026-01-27 23:12:47,189 - INFO - [1897/2119] Processing: TEXMACO_RAIL___ENGINEERING_LIMITED_esg.json
2026-01-27 23:12:47,190 - INFO - Removed tier, industry from TEXMACO RAIL & ENGINEERING LIMITED
2026-01-27 23:12:47,191 - INFO - [1898/2119] Processing: Texmaco_Rail___Engineering_Ltd_esg.json
2026-01-27 23:12:47,192 - INFO - Removed tier, industry from Texmaco Rail & Engineering Ltd.
2026-01-27 23:12:47,194 - INFO - [1899/2119] Processing: TEXMACO_RAIL___ENGINEERING_LTD__esg.json
2026-01-27 23:12:47,194 - INFO - Removed tier, industry from TEXMACO RAIL & ENGINEERING LTD.
2026-01-27 23:12:47,196 - INFO - [1900/2119] Processing: TGV_Sraac_Ltd_esg.json
2026-01-27 23:12:47,196 - INFO - Removed tier, industry from TGV Sraac Ltd
2026-01-27 23:12:47,198 - INFO - [1901/2119] Processing: Thangamayil_Jewellery_Ltd_esg.json
2026-01-27 23:12:47,198 - INFO - Removed tier, industry from Thangamayil Jewellery Ltd
2026-01-27 23:12:47,200 - INFO - [1902/2119] Processing: Themis_Medicare_Ltd_esg.json
2026-01-27 23:12:47,200 - INFO - Removed tier, industry from Themis Medicare Ltd
2026-01-27 23:12:47,202 - INFO - [1903/2119] Processing: THEMIS_MEDICARE_LTD__esg.json
2026-01-27 23:12:47,203 - INFO - Removed tier, industry from THEMIS MEDICARE LTD.
2026-01-27 23:12:47,205 - INFO - [1904/2119] Processing: Thermax_Ltd_esg.json
2026-01-27 23:12:47,205 - INFO - Removed tier, industry from Thermax Limited
2026-01-27 23:12:47,207 - INFO - [1905/2119] Processing: THERMAX_LTD__esg.json
2026-01-27 23:12:47,207 - INFO - Removed tier, industry from THERMAX LTD.
2026-01-27 23:12:47,208 - INFO - [1906/2119] Processing: THE_ANDHRA_SUGARS_LIMITED_esg.json
2026-01-27 23:12:47,209 - INFO - Removed tier, industry from THE ANDHRA SUGARS LIMITED
2026-01-27 23:12:47,211 - INFO - [1907/2119] Processing: The_Anup_Engineering_Ltd_esg.json
2026-01-27 23:12:47,211 - INFO - Removed tier, industry from The Anup Engineering Ltd
2026-01-27 23:12:47,213 - INFO - [1908/2119] Processing: THE_KARNATAKA_BANK_LIMITED_esg.json
2026-01-27 23:12:47,213 - INFO - Removed tier, industry from THE KARNATAKA BANK LIMITED
2026-01-27 23:12:47,215 - INFO - [1909/2119] Processing: THE_NEW_INDIA_ASSURANCE_COMPANY_LIMITED_esg.json
2026-01-27 23:12:47,215 - INFO - Removed tier, industry from THE NEW INDIA ASSURANCE COMPANY LIMITED
2026-01-27 23:12:47,217 - INFO - [1910/2119] Processing: THE_PHOENIX_MILLS_LIMITED_esg.json
2026-01-27 23:12:47,218 - INFO - Removed tier, industry from THE PHOENIX MILLS LIMITED
2026-01-27 23:12:47,220 - INFO - [1911/2119] Processing: The_Phoenix_Mills_Ltd_esg.json
2026-01-27 23:12:47,221 - INFO - Removed tier, industry from The Phoenix Mills Ltd
2026-01-27 23:12:47,223 - INFO - [1912/2119] Processing: The_Ramco_Cements_Limited_esg.json
2026-01-27 23:12:47,224 - INFO - Removed tier, industry from The Ramco Cements Limited
2026-01-27 23:12:47,226 - INFO - [1913/2119] Processing: The_Ramco_Cements_Ltd_esg.json
2026-01-27 23:12:47,227 - INFO - Removed tier, industry from The Ramco Cements Ltd
2026-01-27 23:12:47,229 - INFO - [1914/2119] Processing: Thirumalai_Chemicals_Ltd_esg.json
2026-01-27 23:12:47,230 - INFO - Removed tier, industry from Thirumalai Chemicals Ltd
2026-01-27 23:12:47,232 - INFO - [1915/2119] Processing: THIRUMALAI_CHEMICALS_LTD__esg.json
2026-01-27 23:12:47,233 - INFO - Removed tier, industry from THIRUMALAI CHEMICALS LTD.
2026-01-27 23:12:47,235 - INFO - [1916/2119] Processing: Thomas_Cook__India__Ltd_esg.json
2026-01-27 23:12:47,236 - INFO - Removed tier, industry from Thomas Cook (India) Ltd
2026-01-27 23:12:47,238 - INFO - [1917/2119] Processing: THOMAS_COOK__INDIA__LTD__esg.json
2026-01-27 23:12:47,238 - INFO - Removed tier, industry from THOMAS COOK (INDIA) LTD.
2026-01-27 23:12:47,240 - INFO - [1918/2119] Processing: Thyrocare_Technologies_Ltd_esg.json
2026-01-27 23:12:47,241 - INFO - Removed tier, industry from Thyrocare Technologies Ltd
2026-01-27 23:12:47,243 - INFO - [1919/2119] Processing: TIDE_WATER_OIL__INDIA__LTD__esg.json
2026-01-27 23:12:47,243 - INFO - Removed tier, industry from TIDE WATER OIL CO. (INDIA) LTD.
2026-01-27 23:12:47,245 - INFO - [1920/2119] Processing: TILAKNAGAR_INDUSTRIES_LIMITED_esg.json
2026-01-27 23:12:47,246 - INFO - Removed tier, industry from TILAKNAGAR INDUSTRIES LIMITED
2026-01-27 23:12:47,248 - INFO - [1921/2119] Processing: Tilaknagar_Industries_Ltd-_esg.json
2026-01-27 23:12:47,248 - INFO - Removed tier, industry from Tilaknagar Industries Ltd.
2026-01-27 23:12:47,250 - INFO - [1922/2119] Processing: TILAKNAGAR_INDUSTRIES_LTD_-_esg.json
2026-01-27 23:12:47,250 - INFO - Removed tier, industry from TILAKNAGAR INDUSTRIES LTD.-
2026-01-27 23:12:47,252 - INFO - [1923/2119] Processing: Timex_Group_India_Ltd-_esg.json
2026-01-27 23:12:47,253 - INFO - Removed tier, industry from Timex Group India Ltd-
2026-01-27 23:12:47,255 - INFO - [1924/2119] Processing: TIMEX_GROUP_INDIA_LTD_-_esg.json
2026-01-27 23:12:47,256 - INFO - Removed tier, industry from TIMEX GROUP INDIA LTD.-
2026-01-27 23:12:47,257 - INFO - [1925/2119] Processing: Time_Technoplast_Ltd_esg.json
2026-01-27 23:12:47,258 - INFO - Removed tier, industry from Time Technoplast Ltd
2026-01-27 23:12:47,260 - INFO - [1926/2119] Processing: TIME_TECHNOPLAST_LTD__esg.json
2026-01-27 23:12:47,261 - INFO - Removed tier, industry from TIME TECHNOPLAST LTD.
2026-01-27 23:12:47,262 - INFO - [1927/2119] Processing: Timken_India_Ltd_esg.json
2026-01-27 23:12:47,263 - INFO - Removed tier, industry from Timken India Limited
2026-01-27 23:12:47,265 - INFO - [1928/2119] Processing: TIMKEN_INDIA_LTD__esg.json
2026-01-27 23:12:47,265 - INFO - Removed tier, industry from Timken India Limited
2026-01-27 23:12:47,266 - INFO - [1929/2119] Processing: TIPS_INDUSTRIES_LTD__esg.json
2026-01-27 23:12:47,267 - INFO - Removed tier, industry from TIPS INDUSTRIES LTD.
2026-01-27 23:12:47,268 - INFO - [1930/2119] Processing: Tips_Music_Ltd_esg.json
2026-01-27 23:12:47,269 - INFO - Removed tier, industry from Tips Music Ltd
2026-01-27 23:12:47,271 - INFO - [1931/2119] Processing: Titagarh_Rail_Systems_Ltd_esg.json
2026-01-27 23:12:47,271 - INFO - Removed tier, industry from Titagarh Rail Systems Ltd
2026-01-27 23:12:47,273 - INFO - [1932/2119] Processing: Titan_Company_Limited_esg.json
2026-01-27 23:12:47,273 - INFO - Removed tier, industry from Titan Company Limited
2026-01-27 23:12:47,275 - INFO - [1933/2119] Processing: Titan_Company_Ltd_esg.json
2026-01-27 23:12:47,275 - INFO - Removed tier, industry from Titan Company Ltd
2026-01-27 23:12:47,277 - INFO - [1934/2119] Processing: Torrent_Pharmaceuticals_Ltd_esg.json
2026-01-27 23:12:47,277 - INFO - Removed tier, industry from Torrent Pharmaceuticals Ltd
2026-01-27 23:12:47,279 - INFO - [1935/2119] Processing: Torrent_Power_Ltd_esg.json
2026-01-27 23:12:47,280 - INFO - Removed tier, industry from Torrent Power Ltd
2026-01-27 23:12:47,282 - INFO - [1936/2119] Processing: TORRENT_POWER_LTD__esg.json
2026-01-27 23:12:47,282 - INFO - Removed tier, industry from TORRENT POWER LTD.
2026-01-27 23:12:47,284 - INFO - [1937/2119] Processing: Transformers_and_Rectifiers__India__Ltd_esg.json
2026-01-27 23:12:47,284 - INFO - Removed tier, industry from Transformers and Rectifiers (India) Ltd
2026-01-27 23:12:47,286 - INFO - [1938/2119] Processing: TRANSFORMERS_AND_RECTIFIERS__INDIA__LTD__esg.json
2026-01-27 23:12:47,287 - INFO - Removed tier, industry from TRANSFORMERS AND RECTIFIERS (INDIA) LTD.
2026-01-27 23:12:47,289 - INFO - [1939/2119] Processing: TRANSPEK_INDUSTRY_LTD_-_esg.json
2026-01-27 23:12:47,289 - INFO - Removed tier, industry from TRANSPEK INDUSTRY LTD.-
2026-01-27 23:12:47,291 - INFO - [1940/2119] Processing: Transport_Corporation_of_India_Ltd_esg.json
2026-01-27 23:12:47,291 - INFO - Removed tier, industry from Transport Corporation of India Ltd
2026-01-27 23:12:47,293 - INFO - [1941/2119] Processing: TRANSPORT_CORPORATION_OF_INDIA_LTD__esg.json
2026-01-27 23:12:47,294 - INFO - Removed tier, industry from TRANSPORT CORPORATION OF INDIA LTD.
2026-01-27 23:12:47,296 - INFO - [1942/2119] Processing: Transworld_Shipping_Lines_Ltd_esg.json
2026-01-27 23:12:47,296 - INFO - Removed tier, industry from Transworld Shipping Lines Ltd
2026-01-27 23:12:47,298 - INFO - [1943/2119] Processing: Trent_Ltd_esg.json
2026-01-27 23:12:47,298 - INFO - Removed tier, industry from Trent Ltd
2026-01-27 23:12:47,300 - INFO - [1944/2119] Processing: Trident_Ltd_esg.json
2026-01-27 23:12:47,301 - INFO - Removed tier, industry from Trident Ltd
2026-01-27 23:12:47,303 - INFO - [1945/2119] Processing: TRIDENT_LTD__esg.json
2026-01-27 23:12:47,303 - INFO - Removed tier, industry from TRIDENT LTD.
2026-01-27 23:12:47,305 - INFO - [1946/2119] Processing: Triveni_Engineering___Industries_Ltd_esg.json
2026-01-27 23:12:47,305 - INFO - Removed tier, industry from Triveni Engineering & Industries Ltd.
2026-01-27 23:12:47,307 - INFO - [1947/2119] Processing: Triveni_Turbine_Ltd_esg.json
2026-01-27 23:12:47,307 - INFO - Removed tier, industry from Triveni Turbine Ltd
2026-01-27 23:12:47,309 - INFO - [1948/2119] Processing: TTK_Healthcare_Ltd-_esg.json
2026-01-27 23:12:47,310 - INFO - Removed tier, industry from TTK Healthcare Ltd-
2026-01-27 23:12:47,312 - INFO - [1949/2119] Processing: TTK_HEALTHCARE_LTD_-_esg.json
2026-01-27 23:12:47,312 - INFO - Removed tier, industry from TTK Healthcare Limited
2026-01-27 23:12:47,314 - INFO - [1950/2119] Processing: TTK_Prestige_Ltd_esg.json
2026-01-27 23:12:47,315 - INFO - Removed tier, industry from TTK Prestige Ltd
2026-01-27 23:12:47,316 - INFO - [1951/2119] Processing: TTK_PRESTIGE_LTD__esg.json
2026-01-27 23:12:47,317 - INFO - Removed tier, industry from TTK PRESTIGE LTD.
2026-01-27 23:12:47,319 - INFO - [1952/2119] Processing: Tube_Investments_of_India_Ltd_esg.json
2026-01-27 23:12:47,319 - INFO - Removed tier, industry from Tube Investments of India Ltd
2026-01-27 23:12:47,321 - INFO - [1953/2119] Processing: TVS_Holdings_Ltd_esg.json
2026-01-27 23:12:47,321 - INFO - Removed tier, industry from TVS Holdings Ltd
2026-01-27 23:12:47,323 - INFO - [1954/2119] Processing: TVS_Motor_Company_Ltd_esg.json
2026-01-27 23:12:47,323 - INFO - Removed tier, industry from TVS Motor Company Ltd
2026-01-27 23:12:47,325 - INFO - [1955/2119] Processing: TVS_MOTOR_COMPANY_LTD__esg.json
2026-01-27 23:12:47,325 - INFO - Removed tier, industry from TVS MOTOR COMPANY LTD.
2026-01-27 23:12:47,327 - INFO - [1956/2119] Processing: TVS_Srichakra_Ltd-_esg.json
2026-01-27 23:12:47,328 - INFO - Removed tier, industry from TVS Srichakra Ltd-
2026-01-27 23:12:47,330 - INFO - [1957/2119] Processing: TVS_SRICHAKRA_LTD_-_esg.json
2026-01-27 23:12:47,330 - INFO - Removed tier, industry from TVS SRICHAKRA LTD.-
2026-01-27 23:12:47,332 - INFO - [1958/2119] Processing: TVS_Supply_Chain_Solutions_Ltd_esg.json
2026-01-27 23:12:47,332 - INFO - Removed tier, industry from TVS Supply Chain Solutions Ltd
2026-01-27 23:12:47,334 - INFO - [1959/2119] Processing: TV_Today_Network_Ltd_esg.json
2026-01-27 23:12:47,335 - INFO - Removed tier, industry from TV Today Network Ltd
2026-01-27 23:12:47,337 - INFO - [1960/2119] Processing: TV_TODAY_NETWORK_LTD__esg.json
2026-01-27 23:12:47,337 - INFO - Removed tier, industry from TV TODAY NETWORK LTD.
2026-01-27 23:12:47,339 - INFO - [1961/2119] Processing: T_D_POWER_SYSTEMS_LTD__esg.json
2026-01-27 23:12:47,339 - INFO - Removed tier, industry from T D POWER SYSTEMS LTD.
2026-01-27 23:12:47,341 - INFO - [1962/2119] Processing: UCO_BANK_esg.json
2026-01-27 23:12:47,341 - INFO - Removed tier, industry from UCO BANK
2026-01-27 23:12:47,343 - INFO - [1963/2119] Processing: UDAIPUR_CEMENT_WORKS_LTD__esg.json
2026-01-27 23:12:47,343 - INFO - Removed tier, industry from UDAIPUR CEMENT WORKS LTD.
2026-01-27 23:12:47,345 - INFO - [1964/2119] Processing: Uflex_Ltd_esg.json
2026-01-27 23:12:47,346 - INFO - Removed tier, industry from Uflex Ltd
2026-01-27 23:12:47,347 - INFO - [1965/2119] Processing: Ugar_Sugar_Works_Ltd-_esg.json
2026-01-27 23:12:47,348 - INFO - Removed tier, industry from The Ugar Sugar Works Limited
2026-01-27 23:12:47,349 - INFO - [1966/2119] Processing: UGAR_SUGAR_WORKS_LTD_-_esg.json
2026-01-27 23:12:47,350 - INFO - Removed tier, industry from UGAR SUGAR WORKS LTD.
2026-01-27 23:12:47,351 - INFO - [1967/2119] Processing: Ugro_Capital_Ltd_esg.json
2026-01-27 23:12:47,352 - INFO - Removed tier, industry from Ugro Capital Ltd
2026-01-27 23:12:47,354 - INFO - [1968/2119] Processing: Ujaas_Energy_Ltd_esg.json
2026-01-27 23:12:47,354 - INFO - Removed tier, industry from Ujaas Energy Ltd
2026-01-27 23:12:47,356 - INFO - [1969/2119] Processing: Ujjivan_Small_Finance_Bank_Ltd_esg.json
2026-01-27 23:12:47,356 - INFO - Removed tier, industry from Ujjivan Small Finance Bank Ltd
2026-01-27 23:12:47,357 - INFO - [1970/2119] Processing: UltraTech_Cement_Ltd_esg.json
2026-01-27 23:12:47,358 - INFO - Removed tier, industry from UltraTech Cement Ltd
2026-01-27 23:12:47,360 - INFO - [1971/2119] Processing: ULTRATECH_CEMENT_LTD__esg.json
2026-01-27 23:12:47,360 - INFO - Removed tier, industry from ULTRATECH CEMENT LTD.
2026-01-27 23:12:47,362 - INFO - [1972/2119] Processing: Unichem_Laboratories_Ltd_esg.json
2026-01-27 23:12:47,363 - INFO - Removed tier, industry from Unichem Laboratories Ltd
2026-01-27 23:12:47,364 - INFO - [1973/2119] Processing: UNICHEM_LABORATORIES_LTD__esg.json
2026-01-27 23:12:47,365 - INFO - Removed tier, industry from UNICHEM LABORATORIES LTD.
2026-01-27 23:12:47,366 - INFO - [1974/2119] Processing: UNION_BANK_OF_INDIA_esg.json
2026-01-27 23:12:47,367 - INFO - Removed tier, industry from UNION BANK OF INDIA
2026-01-27 23:12:47,368 - INFO - [1975/2119] Processing: UNIPARTS_INDIA_LIMITED_esg.json
2026-01-27 23:12:47,369 - INFO - Removed tier, industry from UNIPARTS INDIA LIMITED
2026-01-27 23:12:47,371 - INFO - [1976/2119] Processing: Uniparts_India_Ltd_esg.json
2026-01-27 23:12:47,371 - INFO - Removed tier, industry from Uniparts India Ltd.
2026-01-27 23:12:47,373 - INFO - [1977/2119] Processing: Uniphos_Enterprises_Ltd_esg.json
2026-01-27 23:12:47,373 - INFO - Removed tier, industry from Uniphos Enterprises Ltd
2026-01-27 23:12:47,375 - INFO - [1978/2119] Processing: UNIPHOS_ENTERPRISES_LTD__esg.json
2026-01-27 23:12:47,375 - INFO - Removed tier, industry from UNIPHOS ENTERPRISES LTD.
2026-01-27 23:12:47,377 - INFO - [1979/2119] Processing: UNITECH_LIMITED_esg.json
2026-01-27 23:12:47,378 - INFO - Removed tier, industry from UNITECH LIMITED
2026-01-27 23:12:47,379 - INFO - [1980/2119] Processing: Unitech_Ltd_esg.json
2026-01-27 23:12:47,380 - INFO - Removed tier, industry from Unitech Ltd
2026-01-27 23:12:47,381 - INFO - [1981/2119] Processing: UNITECH_LTD__esg.json
2026-01-27 23:12:47,382 - INFO - Removed tier, industry from UNITECH LTD.
2026-01-27 23:12:47,383 - INFO - [1982/2119] Processing: United_Breweries_Ltd-_esg.json
2026-01-27 23:12:47,383 - INFO - Removed tier, industry from United Breweries Ltd-
2026-01-27 23:12:47,385 - INFO - [1983/2119] Processing: UNITED_DRILLING_TOOLS_LIMITED_esg.json
2026-01-27 23:12:47,386 - INFO - Removed tier, industry from UNITED DRILLING TOOLS LIMITED
2026-01-27 23:12:47,387 - INFO - [1984/2119] Processing: United_Drilling_Tools_Ltd_esg.json
2026-01-27 23:12:47,388 - INFO - Removed tier, industry from United Drilling Tools Ltd.
2026-01-27 23:12:47,390 - INFO - [1985/2119] Processing: UNITED_DRILLING_TOOLS_LTD__esg.json
2026-01-27 23:12:47,390 - INFO - Removed tier, industry from UNITED DRILLING TOOLS LTD.
2026-01-27 23:12:47,392 - INFO - [1986/2119] Processing: United_Spirits_Ltd_esg.json
2026-01-27 23:12:47,392 - INFO - Removed tier, industry from United Spirits Ltd
2026-01-27 23:12:47,394 - INFO - [1987/2119] Processing: UNITED_SPIRITS_LTD__esg.json
2026-01-27 23:12:47,394 - INFO - Removed tier, industry from UNITED SPIRITS LTD.
2026-01-27 23:12:47,396 - INFO - [1988/2119] Processing: Universal_Cables_Ltd_esg.json
2026-01-27 23:12:47,396 - INFO - Removed tier, industry from Universal Cables Ltd
2026-01-27 23:12:47,398 - INFO - [1989/2119] Processing: UNIVERSAL_CABLES_LTD__esg.json
2026-01-27 23:12:47,398 - INFO - Removed tier, industry from UNIVERSAL CABLES LTD.
2026-01-27 23:12:47,400 - INFO - [1990/2119] Processing: UNO_Minda_Ltd-_esg.json
2026-01-27 23:12:47,400 - INFO - Removed tier, industry from UNO Minda Ltd-
2026-01-27 23:12:47,402 - INFO - [1991/2119] Processing: Updater_Services_Ltd_esg.json
2026-01-27 23:12:47,402 - INFO - Removed tier, industry from Updater Services Ltd
2026-01-27 23:12:47,404 - INFO - [1992/2119] Processing: UPL_Limited_esg.json
2026-01-27 23:12:47,404 - INFO - Removed tier, industry from UPL Limited
2026-01-27 23:12:47,406 - INFO - [1993/2119] Processing: UPL_Ltd_esg.json
2026-01-27 23:12:47,406 - INFO - Removed tier, industry from UPL Ltd
2026-01-27 23:12:47,408 - INFO - [1994/2119] Processing: Urja_Global_Ltd_esg.json
2026-01-27 23:12:47,408 - INFO - Removed tier, industry from Urja Global Ltd.
2026-01-27 23:12:47,410 - INFO - [1995/2119] Processing: URJA_GLOBAL_LTD__esg.json
2026-01-27 23:12:47,411 - INFO - Removed tier, industry from Urja Global Ltd.
2026-01-27 23:12:47,412 - INFO - [1996/2119] Processing: Usha_Martin_Ltd_esg.json
2026-01-27 23:12:47,413 - INFO - Removed tier, industry from Usha Martin Ltd
2026-01-27 23:12:47,415 - INFO - [1997/2119] Processing: USHA_MARTIN_LTD__esg.json
2026-01-27 23:12:47,415 - INFO - Removed tier, industry from USHA MARTIN LTD.
2026-01-27 23:12:47,416 - INFO - [1998/2119] Processing: UTI_Asset_Management_Company_Ltd_esg.json
2026-01-27 23:12:47,417 - INFO - Removed tier, industry from UTI Asset Management Company Ltd
2026-01-27 23:12:47,419 - INFO - [1999/2119] Processing: Utkarsh_Small_Finance_Bank_Ltd_esg.json
2026-01-27 23:12:47,419 - INFO - Removed tier, industry from Utkarsh Small Finance Bank Ltd
2026-01-27 23:12:47,421 - INFO - [2000/2119] Processing: Uttam_Sugar_Mills_Ltd_esg.json
2026-01-27 23:12:47,422 - INFO - Removed tier, industry from Uttam Sugar Mills Ltd
2026-01-27 23:12:47,423 - INFO - [2001/2119] Processing: UTTAM_SUGAR_MILLS_LTD__esg.json
2026-01-27 23:12:47,424 - INFO - Removed tier, industry from UTTAM SUGAR MILLS LTD.
2026-01-27 23:12:47,425 - INFO - [2002/2119] Processing: V-Guard_Industries_Ltd_esg.json
2026-01-27 23:12:47,426 - INFO - Removed tier, industry from V-Guard Industries Ltd
2026-01-27 23:12:47,428 - INFO - [2003/2119] Processing: V-GUARD_INDUSTRIES_LTD__esg.json
2026-01-27 23:12:47,428 - INFO - Removed tier, industry from V-GUARD INDUSTRIES LTD.
2026-01-27 23:12:47,430 - INFO - [2004/2119] Processing: V-Mart_Retail_Ltd_esg.json
2026-01-27 23:12:47,430 - INFO - Removed tier, industry from V-Mart Retail Ltd
2026-01-27 23:12:47,432 - INFO - [2005/2119] Processing: V-MART_RETAIL_LTD__esg.json
2026-01-27 23:12:47,433 - INFO - Removed tier, industry from V-MART RETAIL LTD.
2026-01-27 23:12:47,464 - INFO - [2006/2119] Processing: V2_Retail_Ltd_esg.json
2026-01-27 23:12:47,465 - INFO - Removed tier, industry from V2 Retail Limited
2026-01-27 23:12:47,466 - INFO - [2007/2119] Processing: Vadilal_Industries_Ltd-_esg.json
2026-01-27 23:12:47,467 - INFO - Removed tier, industry from Vadilal Industries Ltd-
2026-01-27 23:12:47,469 - INFO - [2008/2119] Processing: Vaibhav_Global_Ltd_esg.json
2026-01-27 23:12:47,469 - INFO - Removed tier, industry from Vaibhav Global Ltd
2026-01-27 23:12:47,471 - INFO - [2009/2119] Processing: Vakrangee_Limited-_esg.json
2026-01-27 23:12:47,471 - INFO - Removed tier, industry from Vakrangee Limited
2026-01-27 23:12:47,473 - INFO - [2010/2119] Processing: VAKRANGEE_LIMITED_esg.json
2026-01-27 23:12:47,473 - INFO - Removed tier, industry from VAKRANGEE LIMITED
2026-01-27 23:12:47,475 - INFO - [2011/2119] Processing: Vakrangee_Ltd-_esg.json
2026-01-27 23:12:47,475 - INFO - Removed tier, industry from Vakrangee Ltd-
2026-01-27 23:12:47,477 - INFO - [2012/2119] Processing: VALIANT_ORGANICS_LIMITED_esg.json
2026-01-27 23:12:47,478 - INFO - Removed tier, industry from VALIANT ORGANICS LIMITED
2026-01-27 23:12:47,479 - INFO - [2013/2119] Processing: Valiant_Organics_Ltd_esg.json
2026-01-27 23:12:47,480 - INFO - Removed tier, industry from Valiant Organics Ltd
2026-01-27 23:12:47,482 - INFO - [2014/2119] Processing: VALOR_ESTATE_LIMITED_esg.json
2026-01-27 23:12:47,482 - INFO - Removed tier, industry from VALOR ESTATE LIMITED
2026-01-27 23:12:47,484 - INFO - [2015/2119] Processing: Valor_Estate_Ltd_esg.json
2026-01-27 23:12:47,484 - INFO - Removed tier, industry from Valor Estate Ltd
2026-01-27 23:12:47,487 - INFO - [2016/2119] Processing: VARDHMAN_ACRYLICS_LIMITED_esg.json
2026-01-27 23:12:47,488 - INFO - Removed tier, industry from VARDHMAN ACRYLICS LIMITED
2026-01-27 23:12:47,490 - INFO - [2017/2119] Processing: VARDHMAN_HOLDINGS_LIMITED_esg.json
2026-01-27 23:12:47,491 - INFO - Removed tier, industry from VARDHMAN HOLDINGS LIMITED
2026-01-27 23:12:47,492 - INFO - [2018/2119] Processing: Vardhman_Holdings_Ltd_esg.json
2026-01-27 23:12:47,493 - INFO - Removed tier, industry from Vardhman Holdings Limited
2026-01-27 23:12:47,496 - INFO - [2019/2119] Processing: VARDHMAN_HOLDINGS_LTD__esg.json
2026-01-27 23:12:47,497 - INFO - Removed tier, industry from VARDHMAN HOLDINGS LIMITED
2026-01-27 23:12:47,499 - INFO - [2020/2119] Processing: VARDHMAN_SPECIAL_STEELS_LIMITED_esg.json
2026-01-27 23:12:47,499 - INFO - Removed tier, industry from VARDHMAN SPECIAL STEELS LIMITED
2026-01-27 23:12:47,501 - INFO - [2021/2119] Processing: Vardhman_Special_Steels_Ltd_esg.json
2026-01-27 23:12:47,502 - INFO - Removed tier, industry from Vardhman Special Steels Ltd
2026-01-27 23:12:47,504 - INFO - [2022/2119] Processing: VARDHMAN_SPECIAL_STEELS_LTD__esg.json
2026-01-27 23:12:47,505 - INFO - Removed tier, industry from VARDHMAN SPECIAL STEELS LIMITED
2026-01-27 23:12:47,507 - INFO - [2023/2119] Processing: VARDHMAN_TEXTILES_LIMITED_esg.json
2026-01-27 23:12:47,508 - INFO - Removed tier, industry from VARDHMAN TEXTILES LIMITED
2026-01-27 23:12:47,510 - INFO - [2024/2119] Processing: Vardhman_Textiles_Ltd_esg.json
2026-01-27 23:12:47,511 - INFO - Removed tier, industry from Vardhman Textiles Ltd
2026-01-27 23:12:47,513 - INFO - [2025/2119] Processing: VARDHMAN_TEXTILES_LTD__esg.json
2026-01-27 23:12:47,514 - INFO - Removed tier, industry from VARDHMAN TEXTILES LTD.
2026-01-27 23:12:47,516 - INFO - [2026/2119] Processing: Varroc_Engineering_Ltd_esg.json
2026-01-27 23:12:47,516 - INFO - Removed tier, industry from Varroc Engineering Ltd
2026-01-27 23:12:47,518 - INFO - [2027/2119] Processing: Varun_Beverages_Ltd_esg.json
2026-01-27 23:12:47,519 - INFO - Removed tier, industry from Varun Beverages Ltd
2026-01-27 23:12:47,521 - INFO - [2028/2119] Processing: VA_Tech_Wabag_Ltd_esg.json
2026-01-27 23:12:47,521 - INFO - Removed tier, industry from VA TECH WABAG LIMITED
2026-01-27 23:12:47,523 - INFO - [2029/2119] Processing: Vedanta_Limited_esg.json
2026-01-27 23:12:47,524 - INFO - Removed tier, industry from Vedanta Limited
2026-01-27 23:12:47,526 - INFO - [2030/2119] Processing: Vedanta_Ltd_esg.json
2026-01-27 23:12:47,526 - INFO - Removed tier, industry from Vedanta Ltd
2026-01-27 23:12:47,529 - INFO - [2031/2119] Processing: Vedant_Fashions_Ltd_esg.json
2026-01-27 23:12:47,529 - INFO - Removed tier, industry from Vedant Fashions Ltd
2026-01-27 23:12:47,531 - INFO - [2032/2119] Processing: Veedol_Corporation_Ltd_esg.json
2026-01-27 23:12:47,532 - INFO - Removed tier, industry from Veedol Corporation Ltd
2026-01-27 23:12:47,533 - INFO - [2033/2119] Processing: VENKY_S__INDIA__LIMITED_esg.json
2026-01-27 23:12:47,534 - INFO - Removed tier, industry from VENKY'S (INDIA) LIMITED
2026-01-27 23:12:47,536 - INFO - [2034/2119] Processing: VENKY_S__INDIA__LTD__esg.json
2026-01-27 23:12:47,536 - INFO - Removed tier, industry from VENKY'S (INDIA) LTD.
2026-01-27 23:12:47,538 - INFO - [2035/2119] Processing: VENUS_PIPES___TUBES_LIMITED_esg.json
2026-01-27 23:12:47,539 - INFO - Removed tier, industry from VENUS PIPES & TUBES LIMITED
2026-01-27 23:12:47,540 - INFO - [2036/2119] Processing: Venus_Pipes___Tubes_Ltd_esg.json
2026-01-27 23:12:47,541 - INFO - Removed tier, industry from Venus Pipes & Tubes Ltd
2026-01-27 23:12:47,542 - INFO - [2037/2119] Processing: VERANDA_LEARNING_SOLUTIONS_LIMITED_esg.json
2026-01-27 23:12:47,543 - INFO - Removed tier, industry from VERANDA LEARNING SOLUTIONS LIMITED
2026-01-27 23:12:47,545 - INFO - [2038/2119] Processing: Veranda_Learning_Solutions_Ltd_esg.json
2026-01-27 23:12:47,545 - INFO - Removed tier, industry from Veranda Learning Solutions Ltd
2026-01-27 23:12:47,547 - INFO - [2039/2119] Processing: Veritas__India__Ltd_esg.json
2026-01-27 23:12:47,547 - INFO - Removed tier, industry from Veritas (India) Ltd
2026-01-27 23:12:47,549 - INFO - [2040/2119] Processing: VERITAS__INDIA__LTD__esg.json
2026-01-27 23:12:47,550 - INFO - Removed tier, industry from VERITAS (INDIA) LTD.
2026-01-27 23:12:47,551 - INFO - [2041/2119] Processing: Vesuvius_India_Ltd_esg.json
2026-01-27 23:12:47,552 - INFO - Removed tier, industry from Vesuvius India Ltd
2026-01-27 23:12:47,554 - INFO - [2042/2119] Processing: VIDHI_SPECIALTY_FOOD_INGREDIENTS_LIMITED_esg.json
2026-01-27 23:12:47,554 - INFO - Removed tier, industry from VIDHI SPECIALTY FOOD INGREDIENTS LIMITED
2026-01-27 23:12:47,556 - INFO - [2043/2119] Processing: Vidhi_Specialty_Food_Ingredients_Ltd-__esg.json
2026-01-27 23:12:47,556 - INFO - Removed tier, industry from Vidhi Specialty Food Ingredients Ltd-$
2026-01-27 23:12:47,558 - INFO - [2044/2119] Processing: Vijaya_Diagnostic_Centre_Ltd_esg.json
2026-01-27 23:12:47,558 - INFO - Removed tier, industry from Vijaya Diagnostic Centre Ltd
2026-01-27 23:12:47,560 - INFO - [2045/2119] Processing: VINATI_ORGANICS_LIMITED_esg.json
2026-01-27 23:12:47,560 - INFO - Removed tier, industry from VINATI ORGANICS LIMITED
2026-01-27 23:12:47,562 - INFO - [2046/2119] Processing: Vinati_Organics_Ltd-_esg.json
2026-01-27 23:12:47,562 - INFO - Removed tier, industry from Vinati Organics Ltd-
2026-01-27 23:12:47,564 - INFO - [2047/2119] Processing: VINATI_ORGANICS_LTD_-_esg.json
2026-01-27 23:12:47,565 - INFO - Removed tier, industry from VINATI ORGANICS LTD.-
2026-01-27 23:12:47,566 - INFO - [2048/2119] Processing: Vindhya_Telelinks_Ltd_esg.json
2026-01-27 23:12:47,567 - INFO - Removed tier, industry from Vindhya Telelinks Ltd
2026-01-27 23:12:47,569 - INFO - [2049/2119] Processing: VINDHYA_TELELINKS_LTD__esg.json
2026-01-27 23:12:47,569 - INFO - Removed tier, industry from VINDHYA TELELINKS LTD.
2026-01-27 23:12:47,571 - INFO - [2050/2119] Processing: VIP_Industries_Ltd-_esg.json
2026-01-27 23:12:47,571 - INFO - Removed tier, industry from VIP Industries Ltd-
2026-01-27 23:12:47,573 - INFO - [2051/2119] Processing: Visaka_Industries_Ltd_esg.json
2026-01-27 23:12:47,574 - INFO - Removed tier, industry from Visaka Industries Ltd
2026-01-27 23:12:47,575 - INFO - [2052/2119] Processing: VISAKA_INDUSTRIES_LTD__esg.json
2026-01-27 23:12:47,576 - INFO - Removed tier, industry from VISAKA INDUSTRIES LTD.
2026-01-27 23:12:47,578 - INFO - [2053/2119] Processing: VISHAL_MEGA_MART_LIMITED_esg.json
2026-01-27 23:12:47,578 - INFO - Removed tier, industry from VISHAL MEGA MART LIMITED
2026-01-27 23:12:47,580 - INFO - [2054/2119] Processing: Vishal_Mega_Mart_Ltd_esg.json
2026-01-27 23:12:47,581 - INFO - Removed tier, industry from Vishal Mega Mart Ltd
2026-01-27 23:12:47,582 - INFO - [2055/2119] Processing: Vishnu_Chemicals_Ltd_esg.json
2026-01-27 23:12:47,583 - INFO - Removed tier, industry from Vishnu Chemicals Ltd
2026-01-27 23:12:47,584 - INFO - [2056/2119] Processing: VISHNU_CHEMICALS_LTD__esg.json
2026-01-27 23:12:47,585 - INFO - Removed tier, industry from VISHNU CHEMICALS LTD
2026-01-27 23:12:47,587 - INFO - [2057/2119] Processing: VISHNU_PRAKASH_R_PUNGLIA_LIMITED_esg.json
2026-01-27 23:12:47,587 - INFO - Removed tier, industry from VISHNU PRAKASH R PUNGLIA LIMITED
2026-01-27 23:12:47,589 - INFO - [2058/2119] Processing: Vishnu_Prakash_R_Punglia_Ltd_esg.json
2026-01-27 23:12:47,590 - INFO - Removed tier, industry from Vishnu Prakash R Punglia Ltd
2026-01-27 23:12:47,591 - INFO - [2059/2119] Processing: Vodafone_Idea_Ltd_esg.json
2026-01-27 23:12:47,592 - INFO - Removed tier, industry from Vodafone Idea Ltd
2026-01-27 23:12:47,594 - INFO - [2060/2119] Processing: Voltamp_Transformers_Ltd_esg.json
2026-01-27 23:12:47,594 - INFO - Removed tier, industry from Voltamp Transformers Ltd
2026-01-27 23:12:47,596 - INFO - [2061/2119] Processing: VOLTAMP_TRANSFORMERS_LTD__esg.json
2026-01-27 23:12:47,597 - INFO - Removed tier, industry from VOLTAMP TRANSFORMERS LTD.
2026-01-27 23:12:47,599 - INFO - [2062/2119] Processing: VOLTAS_LTD__esg.json
2026-01-27 23:12:47,599 - INFO - Removed tier, industry from VOLTAS LTD.
2026-01-27 23:12:47,601 - INFO - [2063/2119] Processing: VRL_Logistics_Ltd_esg.json
2026-01-27 23:12:47,601 - INFO - Removed tier, industry from VRL Logistics Ltd
2026-01-27 23:12:47,603 - INFO - [2064/2119] Processing: VST_Industries_Ltd_esg.json
2026-01-27 23:12:47,603 - INFO - Removed tier, industry from VST Industries Ltd
2026-01-27 23:12:47,605 - INFO - [2065/2119] Processing: VST_INDUSTRIES_LTD__esg.json
2026-01-27 23:12:47,605 - INFO - Removed tier, industry from VST INDUSTRIES LTD.
2026-01-27 23:12:47,607 - INFO - [2066/2119] Processing: VST_Tillers_Tractors_Ltd-_esg.json
2026-01-27 23:12:47,607 - INFO - Removed tier, industry from VST Tillers Tractors Ltd-
2026-01-27 23:12:47,609 - INFO - [2067/2119] Processing: V_I_P_INDUSTRIES_LTD_-_esg.json
2026-01-27 23:12:47,609 - INFO - Removed tier, industry from V.I.P.INDUSTRIES LTD.-
2026-01-27 23:12:47,611 - INFO - [2068/2119] Processing: V_S_T_TILLERS_TRACTORS_LTD_-_esg.json
2026-01-27 23:12:47,612 - INFO - Removed tier, industry from V.S.T. TILLERS TRACTORS LIMITED
2026-01-27 23:12:47,613 - INFO - [2069/2119] Processing: WAAREE_ENERGIES_LIMITED_esg.json
2026-01-27 23:12:47,614 - INFO - Removed tier, industry from WAAREE ENERGIES LIMITED
2026-01-27 23:12:47,615 - INFO - [2070/2119] Processing: Waaree_Energies_Ltd_esg.json
2026-01-27 23:12:47,616 - INFO - Removed tier, industry from Waaree Energies Ltd
2026-01-27 23:12:47,617 - INFO - [2071/2119] Processing: WAAREE_RENEWABLE_TECHNOLOGIES_LIMITED_esg.json
2026-01-27 23:12:47,618 - INFO - Removed tier, industry from WAAREE RENEWABLE TECHNOLOGIES LIMITED
2026-01-27 23:12:47,619 - INFO - [2072/2119] Processing: Waaree_Renewable_Technologies_Ltd_esg.json
2026-01-27 23:12:47,620 - INFO - Removed tier, industry from Waaree Renewable Technologies Ltd
2026-01-27 23:12:47,622 - INFO - [2073/2119] Processing: Wardwizard_Innovations___Mobility_Ltd_esg.json
2026-01-27 23:12:47,622 - INFO - Removed tier, industry from Wardwizard Innovations & Mobility Ltd
2026-01-27 23:12:47,624 - INFO - [2074/2119] Processing: WEBSOL_ENERGY_SYSTEM_LIMITED_esg.json
2026-01-27 23:12:47,624 - INFO - Removed tier, industry from WEBSOL ENERGY SYSTEM LIMITED
2026-01-27 23:12:47,626 - INFO - [2075/2119] Processing: Websol_Energy_System_Ltd_esg.json
2026-01-27 23:12:47,626 - INFO - Removed tier, industry from Websol Energy System Ltd
2026-01-27 23:12:47,628 - INFO - [2076/2119] Processing: WEBSOL_ENERGY_SYSTEM_LTD__esg.json
2026-01-27 23:12:47,628 - INFO - Removed tier, industry from WEBSOL ENERGY SYSTEM LTD.
2026-01-27 23:12:47,630 - INFO - [2077/2119] Processing: Welspun_Corp_Limited_esg.json
2026-01-27 23:12:47,630 - INFO - Removed tier, industry from Welspun Corp Limited
2026-01-27 23:12:47,632 - INFO - [2078/2119] Processing: Welspun_Enterprises_Ltd_esg.json
2026-01-27 23:12:47,632 - INFO - Removed tier, industry from Welspun Enterprises Ltd
2026-01-27 23:12:47,634 - INFO - [2079/2119] Processing: Welspun_Living_Ltd_esg.json
2026-01-27 23:12:47,634 - INFO - Removed tier, industry from Welspun Living Ltd
2026-01-27 23:12:47,636 - INFO - [2080/2119] Processing: Welspun_Specialty_Solutions_Ltd_esg.json
2026-01-27 23:12:47,637 - INFO - Removed tier, industry from Welspun Specialty Solutions Ltd.
2026-01-27 23:12:47,639 - INFO - [2081/2119] Processing: WENDT__INDIA__LTD__esg.json
2026-01-27 23:12:47,639 - INFO - Removed tier, industry from WENDT (INDIA) LTD.
2026-01-27 23:12:47,641 - INFO - [2082/2119] Processing: Westlife_Foodworld_Ltd_esg.json
2026-01-27 23:12:47,641 - INFO - Removed tier, industry from Westlife Foodworld Ltd.
2026-01-27 23:12:47,643 - INFO - [2083/2119] Processing: West_Coast_Paper_Mills_Ltd_esg.json
2026-01-27 23:12:47,643 - INFO - Removed tier, industry from West Coast Paper Mills Ltd.
2026-01-27 23:12:47,645 - INFO - [2084/2119] Processing: WEST_COAST_PAPER_MILLS_LTD__esg.json
2026-01-27 23:12:47,646 - INFO - Removed tier, industry from WEST COAST PAPER MILLS LTD.
2026-01-27 23:12:47,648 - INFO - [2085/2119] Processing: Whirlpool_of_India_Ltd_esg.json
2026-01-27 23:12:47,648 - INFO - Removed tier, industry from Whirlpool of India Ltd
2026-01-27 23:12:47,650 - INFO - [2086/2119] Processing: WHIRLPOOL_OF_INDIA_LTD__esg.json
2026-01-27 23:12:47,650 - INFO - Removed tier, industry from WHIRLPOOL OF INDIA LTD.
2026-01-27 23:12:47,652 - INFO - [2087/2119] Processing: Wipro_Ltd_esg.json
2026-01-27 23:12:47,653 - INFO - Removed tier, industry from Wipro Limited
2026-01-27 23:12:47,655 - INFO - [2088/2119] Processing: WIPRO_LTD__esg.json
2026-01-27 23:12:47,655 - INFO - Removed tier, industry from WIPRO LTD.
2026-01-27 23:12:47,657 - INFO - [2089/2119] Processing: Wockhardt_Ltd_esg.json
2026-01-27 23:12:47,657 - INFO - Removed tier, industry from Wockhardt Ltd
2026-01-27 23:12:47,659 - INFO - [2090/2119] Processing: WOCKHARDT_LTD__esg.json
2026-01-27 23:12:47,659 - INFO - Removed tier, industry from WOCKHARDT LTD.
2026-01-27 23:12:47,661 - INFO - [2091/2119] Processing: Wonderla_Holidays_Ltd_esg.json
2026-01-27 23:12:47,662 - INFO - Removed tier, industry from Wonderla Holidays Ltd
2026-01-27 23:12:47,664 - INFO - [2092/2119] Processing: WPIL_LTD__esg.json
2026-01-27 23:12:47,664 - INFO - Removed tier, industry from WPIL LTD.
2026-01-27 23:12:47,666 - INFO - [2093/2119] Processing: Xchanging_Solutions_Ltd_esg.json
2026-01-27 23:12:47,666 - INFO - Removed tier, industry from Xchanging Solutions Ltd
2026-01-27 23:12:47,671 - INFO - [2094/2119] Processing: XCHANGING_SOLUTIONS_LTD__esg.json
2026-01-27 23:12:47,672 - INFO - Removed tier, industry from XCHANGING SOLUTIONS LTD.
2026-01-27 23:12:47,675 - INFO - [2095/2119] Processing: Xpro_India_Ltd_esg.json
2026-01-27 23:12:47,676 - INFO - Removed tier, industry from Xpro India Ltd
2026-01-27 23:12:47,680 - INFO - [2096/2119] Processing: XPRO_INDIA_LTD__esg.json
2026-01-27 23:12:47,681 - INFO - Removed tier, industry from XPRO INDIA LTD.
2026-01-27 23:12:47,685 - INFO - [2097/2119] Processing: Yasho_Industries_Ltd_esg.json
2026-01-27 23:12:47,686 - INFO - Removed tier, industry from Yasho Industries Ltd
2026-01-27 23:12:47,689 - INFO - [2098/2119] Processing: YATHARTH_HOSPITAL___TRAUMA_CARE_SERVICES_LIMITED_esg.json
2026-01-27 23:12:47,689 - INFO - Removed tier, industry from YATHARTH HOSPITAL & TRAUMA CARE SERVICES LIMITED
2026-01-27 23:12:47,692 - INFO - [2099/2119] Processing: Yatharth_Hospital___Trauma_Care_Services_Ltd_esg.json
2026-01-27 23:12:47,692 - INFO - Removed tier, industry from Yatharth Hospital & Trauma Care Services Ltd
2026-01-27 23:12:47,696 - INFO - [2100/2119] Processing: YATRA_ONLINE_LIMITED_esg.json
2026-01-27 23:12:47,697 - INFO - Removed tier, industry from YATRA ONLINE LIMITED
2026-01-27 23:12:47,700 - INFO - [2101/2119] Processing: Yatra_Online_Ltd_esg.json
2026-01-27 23:12:47,700 - INFO - Removed tier, industry from Yatra Online Ltd
2026-01-27 23:12:47,702 - INFO - [2102/2119] Processing: Yes_Bank_Ltd_esg.json
2026-01-27 23:12:47,703 - INFO - Removed tier, industry from Yes Bank Ltd
2026-01-27 23:12:47,705 - INFO - [2103/2119] Processing: ZAGGLE_PREPAID_OCEAN_SERVICES_LIMITED_esg.json
2026-01-27 23:12:47,705 - INFO - Removed tier, industry from ZAGGLE PREPAID OCEAN SERVICES LIMITED
2026-01-27 23:12:47,707 - INFO - [2104/2119] Processing: Zaggle_Prepaid_Ocean_Services_Ltd_esg.json
2026-01-27 23:12:47,708 - INFO - Removed tier, industry from Zaggle Prepaid Ocean Services Ltd
2026-01-27 23:12:47,709 - INFO - [2105/2119] Processing: Zee_Entertainment_Enterprises_Ltd_esg.json
2026-01-27 23:12:47,710 - INFO - Removed tier, industry from Zee Entertainment Enterprises Ltd
2026-01-27 23:12:47,711 - INFO - [2106/2119] Processing: ZEE_ENTERTAINMENT_ENTERPRISES_LTD__esg.json
2026-01-27 23:12:47,712 - INFO - Removed tier, industry from ZEE ENTERTAINMENT ENTERPRISES LTD.
2026-01-27 23:12:47,714 - INFO - [2107/2119] Processing: Zee_Media_Corporation_Limited_esg.json
2026-01-27 23:12:47,714 - INFO - Removed tier, industry from ZEE MEDIA CORPORATION LIMITED
2026-01-27 23:12:47,716 - INFO - [2108/2119] Processing: Zensar_Technologies_Ltd_esg.json
2026-01-27 23:12:47,716 - INFO - Removed tier, industry from Zensar Technologies Ltd
2026-01-27 23:12:47,718 - INFO - [2109/2119] Processing: ZENSAR_TECHNOLOGIES_LTD__esg.json
2026-01-27 23:12:47,718 - INFO - Removed tier, industry from ZENSAR TECHNOLOGIES LTD.
2026-01-27 23:12:47,720 - INFO - [2110/2119] Processing: ZEN_Technologies_Ltd_esg.json
2026-01-27 23:12:47,721 - INFO - Removed tier, industry from ZEN Technologies Ltd
2026-01-27 23:12:47,723 - INFO - [2111/2119] Processing: ZEN_TECHNOLOGIES_LTD__esg.json
2026-01-27 23:12:47,723 - INFO - Removed tier, industry from ZEN TECHNOLOGIES LTD.
2026-01-27 23:12:47,725 - INFO - [2112/2119] Processing: ZF_Commercial_Vehicle_Control_Systems_India_Ltd_esg.json
2026-01-27 23:12:47,726 - INFO - Removed tier, industry from ZF Commercial Vehicle Control Systems India Ltd
2026-01-27 23:12:47,728 - INFO - [2113/2119] Processing: Zinka_Logistics_Solutions_Ltd_esg.json
2026-01-27 23:12:47,728 - INFO - Removed tier, industry from Zinka Logistics Solutions Ltd
2026-01-27 23:12:47,731 - INFO - [2114/2119] Processing: Zomato_Ltd_esg.json
2026-01-27 23:12:47,732 - INFO - Removed tier, industry from Zomato Ltd
2026-01-27 23:12:47,734 - INFO - [2115/2119] Processing: ZOTA_HEALTH_CARE_LIMITED_esg.json
2026-01-27 23:12:47,734 - INFO - Removed tier, industry from ZOTA HEALTH CARE LIMITED
2026-01-27 23:12:47,736 - INFO - [2116/2119] Processing: Zydus_Lifesciences_Ltd_esg.json
2026-01-27 23:12:47,737 - INFO - Removed tier, industry from Zydus Lifesciences Ltd
2026-01-27 23:12:47,739 - INFO - [2117/2119] Processing: Zydus_Wellness_Ltd-_esg.json
2026-01-27 23:12:47,739 - INFO - Removed tier, industry from Zydus Wellness Ltd-
2026-01-27 23:12:47,741 - INFO - [2118/2119] Processing: ZYDUS_WELLNESS_LTD_-_esg.json
2026-01-27 23:12:47,741 - INFO - Removed tier, industry from ZYDUS WELLNESS LTD.
2026-01-27 23:12:47,743 - INFO - [2119/2119] Processing: Z_F_STEERING_GEAR__INDIA__LTD_-_esg.json
2026-01-27 23:12:47,743 - INFO - Removed tier, industry from Z.F.STEERING GEAR (INDIA) LTD.-
2026-01-27 23:12:47,745 - INFO - 
============================================================
2026-01-27 23:12:47,745 - INFO - PROCESSING COMPLETE
2026-01-27 23:12:47,746 - INFO - ============================================================
2026-01-27 23:12:47,746 - INFO - Total files: 2119
2026-01-27 23:12:47,749 - INFO - ============================================================
2026-01-27 23:12:47,750 - INFO -    Copy files from 'esg_outputs_backup' back to 'esg_outputs'
