2026-01-24 10:40:46.004313 | Innova Captab Ltd | 403 Client Error: Forbidden for url: https://www.bseindia.com/stockinfo/AnnPdfOpen.aspx?Pname=6736f655-4b93-4b72-ad11-42fca1a72e1b.pdf
2026-01-24 10:40:46.324149 | Alembic Ltd | 403 Client Error: Forbidden for url: https://www.bseindia.com/stockinfo/AnnPdfOpen.aspx?Pname=c563fbb6-70b8-43c2-86e2-ebe3ffadb3d4.pdf
2026-01-24 10:40:46.646117 | Happiest Minds Technologies Ltd | 403 Client Error: Forbidden for url: https://www.bseindia.com/stockinfo/AnnPdfOpen.aspx?Pname=3632a2f2-4e90-4e59-adec-f241851d1bab.pdf
2026-01-24 10:40:46.974961 | Balkrishna Industries Ltd- | 403 Client Error: Forbidden for url: https://www.bseindia.com/stockinfo/AnnPdfOpen.aspx?Pname=340b63c6-cfb1-4928-9f8d-ffb87b3c98e9.pdf
2026-01-24 10:40:47.312920 | Shanthi Gears Ltd | 403 Client Error: Forbidden for url: https://www.bseindia.com/stockinfo/AnnPdfOpen.aspx?Pname=8df3a76f-b120-43e5-9c35-88cc969e9e86.pdf
2026-01-24 10:40:47.627242 | Sumitomo Chemical India Ltd | 403 Client Error: Forbidden for url: https://www.bseindia.com/stockinfo/AnnPdfOpen.aspx?Pname=ee0e8bd0-b332-4b69-b622-6272131d6332.pdf
2026-01-24 10:40:47.975271 | Torrent Pharmaceuticals Ltd | 403 Client Error: Forbidden for url: https://www.bseindia.com/stockinfo/AnnPdfOpen.aspx?Pname=a5e846a9-9190-4494-a112-590cf018c735.pdf
2026-01-24 10:40:48.304570 | Godrej Properties Ltd | 403 Client Error: Forbidden for url: https://www.bseindia.com/stockinfo/AnnPdfOpen.aspx?Pname=3a251043-90e5-4748-b94a-2c9f364ef43a.pdf
2026-01-24 10:40:48.603435 | Balkrishna Industries Ltd- | 403 Client Error: Forbidden for url: https://www.bseindia.com/stockinfo/AnnPdfOpen.aspx?Pname=bd430b36-c588-47b2-aba0-b87b26602c94.pdf
2026-01-24 10:40:48.946915 | Greaves Cotton Ltd | 403 Client Error: Forbidden for url: https://www.bseindia.com/stockinfo/AnnPdfOpen.aspx?Pname=1791c83b-2dc1-4faa-a7f2-587f9a02a9db.pdf
2026-01-24 10:40:49.256325 | Pix Transmissions Ltd | 403 Client Error: Forbidden for url: https://www.bseindia.com/stockinfo/AnnPdfOpen.aspx?Pname=4add3f2a-6e70-4d4b-875d-58e30ca992eb.pdf
2026-01-24 10:40:49.574073 | Voltamp Transformers Ltd | 403 Client Error: Forbidden for url: https://www.bseindia.com/stockinfo/AnnPdfOpen.aspx?Pname=08c0ce17-0f64-42f1-ba59-ee0642133ca5.pdf
2026-01-24 10:40:49.881280 | Sun Pharmaceutical Industries Ltd | 403 Client Error: Forbidden for url: https://www.bseindia.com/stockinfo/AnnPdfOpen.aspx?Pname=fc38eee2-c7fa-44bb-81a2-f13c151eff8d.pdf
2026-01-24 10:40:50.202095 | Ideaforge Technology Ltd | 403 Client Error: Forbidden for url: https://www.bseindia.com/stockinfo/AnnPdfOpen.aspx?Pname=8383f4a9-ec78-4300-8ac6-099dccebcc34.pdf
2026-01-24 10:40:50.535134 | Sonata Software Ltd | 403 Client Error: Forbidden for url: https://www.bseindia.com/stockinfo/AnnPdfOpen.aspx?Pname=f8c9034f-041e-4a5a-a705-70eb80076e0a.pdf
2026-01-24 10:40:50.846608 | Neuland Laboratories Ltd | 403 Client Error: Forbidden for url: https://www.bseindia.com/stockinfo/AnnPdfOpen.aspx?Pname=fc4dc909-f8b0-41af-992b-1772e3dc9828.pdf
2026-01-24 10:40:51.161194 | Novartis India Ltd | 403 Client Error: Forbidden for url: https://www.bseindia.com/stockinfo/AnnPdfOpen.aspx?Pname=861bc8a7-45cb-46da-acaa-f25ed7c6227b.pdf
2026-01-24 10:40:51.477504 | Max Healthcare Institute Ltd | 403 Client Error: Forbidden for url: https://www.bseindia.com/stockinfo/AnnPdfOpen.aspx?Pname=f0d1a0ef-ebc7-4101-9585-57327648258f.pdf
2026-01-24 10:40:51.763875 | Astec Lifesciences Ltd | 403 Client Error: Forbidden for url: https://www.bseindia.com/stockinfo/AnnPdfOpen.aspx?Pname=88182045-1b04-4429-ada0-ff50f322b556.pdf
2026-01-24 10:40:52.052522 | Tube Investments of India Ltd | 403 Client Error: Forbidden for url: https://www.bseindia.com/stockinfo/AnnPdfOpen.aspx?Pname=2bb6c0ae-f08f-4de4-872a-b60dc935e31a.pdf
2026-01-24 10:40:52.342660 | Thermax Ltd | 403 Client Error: Forbidden for url: https://www.bseindia.com/stockinfo/AnnPdfOpen.aspx?Pname=41bfc39f-0b4e-4de3-ac29-6f2aab62dc00.pdf
2026-01-24 10:40:52.660288 | Borosil Ltd | 403 Client Error: Forbidden for url: https://www.bseindia.com/stockinfo/AnnPdfOpen.aspx?Pname=beb1eb22-0663-4433-aa24-28d5ecdc88f7.pdf
2026-01-24 10:40:52.953424 | Dhanuka Agritech Ltd | 403 Client Error: Forbidden for url: https://www.bseindia.com/stockinfo/AnnPdfOpen.aspx?Pname=2fa309eb-f7cb-4a00-a8d3-853ea9da14fe.pdf
2026-01-24 10:40:53.288041 | Transport Corporation of India Ltd | 403 Client Error: Forbidden for url: https://www.bseindia.com/stockinfo/AnnPdfOpen.aspx?Pname=cf06ee3c-e38e-4cf2-b5d2-38c1ee3b3681.pdf
2026-01-24 10:40:53.615322 | Kirloskar Brothers Ltd- | 403 Client Error: Forbidden for url: https://www.bseindia.com/stockinfo/AnnPdfOpen.aspx?Pname=b5260602-05a5-447f-8888-85ffedd79182.pdf
2026-01-24 10:40:53.968144 | ICRA Ltd | 403 Client Error: Forbidden for url: https://www.bseindia.com/stockinfo/AnnPdfOpen.aspx?Pname=f13a04f0-e3d8-4207-b6cf-3671b775b54d.pdf
2026-01-24 10:40:54.263607 | Privi Speciality Chemicals Ltd | 403 Client Error: Forbidden for url: https://www.bseindia.com/stockinfo/AnnPdfOpen.aspx?Pname=6a6ec9fa-d81d-4567-bb2e-68922c6d3eba.pdf
2026-01-24 10:40:54.604448 | Devyani International Ltd | 403 Client Error: Forbidden for url: https://www.bseindia.com/stockinfo/AnnPdfOpen.aspx?Pname=f3a15fc7-e645-42ce-bde4-912bc2ac6a3f.pdf
2026-01-24 10:40:54.947927 | Saint Gobain Sekurit India Ltd | 403 Client Error: Forbidden for url: https://www.bseindia.com/stockinfo/AnnPdfOpen.aspx?Pname=9fcb0177-f984-438a-9941-7d4b8e206ed4.pdf
2026-01-24 10:40:55.250527 | Thyrocare Technologies Ltd | 403 Client Error: Forbidden for url: https://www.bseindia.com/stockinfo/AnnPdfOpen.aspx?Pname=fb8dbe33-05c4-45ef-bbfb-0255095e3de8.pdf
2026-01-24 10:40:55.642114 | Punjab Chemicals & Crop Protection Ltd- | 403 Client Error: Forbidden for url: https://www.bseindia.com/stockinfo/AnnPdfOpen.aspx?Pname=8b161321-409e-441b-98bc-59b3666afa19.pdf
2026-01-24 10:40:55.951330 | CreditAccess Grameen Ltd | 403 Client Error: Forbidden for url: https://www.bseindia.com/stockinfo/AnnPdfOpen.aspx?Pname=5d2f372a-5a66-4b85-9ec2-d23f011071fd.pdf
2026-01-24 10:40:56.281515 | IDFC First Bank Ltd | 403 Client Error: Forbidden for url: https://www.bseindia.com/stockinfo/AnnPdfOpen.aspx?Pname=48aa2892-27ba-4f7e-bc67-be217d358d53.pdf
2026-01-24 10:40:56.598040 | NESCO Ltd | 403 Client Error: Forbidden for url: https://www.bseindia.com/stockinfo/AnnPdfOpen.aspx?Pname=b63f7583-f437-473e-b572-f93522a20551.pdf
2026-01-24 10:40:56.901582 | Birlanu Ltd | 403 Client Error: Forbidden for url: https://www.bseindia.com/stockinfo/AnnPdfOpen.aspx?Pname=9d8df214-8072-487b-a2b0-7516da0d8560.pdf
2026-01-24 10:40:57.205118 | Indian Hume Pipe Company Ltd | 403 Client Error: Forbidden for url: https://www.bseindia.com/stockinfo/AnnPdfOpen.aspx?Pname=17e7d9ae-bc55-4b73-8648-0d3772b1e520.pdf
2026-01-24 10:40:57.557029 | Artemis Medicare Services Ltd | 403 Client Error: Forbidden for url: https://www.bseindia.com/stockinfo/AnnPdfOpen.aspx?Pname=dd29d9e1-7894-45ad-a24e-b50acd6a68f1.pdf
2026-01-24 10:40:57.867463 | KEI Industries Ltd | 403 Client Error: Forbidden for url: https://www.bseindia.com/stockinfo/AnnPdfOpen.aspx?Pname=da23665e-8dbb-41f0-9ff9-4eb233f5c740.pdf
2026-01-24 10:40:58.162269 | Graphite India Ltd | 403 Client Error: Forbidden for url: https://www.bseindia.com/stockinfo/AnnPdfOpen.aspx?Pname=e8b23a0b-24af-4e59-bf1e-8d5fd1b1d7b1.pdf
2026-01-24 10:40:58.461715 | Aditya Birla Sun Life AMC Ltd | 403 Client Error: Forbidden for url: https://www.bseindia.com/stockinfo/AnnPdfOpen.aspx?Pname=b20d7ec5-bf46-4d8a-bae8-d75d1cdf699d.pdf
2026-01-24 10:40:58.785474 | ASK Automotive Ltd | 403 Client Error: Forbidden for url: https://www.bseindia.com/stockinfo/AnnPdfOpen.aspx?Pname=68681783-a84c-49b1-9bf2-5ed0bbc5836d.pdf
2026-01-24 10:40:59.082486 | Redington Ltd | 403 Client Error: Forbidden for url: https://www.bseindia.com/stockinfo/AnnPdfOpen.aspx?Pname=4bc8f8ff-eca3-4723-8444-3891f9f902cd.pdf
2026-01-24 10:40:59.380853 | BF Investment Ltd | 403 Client Error: Forbidden for url: https://www.bseindia.com/stockinfo/AnnPdfOpen.aspx?Pname=801d29b0-12f9-4bee-9aef-3ef9f09adbf2.pdf
2026-01-24 10:40:59.703922 | Aditya Birla Real Estate Ltd | 403 Client Error: Forbidden for url: https://www.bseindia.com/stockinfo/AnnPdfOpen.aspx?Pname=939aed4e-0442-446b-ab4c-bdd853ca75b5.pdf
2026-01-24 10:40:59.992219 | Indian Metals & Ferro Alloys Ltd | 403 Client Error: Forbidden for url: https://www.bseindia.com/stockinfo/AnnPdfOpen.aspx?Pname=2eab1380-0e52-49d3-a9b3-c182a74b034d.pdf
2026-01-24 10:41:00.342476 | TCPL Packaging Ltd- | 403 Client Error: Forbidden for url: https://www.bseindia.com/stockinfo/AnnPdfOpen.aspx?Pname=5bd8ca74-be52-4dbc-a0f3-9c4dbd40864b.pdf
2026-01-24 10:41:00.684107 | IFB Industries Ltd | 403 Client Error: Forbidden for url: https://www.bseindia.com/stockinfo/AnnPdfOpen.aspx?Pname=ca664d6f-35ee-4bf8-9d5f-722257b8c743.pdf
2026-01-24 10:41:01.030408 | Tips Music Ltd | 403 Client Error: Forbidden for url: https://www.bseindia.com/stockinfo/AnnPdfOpen.aspx?Pname=ace388eb-fc46-4af1-b334-f6a4077565f1.pdf
2026-01-24 10:41:01.361054 | Shriram Pistons & Rings Ltd | 403 Client Error: Forbidden for url: https://www.bseindia.com/stockinfo/AnnPdfOpen.aspx?Pname=4c2a002c-7c2b-4bbf-b794-4c44c69c24cc.pdf
2026-01-24 10:41:01.646906 | Central Bank of India | 403 Client Error: Forbidden for url: https://www.bseindia.com/stockinfo/AnnPdfOpen.aspx?Pname=6f1d4fe4-85a2-4736-ab24-1f059599bf8f.pdf
2026-01-24 10:41:01.968693 | Zydus Wellness Ltd- | 403 Client Error: Forbidden for url: https://www.bseindia.com/stockinfo/AnnPdfOpen.aspx?Pname=e9f82c4d-57a8-424f-acd1-7e99c4fb173b.pdf
2026-01-24 10:41:02.254266 | Poonawalla Fincorp Ltd | 403 Client Error: Forbidden for url: https://www.bseindia.com/stockinfo/AnnPdfOpen.aspx?Pname=d215282c-98e5-4d24-bfc6-9f5e95072965.pdf
2026-01-24 10:41:02.611433 | Welspun Specialty Solutions Ltd | 403 Client Error: Forbidden for url: https://www.bseindia.com/stockinfo/AnnPdfOpen.aspx?Pname=c2b3900c-744f-4cb2-9e49-4e5fac9fb36a.pdf
2026-01-24 10:41:02.897989 | Bosch Ltd | 403 Client Error: Forbidden for url: https://www.bseindia.com/stockinfo/AnnPdfOpen.aspx?Pname=c693a611-e440-4397-b178-831f4524ab2a.pdf
2026-01-24 10:41:03.212674 | Apollo Tyres Ltd | 403 Client Error: Forbidden for url: https://www.bseindia.com/stockinfo/AnnPdfOpen.aspx?Pname=99433f77-ec3b-49a1-af1e-5bc9332d59b1.pdf
2026-01-24 10:41:03.563341 | Safari Industries India Ltd | 403 Client Error: Forbidden for url: https://www.bseindia.com/stockinfo/AnnPdfOpen.aspx?Pname=53d5d189-20b1-4e37-a6e9-b18e9e576d4b.pdf
2026-01-24 10:41:03.852814 | Safari Industries India Ltd | 403 Client Error: Forbidden for url: https://www.bseindia.com/stockinfo/AnnPdfOpen.aspx?Pname=e1794490-f485-42d4-b179-b4487f7e4552.pdf
2026-01-24 10:41:04.183383 | Great Eastern Shipping Company Ltd | 403 Client Error: Forbidden for url: https://www.bseindia.com/stockinfo/AnnPdfOpen.aspx?Pname=39c70031-aab5-4b69-a990-516114e0a88a.pdf
2026-01-24 10:41:04.494868 | Fiem Industries Ltd | 403 Client Error: Forbidden for url: https://www.bseindia.com/stockinfo/AnnPdfOpen.aspx?Pname=22720934-4c3b-40df-b5e7-a0d8e9ec237b.pdf
2026-01-24 10:41:04.849005 | Rishabh Instruments Ltd | 403 Client Error: Forbidden for url: https://www.bseindia.com/stockinfo/AnnPdfOpen.aspx?Pname=892059b2-4b57-447e-b78d-b836e9766a18.pdf
2026-01-24 10:41:05.147882 | GOCL Corporation Ltd- | 403 Client Error: Forbidden for url: https://www.bseindia.com/stockinfo/AnnPdfOpen.aspx?Pname=432acc4d-3f62-41e0-b707-b5b15ad0315d.pdf
2026-01-24 10:41:05.445718 | Precision Camshafts Ltd | 403 Client Error: Forbidden for url: https://www.bseindia.com/stockinfo/AnnPdfOpen.aspx?Pname=245626aa-0ea0-4633-8d0f-6eee963edd83.pdf
2026-01-24 10:41:05.855450 | Visaka Industries Ltd | 403 Client Error: Forbidden for url: https://www.bseindia.com/stockinfo/AnnPdfOpen.aspx?Pname=91b8a8e4-c0de-48c0-b92a-700f9fbcede8.pdf
2026-01-24 10:41:06.185431 | Avadh Sugar & Energy Ltd | 403 Client Error: Forbidden for url: https://www.bseindia.com/stockinfo/AnnPdfOpen.aspx?Pname=4dc6a206-41ab-4966-9dcf-1ba61af9545d.pdf
2026-01-24 10:41:06.498066 | GMM Pfaudler Ltd | 403 Client Error: Forbidden for url: https://www.bseindia.com/stockinfo/AnnPdfOpen.aspx?Pname=7d71cc9e-c630-4989-9b33-cf12137c6abc.pdf
2026-01-24 10:41:06.780180 | Welspun Corp Ltd | 403 Client Error: Forbidden for url: https://www.bseindia.com/stockinfo/AnnPdfOpen.aspx?Pname=9661cf1d-9938-4dbc-9a87-d9a03accf3fc.pdf
2026-01-24 10:41:07.147318 | Symphony Ltd | 403 Client Error: Forbidden for url: https://www.bseindia.com/stockinfo/AnnPdfOpen.aspx?Pname=be63ce6e-1854-4bcb-abc4-f25e41f8c6b5.pdf
2026-01-24 10:41:07.492915 | Bajaj Electricals Ltd- | 403 Client Error: Forbidden for url: https://www.bseindia.com/stockinfo/AnnPdfOpen.aspx?Pname=ca5f6b9c-09d8-4aa6-9324-b28c85439fa9.pdf
2026-01-24 10:41:07.805264 | Dabur India Ltd | 403 Client Error: Forbidden for url: https://www.bseindia.com/stockinfo/AnnPdfOpen.aspx?Pname=e0f12e32-ca1e-4226-acfe-5d1f98c9c6c8.pdf
2026-01-24 10:41:08.124660 | Page Industries Ltd | 403 Client Error: Forbidden for url: https://www.bseindia.com/stockinfo/AnnPdfOpen.aspx?Pname=fa5b7565-50e5-4648-ab6b-ce9ccbe47259.pdf
2026-01-24 10:41:08.421766 | Apar Industries Ltd | 403 Client Error: Forbidden for url: https://www.bseindia.com/stockinfo/AnnPdfOpen.aspx?Pname=2568cf02-d934-4150-8d93-6a1ca141fda1.pdf
2026-01-24 10:41:08.709465 | Steelcast Ltd | 403 Client Error: Forbidden for url: https://www.bseindia.com/stockinfo/AnnPdfOpen.aspx?Pname=16af2c8c-8bc0-4582-85fe-d98b76501a3b.pdf
2026-01-24 10:41:09.035563 | Bliss GVS Pharma Ltd | 403 Client Error: Forbidden for url: https://www.bseindia.com/stockinfo/AnnPdfOpen.aspx?Pname=a09f05c5-8c0c-4ab5-9305-8c448e7ded9c.pdf
2026-01-24 10:41:09.378409 | Greenlam Industries Ltd | 403 Client Error: Forbidden for url: https://www.bseindia.com/stockinfo/AnnPdfOpen.aspx?Pname=dc1e04ab-003e-4616-a042-724fa5d09369.pdf
2026-01-24 10:41:09.703436 | Navin Fluorine International Ltd- | 403 Client Error: Forbidden for url: https://www.bseindia.com/stockinfo/AnnPdfOpen.aspx?Pname=11a4e7cc-2eec-48d8-8203-2a2a4365ad8e.pdf
2026-01-24 10:41:10.019240 | Laxmi Organic Industries Ltd | 403 Client Error: Forbidden for url: https://www.bseindia.com/stockinfo/AnnPdfOpen.aspx?Pname=dd764024-036d-4a35-95a0-99d5ac1a7cd3.pdf
2026-01-24 10:41:10.352315 | Cholamandalam Investment and Finance Company Ltd | 403 Client Error: Forbidden for url: https://www.bseindia.com/stockinfo/AnnPdfOpen.aspx?Pname=72687367-3a22-4292-b67a-6ab6728b0e3a.pdf
2026-01-24 10:41:10.654842 | Kotak Mahindra Bank Ltd | 403 Client Error: Forbidden for url: https://www.bseindia.com/stockinfo/AnnPdfOpen.aspx?Pname=231d48a0-905d-4979-bee1-f855c401d4e8.pdf
2026-01-24 10:41:10.967457 | SKF India Ltd | 403 Client Error: Forbidden for url: https://www.bseindia.com/stockinfo/AnnPdfOpen.aspx?Pname=f6344532-3129-4975-92ac-efdaad4cb14c.pdf
2026-01-24 10:41:11.290138 | UTI Asset Management Company Ltd | 403 Client Error: Forbidden for url: https://www.bseindia.com/stockinfo/AnnPdfOpen.aspx?Pname=c994cfc0-70c6-42b1-b4e8-ff5e3d0a0c90.pdf
2026-01-24 10:41:11.583353 | JSW Holdings Ltd | 403 Client Error: Forbidden for url: https://www.bseindia.com/stockinfo/AnnPdfOpen.aspx?Pname=aa5bffad-a094-49e5-a6ff-33b5301ead0d.pdf
2026-01-24 10:41:11.900068 | HEG Ltd | 403 Client Error: Forbidden for url: https://www.bseindia.com/stockinfo/AnnPdfOpen.aspx?Pname=d76966cf-453b-4538-955b-1eacdf758a4b.pdf
2026-01-24 10:41:12.211801 | Eveready Industries India Ltd | 403 Client Error: Forbidden for url: https://www.bseindia.com/stockinfo/AnnPdfOpen.aspx?Pname=bb07cf09-d168-4b29-a155-901a61fd95fd.pdf
2026-01-24 10:41:12.532676 | Sundaram-Clayton Ltd | 403 Client Error: Forbidden for url: https://www.bseindia.com/stockinfo/AnnPdfOpen.aspx?Pname=78194a77-e783-41b0-a955-c2200a1f9ca6.pdf
2026-01-24 10:41:12.836896 | Macrotech Developers Ltd | 403 Client Error: Forbidden for url: https://www.bseindia.com/stockinfo/AnnPdfOpen.aspx?Pname=352bfbc9-853a-4417-a503-f6b24b5331b8.pdf
2026-01-24 10:41:13.155777 | Satin Creditcare Network Ltd | 403 Client Error: Forbidden for url: https://www.bseindia.com/stockinfo/AnnPdfOpen.aspx?Pname=5b835484-1e0e-4b35-b0f0-a99209531e64.pdf
2026-01-24 10:41:13.484663 | KPIT Technologies Ltd | 403 Client Error: Forbidden for url: https://www.bseindia.com/stockinfo/AnnPdfOpen.aspx?Pname=8807df4f-2ff1-489a-93f9-d214b988e969.pdf
2026-01-24 10:41:13.820087 | Torrent Power Ltd | 403 Client Error: Forbidden for url: https://www.bseindia.com/stockinfo/AnnPdfOpen.aspx?Pname=6ea68d8b-59ad-4ab2-b16a-96a4463d5de0.pdf
2026-01-24 10:41:14.125422 | Ugro Capital Ltd | 403 Client Error: Forbidden for url: https://www.bseindia.com/stockinfo/AnnPdfOpen.aspx?Pname=0194e978-0c5d-4310-9cee-4a2674ba68ee.pdf
2026-01-24 10:41:14.413095 | Centum Electronics Ltd | 403 Client Error: Forbidden for url: https://www.bseindia.com/stockinfo/AnnPdfOpen.aspx?Pname=d99d31aa-791e-41ef-91e3-9f0c628b4574.pdf
2026-01-24 10:41:14.740802 | Cosmo First Ltd | 403 Client Error: Forbidden for url: https://www.bseindia.com/stockinfo/AnnPdfOpen.aspx?Pname=10bda087-c8b7-45a5-8ab6-9465adb127e8.pdf
2026-01-24 10:41:15.044779 | Prataap Snacks Ltd | 403 Client Error: Forbidden for url: https://www.bseindia.com/stockinfo/AnnPdfOpen.aspx?Pname=989a7a54-5125-4123-9cf2-b2d3a3f6f81f.pdf
2026-01-24 10:41:15.375349 | NOCIL Ltd | 403 Client Error: Forbidden for url: https://www.bseindia.com/stockinfo/AnnPdfOpen.aspx?Pname=95c4828f-63a1-44e7-b23a-fa9c2e21c1cd.pdf
2026-01-24 10:41:15.691022 | Ipca Laboratories Ltd | 403 Client Error: Forbidden for url: https://www.bseindia.com/stockinfo/AnnPdfOpen.aspx?Pname=dd9f645e-4750-4110-bb36-d11d158b443f.pdf
2026-01-24 10:41:15.999101 | Hester Biosciences Ltd | 403 Client Error: Forbidden for url: https://www.bseindia.com/stockinfo/AnnPdfOpen.aspx?Pname=4f33fd53-b576-4aaa-a8de-97eb4fb10038.pdf
2026-01-24 10:41:16.302826 | Birlasoft Ltd | 403 Client Error: Forbidden for url: https://www.bseindia.com/stockinfo/AnnPdfOpen.aspx?Pname=ac94259b-fceb-484b-b5ca-70550e60dcb6.pdf
2026-01-24 10:41:16.601079 | Strides Pharma Science Ltd | 403 Client Error: Forbidden for url: https://www.bseindia.com/stockinfo/AnnPdfOpen.aspx?Pname=aa19a3da-8bed-4d61-ba82-56e54a144c84.pdf
2026-01-24 10:41:16.929933 | Pidilite Industries Ltd | 403 Client Error: Forbidden for url: https://www.bseindia.com/stockinfo/AnnPdfOpen.aspx?Pname=138f69e2-b60e-4a6e-8e85-41580a74c437.pdf
2026-01-24 10:41:17.262015 | Kirloskar Ferrous Industries Ltd | 403 Client Error: Forbidden for url: https://www.bseindia.com/stockinfo/AnnPdfOpen.aspx?Pname=a13ee9bb-3c51-4a36-8a74-75cd231bf687.pdf
2026-01-24 10:41:17.566756 | TD Power Systems Ltd | 403 Client Error: Forbidden for url: https://www.bseindia.com/stockinfo/AnnPdfOpen.aspx?Pname=a94941cc-feaa-4039-84f3-daada50fc6fe.pdf
2026-01-24 10:41:17.864330 | Samhi Hotels Ltd | 403 Client Error: Forbidden for url: https://www.bseindia.com/stockinfo/AnnPdfOpen.aspx?Pname=9ddcc3d1-cf45-4bc7-8666-c32ac6067bc9.pdf
2026-01-24 10:41:18.184328 | Igarashi Motors India Ltd | 403 Client Error: Forbidden for url: https://www.bseindia.com/stockinfo/AnnPdfOpen.aspx?Pname=90ef8449-8956-441e-8d4f-d14b67ee360a.pdf
2026-01-24 10:41:18.493041 | Orient Cement Ltd | 403 Client Error: Forbidden for url: https://www.bseindia.com/stockinfo/AnnPdfOpen.aspx?Pname=bc4a619e-df14-43fe-84cb-bef7e0251375.pdf
2026-01-24 10:41:18.846990 | JB Chemicals & Pharmaceuticals Ltd | 403 Client Error: Forbidden for url: https://www.bseindia.com/stockinfo/AnnPdfOpen.aspx?Pname=93a29e1b-77f5-46e9-a0cc-d6344a27bde0.pdf
2026-01-24 10:41:19.147903 | Kirloskar Oil Engines Ltd | 403 Client Error: Forbidden for url: https://www.bseindia.com/stockinfo/AnnPdfOpen.aspx?Pname=4df2ccdc-b815-4951-bd81-9dd404746b39.pdf
2026-01-24 10:41:19.464879 | Centrum Capital Ltd | 403 Client Error: Forbidden for url: https://www.bseindia.com/stockinfo/AnnPdfOpen.aspx?Pname=684e8bf8-87aa-40da-b0d8-b838597a07c0.pdf
2026-01-24 10:41:19.842351 | Marico Ltd | 403 Client Error: Forbidden for url: https://www.bseindia.com/stockinfo/AnnPdfOpen.aspx?Pname=cb5d4a6c-01b4-492e-9d2d-fc356697eff5.pdf
2026-01-24 10:41:20.156810 | Blue Star Ltd | 403 Client Error: Forbidden for url: https://www.bseindia.com/stockinfo/AnnPdfOpen.aspx?Pname=b5e6c6a8-af45-47fb-8a3c-c11ca4d2c607.pdf
2026-01-24 10:41:20.475165 | Shree Cement Ltd | 403 Client Error: Forbidden for url: https://www.bseindia.com/stockinfo/AnnPdfOpen.aspx?Pname=134d2879-cbd7-4734-86a7-65af2eb1eff6.pdf
2026-01-24 10:41:20.777647 | Vaibhav Global Ltd | 403 Client Error: Forbidden for url: https://www.bseindia.com/stockinfo/AnnPdfOpen.aspx?Pname=10bacc5d-c9b8-4ef3-9fb0-acff356d73db.pdf
2026-01-24 10:41:21.102698 | EIH Associated Hotels Ltd- | 403 Client Error: Forbidden for url: https://www.bseindia.com/stockinfo/AnnPdfOpen.aspx?Pname=026fcf0f-05a1-4fba-b5fa-fe75ec5467dc.pdf
2026-01-24 10:41:21.443489 | Hawkins Cookers Ltd- | 403 Client Error: Forbidden for url: https://www.bseindia.com/stockinfo/AnnPdfOpen.aspx?Pname=5916de27-9a17-47e0-8988-4c376e52c5b7.pdf
2026-01-24 10:41:21.779971 | Hero MotoCorp Ltd | 403 Client Error: Forbidden for url: https://www.bseindia.com/stockinfo/AnnPdfOpen.aspx?Pname=b011512a-39ad-4975-a47b-55091cddac32.pdf
2026-01-24 10:41:22.139984 | Siyaram Silk Mills Ltd- | 403 Client Error: Forbidden for url: https://www.bseindia.com/stockinfo/AnnPdfOpen.aspx?Pname=b9ce0695-0ea1-42f9-be45-3fd5014a6f2b.pdf
2026-01-24 10:41:22.468335 | VRL Logistics Ltd | 403 Client Error: Forbidden for url: https://www.bseindia.com/stockinfo/AnnPdfOpen.aspx?Pname=952f0eb3-bdfe-4140-99ea-b46e0a2a0382.pdf
2026-01-24 10:41:22.782056 | V-Guard Industries Ltd | 403 Client Error: Forbidden for url: https://www.bseindia.com/stockinfo/AnnPdfOpen.aspx?Pname=264fe5f0-f7ed-4928-b5b2-a87de5152c21.pdf
2026-01-24 10:41:23.078918 | Bajaj Auto Ltd | 403 Client Error: Forbidden for url: https://www.bseindia.com/stockinfo/AnnPdfOpen.aspx?Pname=7c32b00e-2e5b-4d65-b318-5f9f2492dcbd.pdf
2026-01-24 10:41:23.396720 | EIH Ltd | 403 Client Error: Forbidden for url: https://www.bseindia.com/stockinfo/AnnPdfOpen.aspx?Pname=032c3aa3-abd3-431a-b867-eb28fca04f2c.pdf
2026-01-24 10:41:23.758341 | DLF Ltd | 403 Client Error: Forbidden for url: https://www.bseindia.com/stockinfo/AnnPdfOpen.aspx?Pname=2611347f-a345-4b8b-a65c-eb6116261e62.pdf
2026-01-24 10:41:24.061745 | Raymond Lifestyle Ltd | 403 Client Error: Forbidden for url: https://www.bseindia.com/stockinfo/AnnPdfOpen.aspx?Pname=468109e7-7647-4562-8b6d-af870e1162f0.pdf
2026-01-24 10:41:24.415750 | Raymond Ltd | 403 Client Error: Forbidden for url: https://www.bseindia.com/stockinfo/AnnPdfOpen.aspx?Pname=08b6973a-2e2d-47e8-aba0-5905c74f4b3d.pdf
2026-01-24 10:41:24.738015 | HDFC Bank Ltd | 403 Client Error: Forbidden for url: https://www.bseindia.com/stockinfo/AnnPdfOpen.aspx?Pname=de066255-8ad1-4a3f-89da-3318a4d8dcb7.pdf
2026-01-24 10:41:25.047300 | Sharda Cropchem Ltd | 403 Client Error: Forbidden for url: https://www.bseindia.com/stockinfo/AnnPdfOpen.aspx?Pname=d86c77d3-09b9-413d-bc86-f0984f09e1e9.pdf
2026-01-24 10:41:25.358864 | Jtekt India Ltd | 403 Client Error: Forbidden for url: https://www.bseindia.com/stockinfo/AnnPdfOpen.aspx?Pname=8d217ec4-d0e6-413a-b54e-01c3f607b8ea.pdf
2026-01-24 10:41:25.671142 | BASF India Ltd | 403 Client Error: Forbidden for url: https://www.bseindia.com/stockinfo/AnnPdfOpen.aspx?Pname=5e917cec-995e-4887-b325-a7ac3ccad86c.pdf
2026-01-24 10:41:25.970601 | UNO Minda Ltd- | 403 Client Error: Forbidden for url: https://www.bseindia.com/stockinfo/AnnPdfOpen.aspx?Pname=410dc27f-b318-4b49-b724-02088bb142e7.pdf
2026-01-24 10:41:26.262643 | Fortis Healthcare Ltd | 403 Client Error: Forbidden for url: https://www.bseindia.com/stockinfo/AnnPdfOpen.aspx?Pname=86d392d2-816c-426f-8278-219405d97f5c.pdf
2026-01-24 10:41:26.654610 | Punjab & Sind Bank | 403 Client Error: Forbidden for url: https://www.bseindia.com/stockinfo/AnnPdfOpen.aspx?Pname=34cfdbda-e097-491f-971b-bca390506407.pdf
2026-01-24 10:41:26.944519 | Pricol Ltd | 403 Client Error: Forbidden for url: https://www.bseindia.com/stockinfo/AnnPdfOpen.aspx?Pname=02764aff-2308-445a-b28e-6ccedb34fe0a.pdf
2026-01-24 10:41:27.245314 | Ugar Sugar Works Ltd- | 403 Client Error: Forbidden for url: https://www.bseindia.com/stockinfo/AnnPdfOpen.aspx?Pname=5fcb29fa-a14a-4f08-9090-e0d3be7431c7.pdf
2026-01-24 10:41:27.585280 | MRF Ltd | 403 Client Error: Forbidden for url: https://www.bseindia.com/stockinfo/AnnPdfOpen.aspx?Pname=be898ab1-410a-46b7-bfc9-6e5aafebde2f.pdf
2026-01-24 10:41:27.900788 | Alldigi Tech Ltd | 403 Client Error: Forbidden for url: https://www.bseindia.com/stockinfo/AnnPdfOpen.aspx?Pname=0a202313-7e75-4812-b9d1-9456064d5487.pdf
2026-01-24 10:41:28.189536 | PTC India Ltd | 403 Client Error: Forbidden for url: https://www.bseindia.com/stockinfo/AnnPdfOpen.aspx?Pname=b547a14f-fd72-41d3-8f52-beba629413ee.pdf
2026-01-24 10:41:28.538410 | JK Tyre & Industries Ltd | 403 Client Error: Forbidden for url: https://www.bseindia.com/stockinfo/AnnPdfOpen.aspx?Pname=7a14d622-685c-43a0-a59c-423a55ec4b52.pdf
2026-01-24 10:41:28.818790 | Kokuyo Camlin Ltd- | 403 Client Error: Forbidden for url: https://www.bseindia.com/stockinfo/AnnPdfOpen.aspx?Pname=3e1d7209-f94c-464e-a391-e828a0de0146.pdf
2026-01-24 10:41:29.100948 | TBO TEK Ltd | 403 Client Error: Forbidden for url: https://www.bseindia.com/stockinfo/AnnPdfOpen.aspx?Pname=6446b334-a6f8-4b61-b425-6bb71f3cbf1a.pdf
2026-01-24 10:41:29.381508 | Esab India Ltd | 403 Client Error: Forbidden for url: https://www.bseindia.com/stockinfo/AnnPdfOpen.aspx?Pname=b55563a7-4135-4e7f-a0a8-78c6e1797963.pdf
2026-01-24 10:41:29.694393 | MM Forgings Ltd- | 403 Client Error: Forbidden for url: https://www.bseindia.com/stockinfo/AnnPdfOpen.aspx?Pname=5c306313-5dda-4167-9df3-0b3e9a45dc3c.pdf
2026-01-24 10:41:29.997659 | Divis Laboratories Ltd | 403 Client Error: Forbidden for url: https://www.bseindia.com/stockinfo/AnnPdfOpen.aspx?Pname=9025bae6-ed1c-41e0-85e7-33682bc1edd0.pdf
2026-01-24 10:41:30.329006 | IG Petrochemicals Ltd | 403 Client Error: Forbidden for url: https://www.bseindia.com/stockinfo/AnnPdfOpen.aspx?Pname=b92bca91-e0ac-4c98-b599-c6f92aef9393.pdf
2026-01-24 10:41:30.670752 | DCB Bank Ltd | 403 Client Error: Forbidden for url: https://www.bseindia.com/stockinfo/AnnPdfOpen.aspx?Pname=39b278f1-3175-445f-bbc3-ccdab1c20c8c.pdf
2026-01-24 10:41:31.097868 | United Breweries Ltd- | 403 Client Error: Forbidden for url: https://www.bseindia.com/stockinfo/AnnPdfOpen.aspx?Pname=02798e53-8d48-4cd4-b36c-dd025fa291ea.pdf
2026-01-24 10:41:31.435483 | EID Parry India Ltd | 403 Client Error: Forbidden for url: https://www.bseindia.com/stockinfo/AnnPdfOpen.aspx?Pname=3055c1e3-5eba-4c5f-b721-b0034674b071.pdf
2026-01-24 10:41:31.720486 | Go Digit General Insurance Ltd | 403 Client Error: Forbidden for url: https://www.bseindia.com/stockinfo/AnnPdfOpen.aspx?Pname=61c60ae2-bb3d-4ad9-a672-758c05be995b.pdf
2026-01-24 10:41:32.008793 | Bajaj Holdings & Investment Ltd | 403 Client Error: Forbidden for url: https://www.bseindia.com/stockinfo/AnnPdfOpen.aspx?Pname=e2830639-f65e-4ca5-a232-36c0a5007b74.pdf
2026-01-24 10:41:32.327888 | Godrej Agrovet Ltd | 403 Client Error: Forbidden for url: https://www.bseindia.com/stockinfo/AnnPdfOpen.aspx?Pname=166fc058-a076-44f6-807e-56c4b6313fb0.pdf
2026-01-24 10:41:32.639403 | Greenpanel Industries Ltd | 403 Client Error: Forbidden for url: https://www.bseindia.com/stockinfo/AnnPdfOpen.aspx?Pname=c6f5be14-d945-420b-ba03-f8e900168073.pdf
2026-01-24 10:41:32.926122 | TTK Prestige Ltd | 403 Client Error: Forbidden for url: https://www.bseindia.com/stockinfo/AnnPdfOpen.aspx?Pname=15d824de-f769-44ea-ac3d-40227e0675a1.pdf
2026-01-24 10:41:33.225006 | Dwarikesh Sugar Industries Ltd | 403 Client Error: Forbidden for url: https://www.bseindia.com/stockinfo/AnnPdfOpen.aspx?Pname=29790f48-b975-4f78-864f-b4347bd8a779.pdf
2026-01-24 10:41:33.521474 | WPIL Ltd | 403 Client Error: Forbidden for url: https://www.bseindia.com/stockinfo/AnnPdfOpen.aspx?Pname=55270c27-e867-47ea-9de4-8e9b61a2963d.pdf
2026-01-24 10:41:33.852859 | Fairchem Organics Ltd | 403 Client Error: Forbidden for url: https://www.bseindia.com/stockinfo/AnnPdfOpen.aspx?Pname=5811be46-e5d7-448f-8353-a34a109a7b99.pdf
2026-01-24 10:41:34.193789 | Arvind SmartSpaces Ltd | 403 Client Error: Forbidden for url: https://www.bseindia.com/stockinfo/AnnPdfOpen.aspx?Pname=8ca10913-0f76-4e09-918b-6180157584c9.pdf
2026-01-24 10:41:34.556364 | Bharat Forge Ltd | 403 Client Error: Forbidden for url: https://www.bseindia.com/stockinfo/AnnPdfOpen.aspx?Pname=8c009297-983c-460c-87ff-2ca9885538c7.pdf
2026-01-24 10:41:34.882446 | DCM Shriram Industries Ltd- | 403 Client Error: Forbidden for url: https://www.bseindia.com/stockinfo/AnnPdfOpen.aspx?Pname=e6ddb7ec-dcc0-4641-8d0d-912073977593.pdf
2026-01-24 10:41:35.195471 | Uflex Ltd | 403 Client Error: Forbidden for url: https://www.bseindia.com/stockinfo/AnnPdfOpen.aspx?Pname=93579ca1-555e-455b-a1d2-66b6b1afa5a0.pdf
2026-01-24 10:41:35.514519 | Praj Industries Ltd | 403 Client Error: Forbidden for url: https://www.bseindia.com/stockinfo/AnnPdfOpen.aspx?Pname=d4b663c2-6f5d-46ab-8c99-3c14b8af60fe.pdf
2026-01-24 10:41:35.815671 | PTC India Financial Services Ltd | 403 Client Error: Forbidden for url: https://www.bseindia.com/stockinfo/AnnPdfOpen.aspx?Pname=0dacb2f5-9aad-48e1-b8e8-49fc2b906554.pdf
2026-01-24 10:41:36.157959 | Data Patterns (India) Ltd | 403 Client Error: Forbidden for url: https://www.bseindia.com/stockinfo/AnnPdfOpen.aspx?Pname=94063700-fcfe-42fa-bda3-a5c83f582d05.pdf
2026-01-24 10:41:36.470757 | Balaji Amines Ltd- | 403 Client Error: Forbidden for url: https://www.bseindia.com/stockinfo/AnnPdfOpen.aspx?Pname=a9aa0bd6-7673-4322-ba34-85cf685d211c.pdf
2026-01-24 10:41:36.795171 | UNO Minda Ltd- | 403 Client Error: Forbidden for url: https://www.bseindia.com/stockinfo/AnnPdfOpen.aspx?Pname=33e66529-463f-43a7-b6a2-e1a5063e4cca.pdf
2026-01-24 10:41:37.119204 | Prism Johnson Ltd | 403 Client Error: Forbidden for url: https://www.bseindia.com/stockinfo/AnnPdfOpen.aspx?Pname=52928004-cd82-424d-bb94-5505bb2a9a9a.pdf
2026-01-24 10:41:37.422726 | Dhunseri Ventures Ltd- | 403 Client Error: Forbidden for url: https://www.bseindia.com/stockinfo/AnnPdfOpen.aspx?Pname=ff0a17df-b3c9-49ad-a10b-f223e58d4611.pdf
2026-01-24 10:41:37.771010 | Mankind Pharma Ltd | 403 Client Error: Forbidden for url: https://www.bseindia.com/stockinfo/AnnPdfOpen.aspx?Pname=5017ff3b-3b1f-4e40-8504-66f6b3a3c4f0.pdf
2026-01-24 10:41:38.062079 | Andhra Paper Ltd | 403 Client Error: Forbidden for url: https://www.bseindia.com/stockinfo/AnnPdfOpen.aspx?Pname=4a4580a4-8c0e-4529-a53d-7d1eda2624e3.pdf
2026-01-24 10:41:38.371433 | Cummins India Ltd | 403 Client Error: Forbidden for url: https://www.bseindia.com/stockinfo/AnnPdfOpen.aspx?Pname=c81a5ab1-eb1c-4935-9048-42a62678afc5.pdf
2026-01-24 10:41:38.708534 | Chalet Hotels Ltd | 403 Client Error: Forbidden for url: https://www.bseindia.com/stockinfo/AnnPdfOpen.aspx?Pname=04fd42c2-744a-4d8c-aa09-754c178c30ed.pdf
2026-01-24 10:41:39.104872 | Tamilnad Mercantile Bank Ltd | 403 Client Error: Forbidden for url: https://www.bseindia.com/stockinfo/AnnPdfOpen.aspx?Pname=bfda820b-7cfd-4e09-93b3-0af00b007be9.pdf
2026-01-24 10:41:39.409058 | ITD Cementation India Ltd | 403 Client Error: Forbidden for url: https://www.bseindia.com/stockinfo/AnnPdfOpen.aspx?Pname=ab974ae3-9e69-4be7-8a59-dc03c21b0795.pdf
2026-01-24 10:41:39.724125 | Carborundum Universal Ltd | 403 Client Error: Forbidden for url: https://www.bseindia.com/stockinfo/AnnPdfOpen.aspx?Pname=15b2a835-000f-4285-b5a1-3889d73bd32b.pdf
2026-01-24 10:41:40.022019 | Sapphire Foods India Ltd | 403 Client Error: Forbidden for url: https://www.bseindia.com/stockinfo/AnnPdfOpen.aspx?Pname=d961bdec-e9fc-4a59-87bf-7e3f3bbd932e.pdf
2026-01-24 10:41:40.348473 | Radico Khaitan Ltd | 403 Client Error: Forbidden for url: https://www.bseindia.com/stockinfo/AnnPdfOpen.aspx?Pname=7d6d9017-c825-444b-ba30-d2622ddad5e6.pdf
2026-01-24 10:41:40.672305 | Usha Martin Ltd | 403 Client Error: Forbidden for url: https://www.bseindia.com/stockinfo/AnnPdfOpen.aspx?Pname=e1056ccf-ba49-4962-8595-282d15bc4acd.pdf
2026-01-24 10:41:41.006888 | Shilchar Technologies Ltd | 403 Client Error: Forbidden for url: https://www.bseindia.com/stockinfo/AnnPdfOpen.aspx?Pname=7194c875-f95b-4de1-adaf-12c83e02a7e9.pdf
2026-01-24 10:41:41.357294 | Hercules Hoists Ltd | 403 Client Error: Forbidden for url: https://www.bseindia.com/stockinfo/AnnPdfOpen.aspx?Pname=6d65e954-fe56-40f7-9813-f2e48a10d338.pdf
2026-01-24 10:41:41.676736 | Updater Services Ltd | 403 Client Error: Forbidden for url: https://www.bseindia.com/stockinfo/AnnPdfOpen.aspx?Pname=50cc1205-6c4a-4cb5-bae5-29f47b1cb062.pdf
2026-01-24 10:41:42.002393 | DCM Shriram Ltd | 403 Client Error: Forbidden for url: https://www.bseindia.com/stockinfo/AnnPdfOpen.aspx?Pname=28eb694a-28a5-4002-a587-bdb23e5c9028.pdf
2026-01-24 10:41:42.342306 | Marksans Pharma Ltd | 403 Client Error: Forbidden for url: https://www.bseindia.com/stockinfo/AnnPdfOpen.aspx?Pname=eb68b392-24d6-426d-8a02-5d60bbae1c0a.pdf
2026-01-24 10:41:42.640125 | Zydus Lifesciences Ltd | 403 Client Error: Forbidden for url: https://www.bseindia.com/stockinfo/AnnPdfOpen.aspx?Pname=6a7d8a6d-dc6b-4069-ba84-9bf033eab1b0.pdf
2026-01-24 10:41:42.981834 | Insecticides (India) Ltd | 403 Client Error: Forbidden for url: https://www.bseindia.com/stockinfo/AnnPdfOpen.aspx?Pname=63ef3b6a-9189-4477-b8a9-cfdcf2aa1b9a.pdf
2026-01-24 10:41:43.286798 | Arvind Ltd | 403 Client Error: Forbidden for url: https://www.bseindia.com/stockinfo/AnnPdfOpen.aspx?Pname=d822e954-da3a-40f9-8836-96d6369c116e.pdf
2026-01-24 10:41:43.604221 | Saksoft Ltd | 403 Client Error: Forbidden for url: https://www.bseindia.com/stockinfo/AnnPdfOpen.aspx?Pname=66015b7d-1181-4b73-b8ec-f81f10a8341a.pdf
2026-01-24 10:41:43.940179 | Godrej Consumer Products Ltd | 403 Client Error: Forbidden for url: https://www.bseindia.com/stockinfo/AnnPdfOpen.aspx?Pname=79bc8a13-3ff7-4890-96c5-f7dda64078c0.pdf
2026-01-24 10:41:44.261701 | Sequent Scientific Ltd | 403 Client Error: Forbidden for url: https://www.bseindia.com/stockinfo/AnnPdfOpen.aspx?Pname=669d1521-e23c-4b72-ac7e-d522a2aaf900.pdf
2026-01-24 10:41:44.564930 | Precision Wires India Ltd | 403 Client Error: Forbidden for url: https://www.bseindia.com/stockinfo/AnnPdfOpen.aspx?Pname=8a2d3485-2cc6-4c99-b876-dd303d7d5354.pdf
2026-01-24 10:41:44.854901 | Granules India Ltd- | 403 Client Error: Forbidden for url: https://www.bseindia.com/stockinfo/AnnPdfOpen.aspx?Pname=98ce5d8e-b79e-47ad-a3e0-8b3e50fcedb2.pdf
2026-01-24 10:41:45.184460 | The Ramco Cements Ltd | 403 Client Error: Forbidden for url: https://www.bseindia.com/stockinfo/AnnPdfOpen.aspx?Pname=ff19433b-a403-4c8e-9528-ffbec9d94f5e.pdf
2026-01-24 10:41:45.490744 | Matrimony.com Ltd | 403 Client Error: Forbidden for url: https://www.bseindia.com/stockinfo/AnnPdfOpen.aspx?Pname=df543d80-80c1-43d4-848a-dc77146253e9.pdf
2026-01-24 10:41:45.837216 | Mukand Ltd | 403 Client Error: Forbidden for url: https://www.bseindia.com/stockinfo/AnnPdfOpen.aspx?Pname=89270e80-2327-4c8e-86d0-5818d2e1eb9e.pdf
2026-01-24 10:41:46.147489 | AU Small Finance Bank Ltd | 403 Client Error: Forbidden for url: https://www.bseindia.com/stockinfo/AnnPdfOpen.aspx?Pname=97a675c4-5745-4eaa-b586-10b9d0efad6c.pdf
2026-01-24 10:41:46.454196 | Wockhardt Ltd | 403 Client Error: Forbidden for url: https://www.bseindia.com/stockinfo/AnnPdfOpen.aspx?Pname=058cfc7b-5273-47df-80f4-ec9b9ef64077.pdf
2026-01-24 10:41:46.775053 | Bharti Airtel Ltd | 403 Client Error: Forbidden for url: https://www.bseindia.com/stockinfo/AnnPdfOpen.aspx?Pname=fb6dabcf-112a-41d7-8e6d-83e358153c89.pdf
2026-01-24 10:41:47.072111 | Tasty Bite Eatables Ltd | 403 Client Error: Forbidden for url: https://www.bseindia.com/stockinfo/AnnPdfOpen.aspx?Pname=fe02f4b0-fbdd-4548-8b72-d4580b8fd9e0.pdf
2026-01-24 10:41:47.399243 | Reliance Infrastructure Ltd | 403 Client Error: Forbidden for url: https://www.bseindia.com/stockinfo/AnnPdfOpen.aspx?Pname=d65c9f5c-08cc-4989-a8a3-62816035f7e1.pdf
2026-01-24 10:41:47.793210 | Reliance Power Ltd | 403 Client Error: Forbidden for url: https://www.bseindia.com/stockinfo/AnnPdfOpen.aspx?Pname=86b2dd4d-dd47-41a7-89ef-b80e96f76777.pdf
2026-01-24 10:41:48.093526 | Camlin Fine Sciences Ltd | 403 Client Error: Forbidden for url: https://www.bseindia.com/stockinfo/AnnPdfOpen.aspx?Pname=d2fb16b9-8a71-43af-8279-e23746fa1f58.pdf
2026-01-24 10:41:48.398420 | Seamec Ltd | 403 Client Error: Forbidden for url: https://www.bseindia.com/stockinfo/AnnPdfOpen.aspx?Pname=88e58385-84cb-4e55-8cb4-dd0e6c434798.pdf
2026-01-24 10:41:48.701321 | Biocon Ltd | 403 Client Error: Forbidden for url: https://www.bseindia.com/stockinfo/AnnPdfOpen.aspx?Pname=36ab8f6c-bf2b-4e67-b623-82c19604bb1f.pdf
2026-01-24 10:41:49.015456 | Kirloskar Industries Ltd | 403 Client Error: Forbidden for url: https://www.bseindia.com/stockinfo/AnnPdfOpen.aspx?Pname=359c3587-c134-4de8-a6a0-975a0c4ad77a.pdf
2026-01-24 10:41:49.345303 | KEC International Ltd | 403 Client Error: Forbidden for url: https://www.bseindia.com/stockinfo/AnnPdfOpen.aspx?Pname=34900a0b-b548-4452-90b2-2ade3cca3bdd.pdf
2026-01-24 10:41:49.683605 | Gloster Ltd | 403 Client Error: Forbidden for url: https://www.bseindia.com/stockinfo/AnnPdfOpen.aspx?Pname=89b0072b-4f53-462e-89c2-9de9cfb6cf94.pdf
2026-01-24 10:41:50.002515 | Gandhar Oil Refinery (India) Ltd | 403 Client Error: Forbidden for url: https://www.bseindia.com/stockinfo/AnnPdfOpen.aspx?Pname=dd5801e9-01f1-4fcc-914d-3afa832e1a03.pdf
2026-01-24 10:41:50.331994 | Cholamandalam Financial Holdings Ltd | 403 Client Error: Forbidden for url: https://www.bseindia.com/stockinfo/AnnPdfOpen.aspx?Pname=65a24553-30cd-45d4-8e8b-d7ff0c8e3ad8.pdf
2026-01-24 10:41:50.639211 | Adf Foods Ltd- | 403 Client Error: Forbidden for url: https://www.bseindia.com/stockinfo/AnnPdfOpen.aspx?Pname=31b1a03b-388d-4a14-b2ff-4c43bdf8d9ad.pdf
2026-01-24 10:41:50.945378 | Cello World Ltd | 403 Client Error: Forbidden for url: https://www.bseindia.com/stockinfo/AnnPdfOpen.aspx?Pname=72c463e4-1c61-4e11-8683-9e79d8f2b786.pdf
2026-01-24 10:41:51.261740 | Man Infraconstruction Ltd | 403 Client Error: Forbidden for url: https://www.bseindia.com/stockinfo/AnnPdfOpen.aspx?Pname=eb7cc0db-72af-4242-8734-746ab0828fb8.pdf
2026-01-24 10:41:51.570498 | Elgi Equipments Ltd | 403 Client Error: Forbidden for url: https://www.bseindia.com/stockinfo/AnnPdfOpen.aspx?Pname=a57e4d20-8b88-4052-bf31-dbb6812ad850.pdf
2026-01-24 10:41:51.900918 | Rane Holdings Ltd | 403 Client Error: Forbidden for url: https://www.bseindia.com/stockinfo/AnnPdfOpen.aspx?Pname=9fd11c57-5fdd-42d9-980a-e671a933b0a0.pdf
2026-01-24 10:41:52.209035 | Galaxy Surfactants Ltd | 403 Client Error: Forbidden for url: https://www.bseindia.com/stockinfo/AnnPdfOpen.aspx?Pname=4b78e95f-f5db-4450-b0e1-a377d54518ee.pdf
2026-01-24 10:41:52.557180 | Bombay Dyeing & Manufacturing Company Ltd | 403 Client Error: Forbidden for url: https://www.bseindia.com/stockinfo/AnnPdfOpen.aspx?Pname=3418b655-30d3-4a05-a6ec-cfe3a7bc975d.pdf
2026-01-24 10:41:52.866672 | Bata India Ltd | 403 Client Error: Forbidden for url: https://www.bseindia.com/stockinfo/AnnPdfOpen.aspx?Pname=b7eb023f-9528-4573-982f-7b0381d9c9dc.pdf
2026-01-24 10:41:53.168427 | Ashok Leyland Ltd | 403 Client Error: Forbidden for url: https://www.bseindia.com/stockinfo/AnnPdfOpen.aspx?Pname=454cde69-6d7b-4145-bcb3-96a348839fe1.pdf
2026-01-24 10:41:53.477010 | S H Kelkar and Company Ltd | 403 Client Error: Forbidden for url: https://www.bseindia.com/stockinfo/AnnPdfOpen.aspx?Pname=2bc42bd7-d95d-47cb-92c1-7851477c212e.pdf
2026-01-24 10:41:53.792433 | Bajel Projects Ltd | 403 Client Error: Forbidden for url: https://www.bseindia.com/stockinfo/AnnPdfOpen.aspx?Pname=1ced8ae9-1d18-4688-ace5-99c15a0f6857.pdf
2026-01-24 10:41:54.134611 | Abbott India Ltd | 403 Client Error: Forbidden for url: https://www.bseindia.com/stockinfo/AnnPdfOpen.aspx?Pname=25fef0ef-4d3f-4f5b-a629-31e8823e187f.pdf
2026-01-24 10:41:54.448308 | Godrej Industries Ltd | 403 Client Error: Forbidden for url: https://www.bseindia.com/stockinfo/AnnPdfOpen.aspx?Pname=5125e6ff-daf1-4af8-9646-c70025af0ead.pdf
2026-01-24 10:41:54.767465 | Endurance Technologies Ltd | 403 Client Error: Forbidden for url: https://www.bseindia.com/stockinfo/AnnPdfOpen.aspx?Pname=5df1a875-e936-45c2-b076-96073e6fab46.pdf
2026-01-24 10:41:55.068547 | Century Enka Ltd | 403 Client Error: Forbidden for url: https://www.bseindia.com/stockinfo/AnnPdfOpen.aspx?Pname=6909dd5c-92dc-49e7-93a5-c50c8bbb3fe1.pdf
2026-01-24 10:41:55.357207 | Xchanging Solutions Ltd | 403 Client Error: Forbidden for url: https://www.bseindia.com/stockinfo/AnnPdfOpen.aspx?Pname=d1dc2171-3c76-42df-9cba-bb9b3a8431a7.pdf
2026-01-24 10:41:55.674198 | Chemplast Sanmar Ltd | 403 Client Error: Forbidden for url: https://www.bseindia.com/stockinfo/AnnPdfOpen.aspx?Pname=6aee0b03-f961-4c48-ad86-f0fb7b82c2a2.pdf
2026-01-24 10:41:55.988631 | Sun Pharma Advanced Research Company Ltd | 403 Client Error: Forbidden for url: https://www.bseindia.com/stockinfo/AnnPdfOpen.aspx?Pname=d95c2947-a9d6-4649-a795-46aa7e232f02.pdf
2026-01-24 10:41:56.287319 | Praveg Ltd | 403 Client Error: Forbidden for url: https://www.bseindia.com/stockinfo/AnnPdfOpen.aspx?Pname=54b06af5-ded0-4614-9e93-cd86f9a22c0b.pdf
2026-01-24 10:41:56.631039 | Automotive Axles Ltd | 403 Client Error: Forbidden for url: https://www.bseindia.com/stockinfo/AnnPdfOpen.aspx?Pname=2c809ed8-4f61-469c-8d6f-56a784ac88cd.pdf
2026-01-24 10:41:56.984149 | Rossell India Ltd | 403 Client Error: Forbidden for url: https://www.bseindia.com/stockinfo/AnnPdfOpen.aspx?Pname=8ead3b5a-724d-4a39-a927-bb37a075ca07.pdf
2026-01-24 10:41:57.290346 | Ramco Systems Ltd | 403 Client Error: Forbidden for url: https://www.bseindia.com/stockinfo/AnnPdfOpen.aspx?Pname=9f7bbee7-172a-4a86-8791-8b134bcbe94e.pdf
2026-01-24 10:41:57.643752 | Sasken Technologies Ltd | 403 Client Error: Forbidden for url: https://www.bseindia.com/stockinfo/AnnPdfOpen.aspx?Pname=c99235b5-db06-4556-9180-6d264073a5b8.pdf
2026-01-24 10:41:57.958443 | JM Financial Ltd- | 403 Client Error: Forbidden for url: https://www.bseindia.com/stockinfo/AnnPdfOpen.aspx?Pname=ec5f60d3-2041-4c29-a386-4ba5131f2464.pdf
2026-01-24 10:41:58.261134 | Amber Enterprises India Ltd | 403 Client Error: Forbidden for url: https://www.bseindia.com/stockinfo/AnnPdfOpen.aspx?Pname=4b92ba61-b856-4f32-8f61-7ecff507f58f.pdf
2026-01-24 10:41:58.596292 | Fermenta Biotech Ltd | 403 Client Error: Forbidden for url: https://www.bseindia.com/stockinfo/AnnPdfOpen.aspx?Pname=16053d6a-3021-4f3d-b0cf-feb2e4db7c35.pdf
2026-01-24 10:41:58.931746 | Godrej Industries Ltd | 403 Client Error: Forbidden for url: https://www.bseindia.com/stockinfo/AnnPdfOpen.aspx?Pname=c8b7f77f-0ddd-49f5-92f5-3af3c7379e94.pdf
2026-01-24 10:41:59.274750 | Avenue Supermarts Ltd | 403 Client Error: Forbidden for url: https://www.bseindia.com/stockinfo/AnnPdfOpen.aspx?Pname=4df65db1-f386-4271-abeb-6003afb1357a.pdf
2026-01-24 10:41:59.583380 | Lupin Ltd | 403 Client Error: Forbidden for url: https://www.bseindia.com/stockinfo/AnnPdfOpen.aspx?Pname=86d99263-372c-421a-9411-ef2fc8fe8a06.pdf
2026-01-24 10:41:59.901171 | Avanti Feeds Ltd- | 403 Client Error: Forbidden for url: https://www.bseindia.com/stockinfo/AnnPdfOpen.aspx?Pname=7d260fdd-db64-4689-8a9f-24621a105208.pdf
2026-01-24 10:42:00.214681 | Bajaj Consumer Care Ltd | 403 Client Error: Forbidden for url: https://www.bseindia.com/stockinfo/AnnPdfOpen.aspx?Pname=4bed9e89-9c91-4878-b573-e4adab2f3719.pdf
2026-01-24 10:42:00.510973 | Britannia Industries Ltd | 403 Client Error: Forbidden for url: https://www.bseindia.com/stockinfo/AnnPdfOpen.aspx?Pname=e62d7b16-01a8-4576-ad09-9b351e3e06e1.pdf
2026-01-24 10:42:00.826966 | TVS Supply Chain Solutions Ltd | 403 Client Error: Forbidden for url: https://www.bseindia.com/stockinfo/AnnPdfOpen.aspx?Pname=f7ade744-d186-4509-817a-975e5fcfbfad.pdf
2026-01-24 10:42:01.140483 | La Opala RG Ltd | 403 Client Error: Forbidden for url: https://www.bseindia.com/stockinfo/AnnPdfOpen.aspx?Pname=f4c20906-ce66-4e8e-a879-36f4055ee53f.pdf
2026-01-24 10:42:01.459477 | Kama Holdings Ltd- | 403 Client Error: Forbidden for url: https://www.bseindia.com/stockinfo/AnnPdfOpen.aspx?Pname=6e9899a4-949b-437b-a01a-57970b31a85b.pdf
2026-01-24 10:42:01.748034 | Alkem Laboratories Ltd | 403 Client Error: Forbidden for url: https://www.bseindia.com/stockinfo/AnnPdfOpen.aspx?Pname=e437ed77-67e1-4fc6-a9e4-d369554884e4.pdf
2026-01-24 10:42:02.062059 | Disa India Ltd | 403 Client Error: Forbidden for url: https://www.bseindia.com/stockinfo/AnnPdfOpen.aspx?Pname=d7828a99-70cc-48b8-bbc5-9676d1061284.pdf
2026-01-24 10:42:02.360338 | Linde India Ltd | 403 Client Error: Forbidden for url: https://www.bseindia.com/stockinfo/AnnPdfOpen.aspx?Pname=e315b04b-082d-4f81-ab0e-1d49ca464479.pdf
2026-01-24 10:42:02.671010 | GIC Housing Finance Ltd | 403 Client Error: Forbidden for url: https://www.bseindia.com/stockinfo/AnnPdfOpen.aspx?Pname=898e5db1-13e9-44e9-9149-6512410d3fe9.pdf
2026-01-24 10:42:02.997127 | Bombay Burmah Trading Corporation Ltd | 403 Client Error: Forbidden for url: https://www.bseindia.com/stockinfo/AnnPdfOpen.aspx?Pname=c27c9762-94e5-49e2-9e9d-574dbc02dd49.pdf
2026-01-24 10:42:03.314352 | Amara Raja Energy & Mobility Ltd | 403 Client Error: Forbidden for url: https://www.bseindia.com/stockinfo/AnnPdfOpen.aspx?Pname=d2e4f1b0-976e-4453-943d-b0413bf4019d.pdf
2026-01-24 10:42:03.622274 | Manappuram Finance Ltd | 403 Client Error: Forbidden for url: https://www.bseindia.com/stockinfo/AnnPdfOpen.aspx?Pname=2bb63e51-2943-4b4e-89d8-4f320e745cb6.pdf
2026-01-24 10:42:03.955062 | Hindustan Construction Company Ltd | 403 Client Error: Forbidden for url: https://www.bseindia.com/stockinfo/AnnPdfOpen.aspx?Pname=f63ead7b-89d1-4317-9264-97c7a7e709cb.pdf
2026-01-24 10:42:04.296413 | AVT Natural Products Ltd | 403 Client Error: Forbidden for url: https://www.bseindia.com/stockinfo/AnnPdfOpen.aspx?Pname=32241d7b-c5cf-4034-967c-9cc56e419a62.pdf
2026-01-24 10:42:04.612847 | Timex Group India Ltd- | 403 Client Error: Forbidden for url: https://www.bseindia.com/stockinfo/AnnPdfOpen.aspx?Pname=f629d47d-7a85-4963-b059-8f367fe89c0a.pdf
2026-01-24 10:42:04.896801 | Ramco Industries Ltd | 403 Client Error: Forbidden for url: https://www.bseindia.com/stockinfo/AnnPdfOpen.aspx?Pname=09674ffd-7779-4cfb-b1b7-0b116e906ac8.pdf
2026-01-24 10:42:05.301711 | Blue Dart Express Ltd | 403 Client Error: Forbidden for url: https://www.bseindia.com/stockinfo/AnnPdfOpen.aspx?Pname=bb1db7ee-ce1f-4f9c-80c8-27c4f20d2a89.pdf
2026-01-24 10:42:05.635585 | Aegis Logistics Ltd | 403 Client Error: Forbidden for url: https://www.bseindia.com/stockinfo/AnnPdfOpen.aspx?Pname=99245420-4e7e-44be-8054-c9ea840e374e.pdf
2026-01-24 10:42:05.955683 | Nava Ltd | 403 Client Error: Forbidden for url: https://www.bseindia.com/stockinfo/AnnPdfOpen.aspx?Pname=1f1ab297-b897-4ea8-985a-0cc3b4c5ac50.pdf
2026-01-24 10:42:06.282771 | Berger Paints India Ltd | 403 Client Error: Forbidden for url: https://www.bseindia.com/stockinfo/AnnPdfOpen.aspx?Pname=4c6cfc93-31ae-4e42-8a94-75a2fb33bf9b.pdf
2026-01-24 10:42:06.580178 | PI Industries Ltd | 403 Client Error: Forbidden for url: https://www.bseindia.com/stockinfo/AnnPdfOpen.aspx?Pname=4823734c-d4c1-4fbd-99a6-62e0274c5bfc.pdf
2026-01-24 10:42:06.887762 | Grasim Industries Ltd | 403 Client Error: Forbidden for url: https://www.bseindia.com/stockinfo/AnnPdfOpen.aspx?Pname=cbb17ae3-612c-4287-bc75-afcd04fd066a.pdf
2026-01-24 10:42:07.193455 | India Cements Ltd | 403 Client Error: Forbidden for url: https://www.bseindia.com/stockinfo/AnnPdfOpen.aspx?Pname=7d2c9038-07c2-4858-bbeb-396a0adde971.pdf
2026-01-24 10:42:07.541093 | VA Tech Wabag Ltd | 403 Client Error: Forbidden for url: https://www.bseindia.com/stockinfo/AnnPdfOpen.aspx?Pname=2b34afc9-e92f-48d4-8912-775aa861ce68.pdf
2026-01-24 10:42:07.861554 | Timken India Ltd | 403 Client Error: Forbidden for url: https://www.bseindia.com/stockinfo/AnnPdfOpen.aspx?Pname=442f2091-6b51-4afc-a586-e08fa2a04903.pdf
2026-01-24 10:42:08.188618 | Aditya Birla Capital Ltd | 403 Client Error: Forbidden for url: https://www.bseindia.com/stockinfo/AnnPdfOpen.aspx?Pname=3a40eb30-81d3-41bb-a149-6be79501fad2.pdf
2026-01-24 10:42:08.591584 | Rajratan Global Wire Ltd | 403 Client Error: Forbidden for url: https://www.bseindia.com/stockinfo/AnnPdfOpen.aspx?Pname=c81d43a0-d288-4d64-90a7-3b3f897d3f84.pdf
2026-01-24 10:42:08.919065 | Kovai Medical Center & Hospital Ltd | 403 Client Error: Forbidden for url: https://www.bseindia.com/stockinfo/AnnPdfOpen.aspx?Pname=5b8ab579-26a9-4cd9-a6cb-37aa58a7a7b5.pdf
2026-01-24 10:42:09.260024 | Unimech Aerospace and Manufacturing Ltd | 403 Client Error: Forbidden for url: https://www.bseindia.com/stockinfo/AnnPdfOpen.aspx?Pname=4174926e-f571-4753-8a0d-e05b7f56a3c6.pdf
2026-01-24 10:42:09.611389 | AstraZeneca Pharma India Ltd | 403 Client Error: Forbidden for url: https://www.bseindia.com/stockinfo/AnnPdfOpen.aspx?Pname=7c0d24b5-c506-482a-9170-54db90ca9ca1.pdf
2026-01-24 10:42:09.896079 | City Union Bank Ltd | 403 Client Error: Forbidden for url: https://www.bseindia.com/stockinfo/AnnPdfOpen.aspx?Pname=9412fdea-2172-4c45-b101-46294bce8ee8.pdf
2026-01-24 10:42:10.184472 | Metropolis Healthcare Ltd | 403 Client Error: Forbidden for url: https://www.bseindia.com/stockinfo/AnnPdfOpen.aspx?Pname=4c2b71cd-836b-4e11-b776-4585395c0469.pdf
2026-01-24 10:42:10.481473 | Repro India Ltd | 403 Client Error: Forbidden for url: https://www.bseindia.com/stockinfo/AnnPdfOpen.aspx?Pname=bb421640-3471-49f9-ae96-fcbaa2b55ce1.pdf
2026-01-24 10:42:10.812404 | GE Power India Ltd | 403 Client Error: Forbidden for url: https://www.bseindia.com/stockinfo/AnnPdfOpen.aspx?Pname=4f061a22-aa91-475f-a268-8dc9a6d0f95f.pdf
2026-01-24 10:42:11.136208 | Grauer & Weil India Ltd- | 403 Client Error: Forbidden for url: https://www.bseindia.com/stockinfo/AnnPdfOpen.aspx?Pname=79a3c252-14fb-4d16-911d-0b79963a1ba2.pdf
2026-01-24 10:42:11.487199 | Vishnu Chemicals Ltd | 403 Client Error: Forbidden for url: https://www.bseindia.com/stockinfo/AnnPdfOpen.aspx?Pname=ea9d64a4-e5d3-4b98-b58a-2993cb8f4ee0.pdf
2026-01-24 10:42:11.787096 | Bayer CropScience Ltd | 403 Client Error: Forbidden for url: https://www.bseindia.com/stockinfo/AnnPdfOpen.aspx?Pname=e84b8c6d-61d2-4618-aa3b-406ccb7aec5b.pdf
2026-01-24 10:42:12.089567 | CCL Products (India) Ltd | 403 Client Error: Forbidden for url: https://www.bseindia.com/stockinfo/AnnPdfOpen.aspx?Pname=d3537652-9cc2-4e96-bacf-a9ff8cf34728.pdf
2026-01-24 10:42:12.417143 | Dish TV India Ltd | 403 Client Error: Forbidden for url: https://www.bseindia.com/stockinfo/AnnPdfOpen.aspx?Pname=2d452edf-3376-4338-9ac6-e74b1643eb10.pdf
2026-01-24 10:42:12.738500 | Deepak Nitrite Ltd- | 403 Client Error: Forbidden for url: https://www.bseindia.com/stockinfo/AnnPdfOpen.aspx?Pname=51efcaf7-a305-4714-969c-125477cd4428.pdf
2026-01-24 10:42:13.047379 | Hitachi Energy India Ltd | 403 Client Error: Forbidden for url: https://www.bseindia.com/stockinfo/AnnPdfOpen.aspx?Pname=da9de3f9-ef8c-4ec8-9a85-a5a1c8a8509d.pdf
2026-01-24 10:42:13.380720 | Kalyani Steels Ltd | 403 Client Error: Forbidden for url: https://www.bseindia.com/stockinfo/AnnPdfOpen.aspx?Pname=8e606118-0ed9-4cfa-84e2-e3596aa75367.pdf
2026-01-24 10:42:13.694668 | Eternal Ltd | 403 Client Error: Forbidden for url: https://www.bseindia.com/stockinfo/AnnPdfOpen.aspx?Pname=7ead86ed-ca36-4e60-979f-5d9fd4cd1f73.pdf
2026-01-24 10:42:13.995493 | Globus Spirits Ltd | 403 Client Error: Forbidden for url: https://www.bseindia.com/stockinfo/AnnPdfOpen.aspx?Pname=d484e9cd-44c9-4e17-9326-c9da7c8e57e2.pdf
2026-01-24 10:42:14.311104 | LG Balakrishnan & Bros Ltd | 403 Client Error: Forbidden for url: https://www.bseindia.com/stockinfo/AnnPdfOpen.aspx?Pname=72308a21-1aff-459b-b1ac-cdca7f90c900.pdf
2026-01-24 10:42:14.613880 | RailTel Corporation of India Ltd | 403 Client Error: Forbidden for url: https://www.bseindia.com/stockinfo/AnnPdfOpen.aspx?Pname=48e0562f-aaae-42b8-a2b2-fc9a5fef3f70.pdf
2026-01-24 10:42:14.924479 | NGL Fine Chem Ltd | 403 Client Error: Forbidden for url: https://www.bseindia.com/stockinfo/AnnPdfOpen.aspx?Pname=9da6e56c-6687-4370-8e83-8eee133e038c.pdf
2026-01-24 10:42:15.255853 | India Pesticides Ltd | 403 Client Error: Forbidden for url: https://www.bseindia.com/stockinfo/AnnPdfOpen.aspx?Pname=18140be6-0269-4eab-8192-d271e79fda37.pdf
2026-01-24 10:42:15.600796 | Transworld Shipping Lines Ltd | 403 Client Error: Forbidden for url: https://www.bseindia.com/stockinfo/AnnPdfOpen.aspx?Pname=eddf26b4-47a8-41b1-a7fe-52350ad64aeb.pdf
2026-01-24 10:42:15.905372 | Fine Organic Industries Ltd | 403 Client Error: Forbidden for url: https://www.bseindia.com/stockinfo/AnnPdfOpen.aspx?Pname=73607dae-4fe3-457f-9713-d6c0f9a595be.pdf
2026-01-24 10:42:16.184840 | Can Fin Homes Ltd | 403 Client Error: Forbidden for url: https://www.bseindia.com/stockinfo/AnnPdfOpen.aspx?Pname=b34e7682-9e6a-4bcd-88cb-92e9401fb1f6.pdf
2026-01-24 10:42:16.489345 | Bharti Hexacom Ltd | 403 Client Error: Forbidden for url: https://www.bseindia.com/stockinfo/AnnPdfOpen.aspx?Pname=b2ec0cab-cd48-480f-b2e5-4a65264299e2.pdf
2026-01-24 10:42:16.800580 | InterGlobe Aviation Ltd | 403 Client Error: Forbidden for url: https://www.bseindia.com/stockinfo/AnnPdfOpen.aspx?Pname=5bf7b8df-2b30-4e1e-a520-ea051c134813.pdf
2026-01-24 10:42:17.118862 | TVS Motor Company Ltd | 403 Client Error: Forbidden for url: https://www.bseindia.com/stockinfo/AnnPdfOpen.aspx?Pname=adc3e93f-b32f-4f2b-a08c-91f0b18c6aeb.pdf
2026-01-24 10:42:17.462211 | Bharat Heavy Electricals Ltd | 403 Client Error: Forbidden for url: https://www.bseindia.com/stockinfo/AnnPdfOpen.aspx?Pname=c60c4660-b005-47f1-9a51-b07cdb1e4b55.pdf
2026-01-24 10:42:17.775558 | TVS Holdings Ltd | 403 Client Error: Forbidden for url: https://www.bseindia.com/stockinfo/AnnPdfOpen.aspx?Pname=1cce8cf2-0ad3-447a-b593-e8ba2f49bef2.pdf
2026-01-24 10:42:18.091885 | Yes Bank Ltd | 403 Client Error: Forbidden for url: https://www.bseindia.com/stockinfo/AnnPdfOpen.aspx?Pname=d4758344-6860-41f6-b811-b22c1c3da8b0.pdf
2026-01-24 10:42:18.441150 | Excel Industries Ltd | 403 Client Error: Forbidden for url: https://www.bseindia.com/stockinfo/AnnPdfOpen.aspx?Pname=84bb3ccf-36e1-43e1-a791-878b7a26c339.pdf
2026-01-24 10:42:18.759029 | PNB Housing Finance Ltd | 403 Client Error: Forbidden for url: https://www.bseindia.com/stockinfo/AnnPdfOpen.aspx?Pname=bcc8936d-80e1-48af-bb68-8e8b0c391277.pdf
2026-01-24 10:42:19.041908 | UltraTech Cement Ltd | 403 Client Error: Forbidden for url: https://www.bseindia.com/stockinfo/AnnPdfOpen.aspx?Pname=a3fa3c06-68a4-408b-9d3e-089ebd48d102.pdf
2026-01-24 10:42:19.356542 | Hindustan Petroleum Corporation Ltd | 403 Client Error: Forbidden for url: https://www.bseindia.com/stockinfo/AnnPdfOpen.aspx?Pname=97e05cc2-45ba-415d-843a-ddbf0a25ce9a.pdf
2026-01-24 10:42:19.650161 | Wonderla Holidays Ltd | 403 Client Error: Forbidden for url: https://www.bseindia.com/stockinfo/AnnPdfOpen.aspx?Pname=d48ea5df-b293-4a9c-9a7e-980433a6dd10.pdf
2026-01-24 10:42:19.974598 | The Anup Engineering Ltd | 403 Client Error: Forbidden for url: https://www.bseindia.com/stockinfo/AnnPdfOpen.aspx?Pname=31c1bd7e-a427-495c-91bc-aca970e9ea64.pdf
2026-01-24 10:42:20.304142 | Oriental Aromatics Ltd- | 403 Client Error: Forbidden for url: https://www.bseindia.com/stockinfo/AnnPdfOpen.aspx?Pname=95b6369f-3057-479a-9b25-871be7f4157a.pdf
2026-01-24 10:42:20.637791 | Eicher Motors Ltd | 403 Client Error: Forbidden for url: https://www.bseindia.com/stockinfo/AnnPdfOpen.aspx?Pname=2c745f12-4715-4138-a7b4-d0f815caca9c.pdf
2026-01-24 10:42:20.948448 | Expleo Solutions Ltd | 403 Client Error: Forbidden for url: https://www.bseindia.com/stockinfo/AnnPdfOpen.aspx?Pname=d6180c4e-0562-4c61-9f03-5e5475245695.pdf
2026-01-24 10:42:21.267497 | Sterlite Technologies Ltd | 403 Client Error: Forbidden for url: https://www.bseindia.com/stockinfo/AnnPdfOpen.aspx?Pname=8a377dc8-a268-4db9-9bb0-f209488c67f3.pdf
2026-01-24 10:42:21.598278 | Abans Financial Services Ltd | 403 Client Error: Forbidden for url: https://www.bseindia.com/stockinfo/AnnPdfOpen.aspx?Pname=ab368fc0-728f-4b82-a03c-b22c0e35769e.pdf
2026-01-24 10:42:21.918783 | Indo Count Industries Ltd | 403 Client Error: Forbidden for url: https://www.bseindia.com/stockinfo/AnnPdfOpen.aspx?Pname=db4af686-9920-4995-b220-90d567bdb6d3.pdf
2026-01-24 10:42:22.249745 | Hindalco Industries Ltd | 403 Client Error: Forbidden for url: https://www.bseindia.com/stockinfo/AnnPdfOpen.aspx?Pname=4e11c6f6-92f5-4dd4-8369-b5c770b30ae9.pdf
2026-01-24 10:42:22.581753 | Restaurant Brands Asia Ltd | 403 Client Error: Forbidden for url: https://www.bseindia.com/stockinfo/AnnPdfOpen.aspx?Pname=d02c6424-06b2-4a1a-a81e-2ab22f0d099d.pdf
2026-01-24 10:42:22.896399 | H.G. Infra Engineering Ltd | 403 Client Error: Forbidden for url: https://www.bseindia.com/stockinfo/AnnPdfOpen.aspx?Pname=f6b53063-b4c1-44da-bcfb-f82c4ecdef65.pdf
2026-01-24 10:42:23.213193 | Brigade Enterprises Ltd | 403 Client Error: Forbidden for url: https://www.bseindia.com/stockinfo/AnnPdfOpen.aspx?Pname=7a04144c-a8cd-41b4-8055-3e7e2725c7c3.pdf
2026-01-24 10:42:23.518751 | Flair Writing Industries Ltd | 403 Client Error: Forbidden for url: https://www.bseindia.com/stockinfo/AnnPdfOpen.aspx?Pname=693baad3-9e19-4db9-b6b5-1640e81b6b25.pdf
2026-01-24 10:42:23.866120 | Repco Home Finance Ltd | 403 Client Error: Forbidden for url: https://www.bseindia.com/stockinfo/AnnPdfOpen.aspx?Pname=477f3fe7-b215-43c8-a7b3-a5e784a412fc.pdf
2026-01-24 10:42:24.173818 | Sterling and Wilson Renewable Energy Ltd | 403 Client Error: Forbidden for url: https://www.bseindia.com/stockinfo/AnnPdfOpen.aspx?Pname=4233273a-a17b-4f17-8e5c-f6bbcd5e278d.pdf
2026-01-24 10:42:24.495863 | South Indian Bank Ltd | 403 Client Error: Forbidden for url: https://www.bseindia.com/stockinfo/AnnPdfOpen.aspx?Pname=f442f714-b45b-4a4f-94a3-ef1117478d6f.pdf
2026-01-24 10:42:24.803078 | IKIO Technologies Ltd | 403 Client Error: Forbidden for url: https://www.bseindia.com/stockinfo/AnnPdfOpen.aspx?Pname=30bad74b-8cd0-4696-a39c-ac83dac4d6a3.pdf
2026-01-24 10:42:25.127771 | Swiggy Ltd | 403 Client Error: Forbidden for url: https://www.bseindia.com/stockinfo/AnnPdfOpen.aspx?Pname=2232e5aa-900c-42c1-a796-20872ebc5a6d.pdf
2026-01-24 10:42:25.454759 | Raghav Productivity Enhancers Ltd | 403 Client Error: Forbidden for url: https://www.bseindia.com/stockinfo/AnnPdfOpen.aspx?Pname=0e809257-7df2-4a65-ab83-1e4af524cdf2.pdf
2026-01-24 10:42:25.759050 | Ceat Ltd | 403 Client Error: Forbidden for url: https://www.bseindia.com/stockinfo/AnnPdfOpen.aspx?Pname=79660c61-0b65-44ea-a770-ff12c3e867df.pdf
2026-01-24 10:42:26.054229 | Mangalam Cement Ltd | 403 Client Error: Forbidden for url: https://www.bseindia.com/stockinfo/AnnPdfOpen.aspx?Pname=d1a4b103-f59f-43d9-b41c-82979b0f8e10.pdf
2026-01-24 10:42:26.389590 | ZF Commercial Vehicle Control Systems India Ltd | 403 Client Error: Forbidden for url: https://www.bseindia.com/stockinfo/AnnPdfOpen.aspx?Pname=cf80ab5b-086f-43e9-8795-558c37946b00.pdf
2026-01-24 10:42:26.761535 | Aptus Value Housing Finance India Ltd | 403 Client Error: Forbidden for url: https://www.bseindia.com/stockinfo/AnnPdfOpen.aspx?Pname=dd60ded9-2dbe-4a6e-a681-0e1a4857ec0b.pdf
2026-01-24 10:42:27.132446 | Varroc Engineering Ltd | 403 Client Error: Forbidden for url: https://www.bseindia.com/stockinfo/AnnPdfOpen.aspx?Pname=51f9cde3-2363-4d2d-99ba-1b82b5265c3f.pdf
2026-01-24 10:42:27.451398 | Lloyds Engineering Works Ltd | 403 Client Error: Forbidden for url: https://www.bseindia.com/stockinfo/AnnPdfOpen.aspx?Pname=8fcc0af1-785e-4c9c-a0b7-6fe53889c8cf.pdf
2026-01-24 10:42:27.799078 | Bannari Amman Sugars Ltd | 403 Client Error: Forbidden for url: https://www.bseindia.com/stockinfo/AnnPdfOpen.aspx?Pname=9506d6a0-e222-4eec-ae1b-94111dfcd958.pdf
2026-01-24 10:42:28.130358 | Hindustan Aeronautics Ltd | 403 Client Error: Forbidden for url: https://www.bseindia.com/stockinfo/AnnPdfOpen.aspx?Pname=7adabbd4-07a9-48e6-bd58-ea2ba8256c2b.pdf
2026-01-24 10:42:28.463878 | Everest Kanto Cylinder Ltd | 403 Client Error: Forbidden for url: https://www.bseindia.com/stockinfo/AnnPdfOpen.aspx?Pname=b87452fb-f53e-47e4-bbeb-c2481f5c5cf6.pdf
2026-01-24 10:42:28.843188 | Bhagiradha Chemicals & Industries Ltd | 403 Client Error: Forbidden for url: https://www.bseindia.com/stockinfo/AnnPdfOpen.aspx?Pname=b98199da-627e-4212-ba5b-9ce2601b3c7a.pdf
2026-01-24 10:42:29.204292 | Suven Life Sciences Ltd | 403 Client Error: Forbidden for url: https://www.bseindia.com/stockinfo/AnnPdfOpen.aspx?Pname=200c7bee-f412-4a91-ac46-f342b53129ad.pdf
2026-01-24 10:42:29.678459 | Life Insurance Corporation of India | 403 Client Error: Forbidden for url: https://www.bseindia.com/stockinfo/AnnPdfOpen.aspx?Pname=4f87dd96-936c-4657-b8f5-a7828217b606.pdf
2026-01-24 10:42:30.078003 | Mangalore Chemicals & Fertilizers Ltd | 403 Client Error: Forbidden for url: https://www.bseindia.com/stockinfo/AnnPdfOpen.aspx?Pname=030bd6ab-1e42-4ffd-b4bf-5a0f9486dc72.pdf
2026-01-24 10:42:30.499462 | West Coast Paper Mills Ltd | 403 Client Error: Forbidden for url: https://www.bseindia.com/stockinfo/AnnPdfOpen.aspx?Pname=c188348e-29fc-4dee-97a1-d3fef5ee43fa.pdf
2026-01-24 10:42:30.911024 | Bandhan Bank Ltd | 403 Client Error: Forbidden for url: https://www.bseindia.com/stockinfo/AnnPdfOpen.aspx?Pname=5fbc8946-2e54-4ee0-8404-0fe633c0ad9d.pdf
2026-01-24 10:42:31.324065 | CMS Info Systems Ltd | 403 Client Error: Forbidden for url: https://www.bseindia.com/stockinfo/AnnPdfOpen.aspx?Pname=a406ccc5-7874-4feb-8fe5-ac5fcdd97e3e.pdf
2026-01-24 10:42:31.725790 | Paras Defence and Space Technologies Ltd | 403 Client Error: Forbidden for url: https://www.bseindia.com/stockinfo/AnnPdfOpen.aspx?Pname=2f64ab42-1ea7-4d62-b85b-522629d96758.pdf
2026-01-24 10:42:32.130915 | Minda Corporation Ltd | 403 Client Error: Forbidden for url: https://www.bseindia.com/stockinfo/AnnPdfOpen.aspx?Pname=d07bce09-5c34-4c3a-a25a-de9e3ad152f6.pdf
2026-01-24 10:42:32.534616 | Gland Pharma Ltd | 403 Client Error: Forbidden for url: https://www.bseindia.com/stockinfo/AnnPdfOpen.aspx?Pname=44acd327-2dbb-42ea-833b-f988fdbf1206.pdf
2026-01-24 10:42:32.918316 | IOL Chemicals & Pharmaceuticals Ltd | 403 Client Error: Forbidden for url: https://www.bseindia.com/stockinfo/AnnPdfOpen.aspx?Pname=c8c1d884-e802-4f50-9782-8b7fa1f5ecc4.pdf
2026-01-24 10:42:33.261850 | Greenply Industries Ltd | 403 Client Error: Forbidden for url: https://www.bseindia.com/stockinfo/AnnPdfOpen.aspx?Pname=563201f1-e2a6-4ffc-bda4-8138cb873efa.pdf
2026-01-24 10:42:33.601708 | DCB Bank Ltd | 403 Client Error: Forbidden for url: https://www.bseindia.com/stockinfo/AnnPdfOpen.aspx?Pname=d48f52f8-fe85-4ab7-9d52-20c89350f232.pdf
2026-01-24 10:42:33.925922 | Bharat Petroleum Corporation Ltd | 403 Client Error: Forbidden for url: https://www.bseindia.com/stockinfo/AnnPdfOpen.aspx?Pname=96d978e1-69cd-495c-8eef-8111079a7624.pdf
2026-01-24 10:42:34.233763 | Den Networks Ltd | 403 Client Error: Forbidden for url: https://www.bseindia.com/stockinfo/AnnPdfOpen.aspx?Pname=1d80006c-8ebd-444a-9b48-547d727365e7.pdf
2026-01-24 10:42:34.549134 | SBI Cards and Payment Services Ltd | 403 Client Error: Forbidden for url: https://www.bseindia.com/stockinfo/AnnPdfOpen.aspx?Pname=5b7e8c5e-4736-407c-90c9-e602c0236616.pdf
2026-01-24 10:42:34.853688 | Niva Bupa Health Insurance Company Ltd | 403 Client Error: Forbidden for url: https://www.bseindia.com/stockinfo/AnnPdfOpen.aspx?Pname=e6435169-12a1-41dd-ac67-651eeaebb3bb.pdf
2026-01-24 10:42:35.195728 | Ola Electric Mobility Ltd | 403 Client Error: Forbidden for url: https://www.bseindia.com/stockinfo/AnnPdfOpen.aspx?Pname=52b08772-4a39-4fbd-bba0-3ef9c1a5b9c2.pdf
2026-01-24 10:42:35.514808 | Utkarsh Small Finance Bank Ltd | 403 Client Error: Forbidden for url: https://www.bseindia.com/stockinfo/AnnPdfOpen.aspx?Pname=5de3b559-f963-4d4e-b3a8-d41fa11b5a02.pdf
2026-01-24 10:42:35.884527 | Mahanagar Gas Ltd | 403 Client Error: Forbidden for url: https://www.bseindia.com/stockinfo/AnnPdfOpen.aspx?Pname=b7f62719-9d4c-4e51-8cf3-d232fab08ac7.pdf
2026-01-24 10:42:36.233271 | ZEN Technologies Ltd | 403 Client Error: Forbidden for url: https://www.bseindia.com/stockinfo/AnnPdfOpen.aspx?Pname=1c3f795c-0d87-4b60-90a3-78c0b3804b7d.pdf
2026-01-24 10:42:36.559406 | Hatsun Agro Product Ltd | 403 Client Error: Forbidden for url: https://www.bseindia.com/stockinfo/AnnPdfOpen.aspx?Pname=5147b83d-8320-4e1a-87dd-d4dede294399.pdf
2026-01-24 10:42:36.889691 | NCC Ltd | 403 Client Error: Forbidden for url: https://www.bseindia.com/stockinfo/AnnPdfOpen.aspx?Pname=8895c03d-b116-444a-940d-ef7b506c56e7.pdf
2026-01-24 10:42:37.218282 | Veedol Corporation Ltd | 403 Client Error: Forbidden for url: https://www.bseindia.com/stockinfo/AnnPdfOpen.aspx?Pname=a644aef2-2459-4c28-9e05-6c9ca81756d4.pdf
2026-01-24 10:42:37.576785 | Trident Ltd | 403 Client Error: Forbidden for url: https://www.bseindia.com/stockinfo/AnnPdfOpen.aspx?Pname=2fad3880-bf9a-47aa-b618-d1b20c4e6e5e.pdf
2026-01-24 10:42:37.967242 | Electrosteel Castings Ltd | 403 Client Error: Forbidden for url: https://www.bseindia.com/stockinfo/AnnPdfOpen.aspx?Pname=4672dfb3-3465-400c-8d37-2f04503fb23c.pdf
2026-01-24 10:42:38.364835 | Jubilant FoodWorks Ltd | 403 Client Error: Forbidden for url: https://www.bseindia.com/stockinfo/AnnPdfOpen.aspx?Pname=5427027e-04cf-4edd-9f81-44a2f1f2a5d8.pdf
2026-01-24 10:42:38.739677 | Hindustan Zinc Ltd | 403 Client Error: Forbidden for url: https://www.bseindia.com/stockinfo/AnnPdfOpen.aspx?Pname=38b4bdd9-4799-4c2b-a32c-91486882e7ec.pdf
2026-01-24 10:42:39.138838 | Vodafone Idea Ltd | 403 Client Error: Forbidden for url: https://www.bseindia.com/stockinfo/AnnPdfOpen.aspx?Pname=e0303515-de2f-4702-8c7b-f00662e822d7.pdf
2026-01-24 10:42:39.539491 | Lumax Industries Ltd | 403 Client Error: Forbidden for url: https://www.bseindia.com/stockinfo/AnnPdfOpen.aspx?Pname=641a6674-0588-4cb0-88b9-1404a1b0bc42.pdf
2026-01-24 10:42:39.868361 | Lumax Auto Technologies Ltd | 403 Client Error: Forbidden for url: https://www.bseindia.com/stockinfo/AnnPdfOpen.aspx?Pname=ad9b5e76-6a77-446d-a862-22a42000921e.pdf
2026-01-24 10:42:40.174563 | Info Edge (India) Ltd | 403 Client Error: Forbidden for url: https://www.bseindia.com/stockinfo/AnnPdfOpen.aspx?Pname=ddc43203-ec04-4e85-8e23-2bbcf4361bc3.pdf
2026-01-24 10:42:40.500606 | 5paisa Capital Ltd | 403 Client Error: Forbidden for url: https://www.bseindia.com/stockinfo/AnnPdfOpen.aspx?Pname=ca61eaa1-c5d0-41da-81b5-02ad881aee2f.pdf
2026-01-24 10:42:40.826357 | Arvind Fashions Ltd | 403 Client Error: Forbidden for url: https://www.bseindia.com/stockinfo/AnnPdfOpen.aspx?Pname=c51f5c95-7d3f-4c1c-80ad-560933b0be21.pdf
2026-01-24 10:42:41.153250 | Chambal Fertilisers & Chemicals Ltd | 403 Client Error: Forbidden for url: https://www.bseindia.com/stockinfo/AnnPdfOpen.aspx?Pname=14a39e26-1b13-4611-9681-698bb4538332.pdf
2026-01-24 10:42:41.468014 | Sai Silks (Kalamandir) Ltd | 403 Client Error: Forbidden for url: https://www.bseindia.com/stockinfo/AnnPdfOpen.aspx?Pname=aeea10a7-b97a-4afd-9419-44b51432fce4.pdf
2026-01-24 10:42:41.769957 | Chennai Petroleum Corporation Ltd | 403 Client Error: Forbidden for url: https://www.bseindia.com/stockinfo/AnnPdfOpen.aspx?Pname=f5c8287e-e957-4252-bbf1-933e043e5df5.pdf
2026-01-24 10:42:42.077267 | REC Ltd | 403 Client Error: Forbidden for url: https://www.bseindia.com/stockinfo/AnnPdfOpen.aspx?Pname=80b37781-d471-4059-9bd4-3565e171f547.pdf
2026-01-24 10:42:42.376967 | CSB Bank Ltd | 403 Client Error: Forbidden for url: https://www.bseindia.com/stockinfo/AnnPdfOpen.aspx?Pname=e4e22617-1fea-45d2-a3fc-49f020b083d0.pdf
2026-01-24 10:42:42.678132 | Astral Ltd | 403 Client Error: Forbidden for url: https://www.bseindia.com/stockinfo/AnnPdfOpen.aspx?Pname=0abe5c5a-84d3-4f7d-bd79-76b26c9c8d3a.pdf
2026-01-24 10:42:43.003516 | Kuantum Papers Ltd | 403 Client Error: Forbidden for url: https://www.bseindia.com/stockinfo/AnnPdfOpen.aspx?Pname=b044c22c-772b-4e73-9f08-cf773718b949.pdf
2026-01-24 10:42:43.335383 | Jammu & Kashmir Bank Ltd | 403 Client Error: Forbidden for url: https://www.bseindia.com/stockinfo/AnnPdfOpen.aspx?Pname=0d797469-2b60-4cfc-855d-066c13e3882a.pdf
2026-01-24 10:42:43.630579 | FSN E-Commerce Ventures Ltd | 403 Client Error: Forbidden for url: https://www.bseindia.com/stockinfo/AnnPdfOpen.aspx?Pname=4300e5eb-d720-4de7-a992-864eb208bf79.pdf
2026-01-24 10:42:43.949945 | HCL Technologies Ltd | 403 Client Error: Forbidden for url: https://www.bseindia.com/stockinfo/AnnPdfOpen.aspx?Pname=3e2eefe5-b432-4464-a334-c92749deddb0.pdf
2026-01-24 10:42:44.299844 | Northern Arc Capital Ltd | 403 Client Error: Forbidden for url: https://www.bseindia.com/stockinfo/AnnPdfOpen.aspx?Pname=ac5fd2ad-3286-466e-a8cc-aff892a854ea.pdf
2026-01-24 10:42:44.602577 | Power Grid Corporation of India Ltd | 403 Client Error: Forbidden for url: https://www.bseindia.com/stockinfo/AnnPdfOpen.aspx?Pname=b3a8b4e0-2d58-4f9a-b38b-9b5c9d2922be.pdf
2026-01-24 10:42:44.955078 | Coal India Ltd | 403 Client Error: Forbidden for url: https://www.bseindia.com/stockinfo/AnnPdfOpen.aspx?Pname=94e6afb0-ab09-41d7-8377-07d692584406.pdf
2026-01-24 10:42:45.270978 | Khaitan Chemicals & Fertilizers Ltd | 403 Client Error: Forbidden for url: https://www.bseindia.com/stockinfo/AnnPdfOpen.aspx?Pname=122f5cfc-7a9f-4626-a57d-e8ec81dfc5f6.pdf
2026-01-24 10:42:45.567530 | Shyam Metalics and Energy Ltd | 403 Client Error: Forbidden for url: https://www.bseindia.com/stockinfo/AnnPdfOpen.aspx?Pname=5318bc17-e137-4754-a2a5-3efd341db872.pdf
2026-01-24 10:42:45.895732 | 3M India Ltd | 403 Client Error: Forbidden for url: https://www.bseindia.com/stockinfo/AnnPdfOpen.aspx?Pname=e8a6812e-db9c-4fdb-b9a8-88902e33cfbd.pdf
2026-01-24 10:42:46.191881 | Relaxo Footwears Ltd- | 403 Client Error: Forbidden for url: https://www.bseindia.com/stockinfo/AnnPdfOpen.aspx?Pname=a79cb115-16a7-4106-b5f4-e23e9f4da3e9.pdf
2026-01-24 10:42:46.516104 | Ram Ratna Wires Ltd- | 403 Client Error: Forbidden for url: https://www.bseindia.com/stockinfo/AnnPdfOpen.aspx?Pname=721bcccd-c414-427c-8b07-f93c0736d785.pdf
2026-01-24 10:42:46.819516 | Senco Gold Ltd | 403 Client Error: Forbidden for url: https://www.bseindia.com/stockinfo/AnnPdfOpen.aspx?Pname=a463b886-05d5-4513-b093-a6f2ad1903db.pdf
2026-01-24 10:42:47.143035 | Jana Small Finance Bank Ltd | 403 Client Error: Forbidden for url: https://www.bseindia.com/stockinfo/AnnPdfOpen.aspx?Pname=bf17c389-c8cf-43ba-9f77-5c07611c10d8.pdf
2026-01-24 10:42:47.464580 | Sundrop Brands Ltd | 403 Client Error: Forbidden for url: https://www.bseindia.com/stockinfo/AnnPdfOpen.aspx?Pname=1993a1d7-d740-485b-82c5-d844018b29c3.pdf
2026-01-24 10:42:47.763127 | JK Paper Ltd | 403 Client Error: Forbidden for url: https://www.bseindia.com/stockinfo/AnnPdfOpen.aspx?Pname=cb48ff9f-aece-4316-978d-dd801af460b1.pdf
2026-01-24 10:42:48.078405 | Emami Ltd- | 403 Client Error: Forbidden for url: https://www.bseindia.com/stockinfo/AnnPdfOpen.aspx?Pname=905ab531-40d9-4827-ab43-4eaa8acfe179.pdf
2026-01-24 10:42:48.400710 | Jio Financial Services Ltd | 403 Client Error: Forbidden for url: https://www.bseindia.com/stockinfo/AnnPdfOpen.aspx?Pname=2ff232cb-4364-493a-a638-931d30766651.pdf
2026-01-24 10:42:48.739428 | Sportking India Ltd | 403 Client Error: Forbidden for url: https://www.bseindia.com/stockinfo/AnnPdfOpen.aspx?Pname=d0dcbedf-836f-4aa2-b360-e3aa6d574673.pdf
2026-01-24 10:42:49.056124 | Lloyds Enterprises Ltd | 403 Client Error: Forbidden for url: https://www.bseindia.com/stockinfo/AnnPdfOpen.aspx?Pname=5a5ff77f-4459-4c17-a69a-8112bb0bd497.pdf
2026-01-24 10:42:49.379418 | Netweb Technologies India Ltd | 403 Client Error: Forbidden for url: https://www.bseindia.com/stockinfo/AnnPdfOpen.aspx?Pname=fecf2a5c-c721-4ccd-b430-4da7988cf6c7.pdf
2026-01-24 10:42:49.725734 | Action Construction Equipment Ltd | 403 Client Error: Forbidden for url: https://www.bseindia.com/stockinfo/AnnPdfOpen.aspx?Pname=0d78b745-1303-4843-8512-ea21f0c42c83.pdf
2026-01-24 10:42:50.032739 | HMA Agro Industries Ltd | 403 Client Error: Forbidden for url: https://www.bseindia.com/stockinfo/AnnPdfOpen.aspx?Pname=7562f0de-6899-4509-a08e-1520a195c676.pdf
2026-01-24 10:42:50.324313 | Quess Corp Ltd | 403 Client Error: Forbidden for url: https://www.bseindia.com/stockinfo/AnnPdfOpen.aspx?Pname=86c2b4f0-9094-40a3-8867-3f81a97f8594.pdf
2026-01-24 10:42:50.686767 | LIC Housing Finance Ltd | 403 Client Error: Forbidden for url: https://www.bseindia.com/stockinfo/AnnPdfOpen.aspx?Pname=da362305-09f6-4e0e-8957-9062ae3e348c.pdf
2026-01-24 10:42:50.985049 | Shree Digvijay Cement Company Ltd- | 403 Client Error: Forbidden for url: https://www.bseindia.com/stockinfo/AnnPdfOpen.aspx?Pname=d7d62d13-149c-48a2-b08e-06614f6b1bf3.pdf
2026-01-24 10:42:51.308959 | One 97 Communications Ltd | 403 Client Error: Forbidden for url: https://www.bseindia.com/stockinfo/AnnPdfOpen.aspx?Pname=02e04f94-e9c7-4daa-bb59-dfbed2a695ac.pdf
2026-01-24 10:42:51.612293 | Jubilant Pharmova Ltd | 403 Client Error: Forbidden for url: https://www.bseindia.com/stockinfo/AnnPdfOpen.aspx?Pname=57abf49c-f5fa-4432-a09c-e137ee87b952.pdf
2026-01-24 10:42:51.938529 | ICICI Bank Ltd | 403 Client Error: Forbidden for url: https://www.bseindia.com/stockinfo/AnnPdfOpen.aspx?Pname=fbb78fae-91d5-4556-9e76-e9582a6d8d8a.pdf
2026-01-24 10:42:52.227775 | Bharat Electronics Ltd | 403 Client Error: Forbidden for url: https://www.bseindia.com/stockinfo/AnnPdfOpen.aspx?Pname=e66d925f-a552-4d13-b70f-6386e1fd4931.pdf
2026-01-24 10:42:52.550576 | Maruti Suzuki India Ltd | 403 Client Error: Forbidden for url: https://www.bseindia.com/stockinfo/AnnPdfOpen.aspx?Pname=bf787958-642f-4d2e-8b39-4642011531dc.pdf
2026-01-24 10:42:52.890780 | Jubilant Ingrevia Ltd | 403 Client Error: Forbidden for url: https://www.bseindia.com/stockinfo/AnnPdfOpen.aspx?Pname=37999578-c24b-4fa8-a058-2b9935675a49.pdf
2026-01-24 10:42:53.201228 | Motherson Sumi Wiring India Ltd | 403 Client Error: Forbidden for url: https://www.bseindia.com/stockinfo/AnnPdfOpen.aspx?Pname=56c322cd-b12d-4cf6-9024-6a893b33ecea.pdf
2026-01-24 10:42:53.479401 | IFGL Refractories Ltd | 403 Client Error: Forbidden for url: https://www.bseindia.com/stockinfo/AnnPdfOpen.aspx?Pname=14dc1ea6-507b-406c-9322-a21f874938e8.pdf
2026-01-24 10:42:53.830970 | Samvardhana Motherson International Ltd | 403 Client Error: Forbidden for url: https://www.bseindia.com/stockinfo/AnnPdfOpen.aspx?Pname=5a8395fe-99f8-4312-9ace-787322fec1c2.pdf
2026-01-24 10:42:54.153008 | KFin Technologies Ltd | 403 Client Error: Forbidden for url: https://www.bseindia.com/stockinfo/AnnPdfOpen.aspx?Pname=fda01ffb-d917-415a-880a-72aad1c67917.pdf
2026-01-24 10:42:54.484579 | TV Today Network Ltd | 403 Client Error: Forbidden for url: https://www.bseindia.com/stockinfo/AnnPdfOpen.aspx?Pname=d90162c6-d95c-4097-9328-152fcbff7992.pdf
2026-01-24 10:42:54.784467 | United Spirits Ltd | 403 Client Error: Forbidden for url: https://www.bseindia.com/stockinfo/AnnPdfOpen.aspx?Pname=f7a2e4ab-455d-41e2-85b1-c25421f24657.pdf
2026-01-24 10:42:55.104796 | Indian Railway Finance Corporation Ltd | 403 Client Error: Forbidden for url: https://www.bseindia.com/stockinfo/AnnPdfOpen.aspx?Pname=4580cb7c-59d8-49f1-9c62-1c1f4a9ee62d.pdf
2026-01-24 10:42:55.385591 | Godfrey Phillips India Ltd | 403 Client Error: Forbidden for url: https://www.bseindia.com/stockinfo/AnnPdfOpen.aspx?Pname=40ad32f4-ca8a-4198-8198-2b09e6619b8e.pdf
2026-01-24 10:42:55.717949 | Jindal Drilling & Industries Ltd | 403 Client Error: Forbidden for url: https://www.bseindia.com/stockinfo/AnnPdfOpen.aspx?Pname=4ca444ef-3fd8-4982-967d-0e78263641c6.pdf
2026-01-24 10:42:56.107842 | Maharashtra Seamless Ltd | 403 Client Error: Forbidden for url: https://www.bseindia.com/stockinfo/AnnPdfOpen.aspx?Pname=cf1d1e62-83eb-4938-914b-6ca6f0076d45.pdf
2026-01-24 10:42:56.437584 | Gujarat Ambuja Exports Ltd | 403 Client Error: Forbidden for url: https://www.bseindia.com/stockinfo/AnnPdfOpen.aspx?Pname=c7d9414c-82cc-4931-93b2-1bdf5058fdc4.pdf
2026-01-24 10:42:56.763639 | Manorama Industries Ltd | 403 Client Error: Forbidden for url: https://www.bseindia.com/stockinfo/AnnPdfOpen.aspx?Pname=ecab33c9-6c99-40a7-98d0-3b6002cbd39c.pdf
2026-01-24 10:42:57.049736 | Hyundai Motor India Ltd | 403 Client Error: Forbidden for url: https://www.bseindia.com/stockinfo/AnnPdfOpen.aspx?Pname=4905b897-5b44-4304-beae-07e07ab5f2b6.pdf
2026-01-24 10:42:57.365909 | Fino Payments Bank Ltd | 403 Client Error: Forbidden for url: https://www.bseindia.com/stockinfo/AnnPdfOpen.aspx?Pname=5bd13e61-a5db-4879-9e91-aaec7f9cbd80.pdf
2026-01-24 10:42:57.663169 | Power Finance Corporation Ltd | 403 Client Error: Forbidden for url: https://www.bseindia.com/stockinfo/AnnPdfOpen.aspx?Pname=99eb7330-2cbd-4f0b-83f3-0f0e5e5f360d.pdf
2026-01-24 10:42:57.966745 | Balrampur Chini Mills Ltd | 403 Client Error: Forbidden for url: https://www.bseindia.com/stockinfo/AnnPdfOpen.aspx?Pname=78629fc0-2497-483d-96af-af371066ac1c.pdf
2026-01-24 10:42:58.301182 | Rail Vikas Nigam Ltd | 403 Client Error: Forbidden for url: https://www.bseindia.com/stockinfo/AnnPdfOpen.aspx?Pname=6bda840a-23b0-4768-867c-5a197e7220db.pdf
2026-01-24 10:42:58.635447 | NMDC Steel Ltd | 403 Client Error: Forbidden for url: https://www.bseindia.com/stockinfo/AnnPdfOpen.aspx?Pname=4606550e-8b89-4599-b47c-95044f73e97f.pdf
2026-01-24 10:42:58.956559 | NMDC Ltd | 403 Client Error: Forbidden for url: https://www.bseindia.com/stockinfo/AnnPdfOpen.aspx?Pname=7dc34626-2cc9-4249-a0c6-f0938a35a7c5.pdf
2026-01-24 10:42:59.285691 | Apollo Hospitals Enterprise Ltd | 403 Client Error: Forbidden for url: https://www.bseindia.com/stockinfo/AnnPdfOpen.aspx?Pname=550ebf61-11e4-4de0-98ce-7e25abacd9eb.pdf
2026-01-24 10:42:59.577127 | Reliance Industries Ltd | 403 Client Error: Forbidden for url: https://www.bseindia.com/stockinfo/AnnPdfOpen.aspx?Pname=648b7ceb-a0c5-4f5c-a8d9-80f687561427.pdf
2026-01-24 10:42:59.890952 | Alok Industries Ltd | 403 Client Error: Forbidden for url: https://www.bseindia.com/stockinfo/AnnPdfOpen.aspx?Pname=f9cf02ad-1886-4acd-82a9-86de960649c7.pdf
2026-01-24 10:43:00.206744 | Mangalore Refinery and Petrochemicals Ltd | 403 Client Error: Forbidden for url: https://www.bseindia.com/stockinfo/AnnPdfOpen.aspx?Pname=94ea4359-59cd-4254-a5b7-ecadb3c2d8eb.pdf
2026-01-24 10:43:00.523463 | D. B. Corp Ltd | 403 Client Error: Forbidden for url: https://www.bseindia.com/stockinfo/AnnPdfOpen.aspx?Pname=f28cabd5-1241-4e27-92d6-2d8c8b0d3b2c.pdf
2026-01-24 10:43:00.878484 | Indian Oil Corporation Ltd | 403 Client Error: Forbidden for url: https://www.bseindia.com/stockinfo/AnnPdfOpen.aspx?Pname=d8cdf118-a153-437b-9234-acad20143c2f.pdf
2026-01-24 10:43:01.211436 | Gail (India) Ltd | 403 Client Error: Forbidden for url: https://www.bseindia.com/stockinfo/AnnPdfOpen.aspx?Pname=69b8ac6e-9514-4a96-b20a-f6411b1e08a1.pdf
2026-01-24 10:43:01.524429 | NTPC Ltd | 403 Client Error: Forbidden for url: https://www.bseindia.com/stockinfo/AnnPdfOpen.aspx?Pname=9ad15a94-9405-4bc8-9d30-107e2cad4558.pdf
2026-01-24 10:43:01.852739 | MPS Ltd | 403 Client Error: Forbidden for url: https://www.bseindia.com/stockinfo/AnnPdfOpen.aspx?Pname=f7a210b6-1dcd-4d6e-ad24-7139a51fc4e6.pdf
2026-01-24 10:43:02.166480 | Rupa & Company Ltd | 403 Client Error: Forbidden for url: https://www.bseindia.com/stockinfo/AnnPdfOpen.aspx?Pname=6c73f176-8ea8-441a-85e7-dd252e3f5f63.pdf
2026-01-24 10:43:02.504242 | Indian Railway Catering and Tourism Corporation Ltd | 403 Client Error: Forbidden for url: https://www.bseindia.com/stockinfo/AnnPdfOpen.aspx?Pname=30732e9a-a215-456d-95eb-f4960e5b10dc.pdf
2026-01-24 10:43:02.798441 | Cantabil Retail India Ltd | 403 Client Error: Forbidden for url: https://www.bseindia.com/stockinfo/AnnPdfOpen.aspx?Pname=5d2b7461-b66a-4686-b314-6aba53ccc328.pdf
2026-01-24 10:43:03.082661 | Krishna Institute of Medical Sciences Ltd | 403 Client Error: Forbidden for url: https://www.bseindia.com/stockinfo/AnnPdfOpen.aspx?Pname=9d54303c-b410-495d-9e5a-286afff541c6.pdf
2026-01-24 10:43:03.428942 | SBI Life Insurance Company Ltd | 403 Client Error: Forbidden for url: https://www.bseindia.com/stockinfo/AnnPdfOpen.aspx?Pname=802be001-1ba9-4d98-bcce-9c93d94cf1d2.pdf
2026-01-24 10:43:03.751864 | Federal Bank Ltd | 403 Client Error: Forbidden for url: https://www.bseindia.com/stockinfo/AnnPdfOpen.aspx?Pname=09e8d0eb-6001-4f60-ab76-3866e4c8c25a.pdf
2026-01-24 10:43:04.062712 | Oil and Natural Gas Corporation Ltd | 403 Client Error: Forbidden for url: https://www.bseindia.com/stockinfo/AnnPdfOpen.aspx?Pname=4aa208e1-083c-4223-8396-11191d663e4e.pdf
2026-01-24 10:43:04.368301 | Agi Greenpac Ltd | 403 Client Error: Forbidden for url: https://www.bseindia.com/stockinfo/AnnPdfOpen.aspx?Pname=a3087021-1de5-4ca8-9be8-b81c8aee2f52.pdf
2026-01-24 10:43:04.661796 | Welspun Enterprises Ltd | 403 Client Error: Forbidden for url: https://www.bseindia.com/stockinfo/AnnPdfOpen.aspx?Pname=aa52549c-47c6-4ac0-b29f-ebe581436cec.pdf
2026-01-24 10:43:04.994287 | Indusind Bank Ltd | 403 Client Error: Forbidden for url: https://www.bseindia.com/stockinfo/AnnPdfOpen.aspx?Pname=6787b0d0-77cf-41a1-aa9f-9a145b7733c1.pdf
2026-01-24 10:43:05.312903 | Narayana Hrudayalaya Ltd | 403 Client Error: Forbidden for url: https://www.bseindia.com/stockinfo/AnnPdfOpen.aspx?Pname=a20ccc53-c538-4d06-a763-d5239ac014d2.pdf
2026-01-24 10:43:05.612379 | Styrenix Performance Materials Ltd | 403 Client Error: Forbidden for url: https://www.bseindia.com/stockinfo/AnnPdfOpen.aspx?Pname=8b1389dc-9451-413d-858f-0e3e20d0d261.pdf
2026-01-24 10:43:05.913852 | Indus Towers Ltd | 403 Client Error: Forbidden for url: https://www.bseindia.com/stockinfo/AnnPdfOpen.aspx?Pname=768676e0-ebd6-4028-b2f5-cc666beadeb3.pdf
2026-01-24 10:43:06.225841 | MAS Financial Services Ltd | 403 Client Error: Forbidden for url: https://www.bseindia.com/stockinfo/AnnPdfOpen.aspx?Pname=6f1ed98b-883d-4089-bdd7-c42fb7c8e91f.pdf
2026-01-24 10:43:06.557319 | NHPC Ltd | 403 Client Error: Forbidden for url: https://www.bseindia.com/stockinfo/AnnPdfOpen.aspx?Pname=f1da44c5-a2e9-41b0-bce4-37fbc7e51d5b.pdf
2026-01-24 10:43:06.866896 | Jindal Steel & Power Ltd | 403 Client Error: Forbidden for url: https://www.bseindia.com/stockinfo/AnnPdfOpen.aspx?Pname=3b261af5-9c65-4d86-9ea8-96bd540b0525.pdf
2026-01-24 10:43:07.149393 | S.P. Apparels Ltd | 403 Client Error: Forbidden for url: https://www.bseindia.com/stockinfo/AnnPdfOpen.aspx?Pname=5047612f-9ee0-4fe6-9f9b-44ee34efe707.pdf
2026-01-24 10:43:07.499851 | Indigo Paints Ltd | 403 Client Error: Forbidden for url: https://www.bseindia.com/stockinfo/AnnPdfOpen.aspx?Pname=4f8a3693-a723-47bb-b25e-729001dd3f25.pdf
2026-01-24 10:43:07.835371 | PCBL Chemical Ltd | 403 Client Error: Forbidden for url: https://www.bseindia.com/stockinfo/AnnPdfOpen.aspx?Pname=774eab05-e865-45d6-bca5-e2dc8436228a.pdf
2026-01-24 10:43:08.207161 | Gujarat Pipavav Port Ltd | 403 Client Error: Forbidden for url: https://www.bseindia.com/stockinfo/AnnPdfOpen.aspx?Pname=5faf7dae-ad30-4e99-9ade-652b283efeb6.pdf
2026-01-24 10:43:08.510137 | Naperol Investments Ltd | 403 Client Error: Forbidden for url: https://www.bseindia.com/stockinfo/AnnPdfOpen.aspx?Pname=e08207c8-8f87-4cb8-a2fa-73a2394725f0.pdf
2026-01-24 10:43:08.816031 | Gillette India Ltd | 403 Client Error: Forbidden for url: https://www.bseindia.com/stockinfo/AnnPdfOpen.aspx?Pname=952f48c5-196c-412e-b78c-814a9b010bb1.pdf
2026-01-24 10:43:09.181826 | Delhivery Ltd | 403 Client Error: Forbidden for url: https://www.bseindia.com/stockinfo/AnnPdfOpen.aspx?Pname=cb872cc0-7f30-40ac-a2c6-c1249dc241e9.pdf
2026-01-24 10:43:09.514220 | Jay Bharat Maruti Ltd | 403 Client Error: Forbidden for url: https://www.bseindia.com/stockinfo/AnnPdfOpen.aspx?Pname=9bf4f696-1da3-4d39-a7ae-9a01359b4414.pdf
2026-01-24 10:43:09.811496 | Muthoot Finance Ltd | 403 Client Error: Forbidden for url: https://www.bseindia.com/stockinfo/AnnPdfOpen.aspx?Pname=e0d634f4-4873-4377-a420-79a1cf308f8b.pdf
2026-01-24 10:43:10.114124 | Jindal Stainless Ltd | 403 Client Error: Forbidden for url: https://www.bseindia.com/stockinfo/AnnPdfOpen.aspx?Pname=65fea22f-96ed-420b-9c3a-b1224fe35d01.pdf
2026-01-24 10:43:10.438150 | Speciality Restaurants Ltd | 403 Client Error: Forbidden for url: https://www.bseindia.com/stockinfo/AnnPdfOpen.aspx?Pname=f285b50b-79ce-4020-b013-2d2bb33a125b.pdf
2026-01-24 10:43:10.767452 | Garware Technical Fibres Ltd | 403 Client Error: Forbidden for url: https://www.bseindia.com/stockinfo/AnnPdfOpen.aspx?Pname=6ae1f48a-39ec-4555-9cd7-a8f15fb69a93.pdf
2026-01-24 10:43:11.065488 | Nitin Spinners Ltd | 403 Client Error: Forbidden for url: https://www.bseindia.com/stockinfo/AnnPdfOpen.aspx?Pname=6aa88773-1789-47e6-bbe8-5c01bb68a56e.pdf
2026-01-24 10:43:11.398783 | Emami Paper Mills Ltd | 403 Client Error: Forbidden for url: https://www.bseindia.com/stockinfo/AnnPdfOpen.aspx?Pname=035316ac-0ac9-4450-b0eb-da2e45c6bbd8.pdf
2026-01-24 10:43:11.775039 | Pokarna Ltd | 403 Client Error: Forbidden for url: https://www.bseindia.com/stockinfo/AnnPdfOpen.aspx?Pname=a5adf91f-0e89-4a4b-9c73-dc75cf3d7465.pdf
2026-01-24 10:43:12.098806 | Mitsu Chem Plast Ltd | 403 Client Error: Forbidden for url: https://www.bseindia.com/stockinfo/AnnPdfOpen.aspx?Pname=d369d611-83e7-40e9-989e-e6a40f84ea27.pdf
2026-01-24 10:43:12.410115 | JBM Auto Ltd | 403 Client Error: Forbidden for url: https://www.bseindia.com/stockinfo/AnnPdfOpen.aspx?Pname=3f3a9212-d53b-484f-a2c7-1aa9fd09011f.pdf
2026-01-24 10:43:12.740681 | Just Dial Ltd | 403 Client Error: Forbidden for url: https://www.bseindia.com/stockinfo/AnnPdfOpen.aspx?Pname=e41d697f-2b80-448b-949d-2cd3cc422be4.pdf
2026-01-24 10:43:13.080267 | Aster DM Healthcare Ltd | 403 Client Error: Forbidden for url: https://www.bseindia.com/stockinfo/AnnPdfOpen.aspx?Pname=13d33e60-9020-4c20-8325-f757853f3544.pdf
2026-01-24 10:43:13.388095 | Ajmera Realty & Infra India Ltd | 403 Client Error: Forbidden for url: https://www.bseindia.com/stockinfo/AnnPdfOpen.aspx?Pname=2c88edfb-318b-452e-9c83-5e498339eb45.pdf
2026-01-24 10:43:13.717906 | Mitsu Chem Plast Ltd | 403 Client Error: Forbidden for url: https://www.bseindia.com/stockinfo/AnnPdfOpen.aspx?Pname=fcfcb535-afdb-4663-a895-ffe973173458.pdf
2026-01-24 10:43:14.005041 | Ratnamani Metals & Tubes Ltd- | 403 Client Error: Forbidden for url: https://www.bseindia.com/stockinfo/AnnPdfOpen.aspx?Pname=cf1693be-4f51-4f4a-be84-800b28430ee3.pdf
2026-01-24 10:43:14.332820 | Go Fashion (India) Ltd | 403 Client Error: Forbidden for url: https://www.bseindia.com/stockinfo/AnnPdfOpen.aspx?Pname=b127505e-9185-49fa-826e-4db5383ca4fd.pdf
2026-01-24 10:43:14.648472 | Clean Science and Technology Ltd | 403 Client Error: Forbidden for url: https://www.bseindia.com/stockinfo/AnnPdfOpen.aspx?Pname=17b9b3b8-505b-4298-b074-09897d97d8ca.pdf
2026-01-24 10:43:14.986579 | Schneider Electric Infrastructure Ltd | 403 Client Error: Forbidden for url: https://www.bseindia.com/stockinfo/AnnPdfOpen.aspx?Pname=692ba1dd-0ec3-43a4-af27-d892abe51570.pdf
2026-01-24 10:43:15.353806 | RSWM Ltd | 403 Client Error: Forbidden for url: https://www.bseindia.com/stockinfo/AnnPdfOpen.aspx?Pname=b27b2c06-f9ba-4a9a-ba02-787eac47a0d5.pdf
2026-01-24 10:43:15.646178 | Morepen Laboratories Ltd | 403 Client Error: Forbidden for url: https://www.bseindia.com/stockinfo/AnnPdfOpen.aspx?Pname=c8b9ffd1-c0c9-44fc-861b-d32541b05969.pdf
2026-01-24 10:43:15.964382 | Shivalik Rasayan Ltd | 403 Client Error: Forbidden for url: https://www.bseindia.com/stockinfo/AnnPdfOpen.aspx?Pname=c5f12779-6f2d-424b-93fa-0953c766506a.pdf
2026-01-24 10:43:16.266091 | Medicamen Biotech Ltd- | 403 Client Error: Forbidden for url: https://www.bseindia.com/stockinfo/AnnPdfOpen.aspx?Pname=bb0a4e08-dce5-4b97-905e-1686b0f46f1c.pdf
2026-01-24 10:43:16.576620 | Vedant Fashions Ltd | 403 Client Error: Forbidden for url: https://www.bseindia.com/stockinfo/AnnPdfOpen.aspx?Pname=92a5d3c6-6938-4e1a-8f52-b9bf363965ec.pdf
2026-01-24 10:43:16.936089 | Thomas Cook (India) Ltd | 403 Client Error: Forbidden for url: https://www.bseindia.com/stockinfo/AnnPdfOpen.aspx?Pname=7a9bbe2d-f64d-4933-9373-3d6a3cb680c0.pdf
2026-01-24 10:43:17.275520 | Panama Petrochem Ltd | 403 Client Error: Forbidden for url: https://www.bseindia.com/stockinfo/AnnPdfOpen.aspx?Pname=53154eca-8ff8-494a-9ee6-4925eb3e8561.pdf
2026-01-24 10:43:17.568332 | Delta Corp Ltd | 403 Client Error: Forbidden for url: https://www.bseindia.com/stockinfo/AnnPdfOpen.aspx?Pname=9be403da-539d-4cd4-bc65-91d64b7c1218.pdf
2026-01-24 10:43:17.877644 | Concord Biotech Ltd | 403 Client Error: Forbidden for url: https://www.bseindia.com/stockinfo/AnnPdfOpen.aspx?Pname=d6a0ae63-568b-4e98-b39a-12823d704134.pdf
2026-01-24 10:43:18.179199 | Ganesh Housing Corporation Ltd- | 403 Client Error: Forbidden for url: https://www.bseindia.com/stockinfo/AnnPdfOpen.aspx?Pname=df3af879-f26f-44db-b2d8-cf316c658baa.pdf
2026-01-24 10:43:18.483120 | Procter & Gamble Hygiene and Health Care Ltd | 403 Client Error: Forbidden for url: https://www.bseindia.com/stockinfo/AnnPdfOpen.aspx?Pname=13ce985e-9978-4b9a-b255-17a08331bc3e.pdf
2026-01-24 10:43:18.816849 | Gravita India Ltd | 403 Client Error: Forbidden for url: https://www.bseindia.com/stockinfo/AnnPdfOpen.aspx?Pname=abcb34e7-31cb-4a6e-84cd-ce25c41a5a37.pdf
2026-01-24 10:43:19.151193 | Gujarat Narmada Valley Fertilizers & Chemicals Ltd | 403 Client Error: Forbidden for url: https://www.bseindia.com/stockinfo/AnnPdfOpen.aspx?Pname=2de97ac7-2e73-4350-884f-1003eff00a33.pdf
2026-01-24 10:43:19.450562 | Vijaya Diagnostic Centre Ltd | 403 Client Error: Forbidden for url: https://www.bseindia.com/stockinfo/AnnPdfOpen.aspx?Pname=b8bcb578-dad8-4e74-a312-45146b86b7c7.pdf
2026-01-24 10:43:19.786594 | Triveni Turbine Ltd | 403 Client Error: Forbidden for url: https://www.bseindia.com/stockinfo/AnnPdfOpen.aspx?Pname=2c31ec08-f8c8-4901-bb97-7a12e89e8c96.pdf
2026-01-24 10:43:20.123793 | Chemcon Speciality Chemicals Ltd | 403 Client Error: Forbidden for url: https://www.bseindia.com/stockinfo/AnnPdfOpen.aspx?Pname=2fa2cd11-0407-4edb-acd0-67f5cd465399.pdf
2026-01-24 10:43:20.449825 | Zinka Logistics Solutions Ltd | 403 Client Error: Forbidden for url: https://www.bseindia.com/stockinfo/AnnPdfOpen.aspx?Pname=d98e2352-e7c9-4500-b79d-636e9510c64c.pdf
2026-01-24 10:43:20.854782 | Barbeque-Nation Hospitality Ltd | 403 Client Error: Forbidden for url: https://www.bseindia.com/stockinfo/AnnPdfOpen.aspx?Pname=08861bd3-91a1-41ad-b9c6-a32d58afcac3.pdf
2026-01-24 10:43:21.156345 | Prince Pipes and Fittings Ltd | 403 Client Error: Forbidden for url: https://www.bseindia.com/stockinfo/AnnPdfOpen.aspx?Pname=1fb9a014-36a4-4de6-a812-25ec02cb5234.pdf
2026-01-24 10:43:21.480287 | Kalyan Jewellers India Ltd | 403 Client Error: Forbidden for url: https://www.bseindia.com/stockinfo/AnnPdfOpen.aspx?Pname=fc33b5ee-762d-448a-b737-eb4a51504f67.pdf
2026-01-24 10:43:21.821103 | Jayaswal Neco Industries Ltd | 403 Client Error: Forbidden for url: https://www.bseindia.com/stockinfo/AnnPdfOpen.aspx?Pname=bb5faa82-97dd-4d61-baf5-5b783c9cf925.pdf
2026-01-24 10:43:22.133311 | Equitas Small Finance Bank Ltd | 403 Client Error: Forbidden for url: https://www.bseindia.com/stockinfo/AnnPdfOpen.aspx?Pname=bf010110-3e68-4e4a-bf70-00fff6521ca8.pdf
2026-01-24 10:43:22.461823 | Bharat Bijlee Ltd- | 403 Client Error: Forbidden for url: https://www.bseindia.com/stockinfo/AnnPdfOpen.aspx?Pname=2317bc78-2c40-4c0e-b428-6b4ebaa81333.pdf
2026-01-24 10:43:22.770039 | Whirlpool of India Ltd | 403 Client Error: Forbidden for url: https://www.bseindia.com/stockinfo/AnnPdfOpen.aspx?Pname=1c31b464-d633-4464-a137-8824eda59977.pdf
2026-01-24 10:43:23.086460 | Aurobindo Pharma Ltd | 403 Client Error: Forbidden for url: https://www.bseindia.com/stockinfo/AnnPdfOpen.aspx?Pname=fe003309-4ba7-48dd-9879-f77c9134d49a.pdf
2026-01-24 10:43:23.417953 | Indoco Remedies Ltd | 403 Client Error: Forbidden for url: https://www.bseindia.com/stockinfo/AnnPdfOpen.aspx?Pname=3b7b4ef0-04db-47f7-b2d8-1f610c5dafad.pdf
2026-01-24 10:43:23.713489 | V2 Retail Ltd | 403 Client Error: Forbidden for url: https://www.bseindia.com/stockinfo/AnnPdfOpen.aspx?Pname=bd41fee5-3c44-4e09-b5e9-00b86f5ad929.pdf
2026-01-24 10:43:24.040552 | Deep Industries Ltd | 403 Client Error: Forbidden for url: https://www.bseindia.com/stockinfo/AnnPdfOpen.aspx?Pname=0f79ae0b-8bc1-4f14-950f-efb4c449cca3.pdf
2026-01-24 10:43:24.393550 | Ion Exchange India Ltd- | 403 Client Error: Forbidden for url: https://www.bseindia.com/stockinfo/AnnPdfOpen.aspx?Pname=6eebae5d-b181-48e4-a4d6-9e191afc956b.pdf
2026-01-24 10:43:24.684229 | Bajaj Hindusthan Sugar Ltd | 403 Client Error: Forbidden for url: https://www.bseindia.com/stockinfo/AnnPdfOpen.aspx?Pname=72490dbf-0550-4bcd-99d7-fe102ac564b2.pdf
2026-01-24 10:43:25.000006 | PVR Inox Ltd | 403 Client Error: Forbidden for url: https://www.bseindia.com/stockinfo/AnnPdfOpen.aspx?Pname=41c28cd2-722b-4761-b78a-4df3c57bd9b8.pdf
2026-01-24 10:43:25.310067 | Welspun Living Ltd | 403 Client Error: Forbidden for url: https://www.bseindia.com/stockinfo/AnnPdfOpen.aspx?Pname=718bca4f-22ea-4152-9dc5-6f1f7834dd2b.pdf
2026-01-24 10:43:25.650426 | RPSG Ventures Ltd | 403 Client Error: Forbidden for url: https://www.bseindia.com/stockinfo/AnnPdfOpen.aspx?Pname=184424a0-adfa-47a0-aefc-7b58bc7312eb.pdf
2026-01-24 10:43:25.949514 | Faze Three Ltd-$ | 403 Client Error: Forbidden for url: https://www.bseindia.com/stockinfo/AnnPdfOpen.aspx?Pname=f8a4e302-f0f4-406e-af26-c55bbbb10745.pdf
2026-01-24 10:43:26.297630 | GE Vernova T&D India Ltd | 403 Client Error: Forbidden for url: https://www.bseindia.com/stockinfo/AnnPdfOpen.aspx?Pname=9e930353-8a7e-4487-94e3-22d1c29b176e.pdf
2026-01-24 10:43:26.619435 | Saregama India Ltd | 403 Client Error: Forbidden for url: https://www.bseindia.com/stockinfo/AnnPdfOpen.aspx?Pname=a65c8949-6745-43e1-8a31-879b8120881b.pdf
2026-01-24 10:43:26.944972 | Rashi Peripherals Ltd | 403 Client Error: Forbidden for url: https://www.bseindia.com/stockinfo/AnnPdfOpen.aspx?Pname=cfdaf8fb-862c-46af-882e-8ebbd8d30b9a.pdf
2026-01-24 10:43:27.259572 | 360 ONE WAM LTD | 403 Client Error: Forbidden for url: https://www.bseindia.com/stockinfo/AnnPdfOpen.aspx?Pname=40560e5c-3cb2-44e7-86c1-9720e5f3dac1.pdf
2026-01-24 10:43:27.557468 | CESC Ltd | 403 Client Error: Forbidden for url: https://www.bseindia.com/stockinfo/AnnPdfOpen.aspx?Pname=7fd00496-fcd0-4f01-9293-50dc962dd8f0.pdf
2026-01-24 10:43:27.879920 | Kopran Ltd | 403 Client Error: Forbidden for url: https://www.bseindia.com/stockinfo/AnnPdfOpen.aspx?Pname=f2b848a7-98ca-4e17-bfa8-33fd50499616.pdf
2026-01-24 10:43:28.188725 | Gabriel India Ltd- | 403 Client Error: Forbidden for url: https://www.bseindia.com/stockinfo/AnnPdfOpen.aspx?Pname=f3f75505-5f6d-4109-93f6-0d637286ec2f.pdf
2026-01-24 10:43:28.539256 | Westlife Foodworld Ltd | 403 Client Error: Forbidden for url: https://www.bseindia.com/stockinfo/AnnPdfOpen.aspx?Pname=b2a58c6a-7ee8-4e18-893c-1db5a233c299.pdf
2026-01-24 10:43:28.867099 | Five-Star Business Finance Ltd | 403 Client Error: Forbidden for url: https://www.bseindia.com/stockinfo/AnnPdfOpen.aspx?Pname=b9df8aca-18dc-418d-83fb-0b47c0265f81.pdf
2026-01-24 10:43:29.182055 | Taj Gvk Hotels & Resorts Ltd | 403 Client Error: Forbidden for url: https://www.bseindia.com/stockinfo/AnnPdfOpen.aspx?Pname=a8b75817-9db7-4646-b3a2-cba88f414099.pdf
2026-01-24 10:43:29.473636 | Taj Gvk Hotels & Resorts Ltd | 403 Client Error: Forbidden for url: https://www.bseindia.com/stockinfo/AnnPdfOpen.aspx?Pname=6d2c9063-71d5-49a4-a47b-1a46046c5aaf.pdf
2026-01-24 10:43:29.809060 | Taj Gvk Hotels & Resorts Ltd | 403 Client Error: Forbidden for url: https://www.bseindia.com/stockinfo/AnnPdfOpen.aspx?Pname=bdc0f919-f0fe-4aa7-8bcf-65b45b77169a.pdf
2026-01-24 10:43:30.110044 | Patel Engineering Ltd- | 403 Client Error: Forbidden for url: https://www.bseindia.com/stockinfo/AnnPdfOpen.aspx?Pname=73030155-a88b-439f-9b18-dccf7447df9d.pdf
2026-01-24 10:43:30.423571 | Standard Glass Lining Technology Ltd | 403 Client Error: Forbidden for url: https://www.bseindia.com/stockinfo/AnnPdfOpen.aspx?Pname=65d95021-1ad6-4bc8-9643-88eac72ac3e9.pdf
2026-01-24 10:43:30.756710 | Indian Energy Exchange Ltd | 403 Client Error: Forbidden for url: https://www.bseindia.com/stockinfo/AnnPdfOpen.aspx?Pname=ab71427e-1df7-4c9b-8929-48fb25101913.pdf
2026-01-24 10:43:31.064583 | Radiant Cash Management Services Ltd | 403 Client Error: Forbidden for url: https://www.bseindia.com/stockinfo/AnnPdfOpen.aspx?Pname=1311c179-dc06-4046-be01-8767ed839e44.pdf
2026-01-24 10:43:31.401476 | Deepak Fertilisers & Petrochemicals Corporation Ltd | 403 Client Error: Forbidden for url: https://www.bseindia.com/stockinfo/AnnPdfOpen.aspx?Pname=060e077f-ee02-4ae8-aef9-a20e185971f0.pdf
2026-01-24 10:43:31.703820 | Mayur Uniquoters Ltd- | 403 Client Error: Forbidden for url: https://www.bseindia.com/stockinfo/AnnPdfOpen.aspx?Pname=a01de4b3-0681-4bc7-81e7-f4736bf2ac1f.pdf
2026-01-24 10:43:32.014859 | DMCC Speciality Chemicals Ltd | 403 Client Error: Forbidden for url: https://www.bseindia.com/stockinfo/AnnPdfOpen.aspx?Pname=97bafe26-0b74-425e-9d67-ff2b077285a6.pdf
2026-01-24 10:43:32.354579 | Yasho Industries Ltd | 403 Client Error: Forbidden for url: https://www.bseindia.com/stockinfo/AnnPdfOpen.aspx?Pname=19051770-d11f-4029-9231-110849e3f743.pdf
2026-01-24 10:43:32.758296 | 3i Infotech Ltd | 403 Client Error: Forbidden for url: https://www.bseindia.com/stockinfo/AnnPdfOpen.aspx?Pname=c14b7ee9-cbd3-479b-a244-d49d941d2326.pdf
2026-01-24 10:43:33.075614 | EPL Ltd | 403 Client Error: Forbidden for url: https://www.bseindia.com/stockinfo/AnnPdfOpen.aspx?Pname=f9a0cda6-fcb7-49fe-8c44-92e9992be935.pdf
2026-01-24 10:43:33.415781 | Triveni Engineering & Industries Ltd | 403 Client Error: Forbidden for url: https://www.bseindia.com/stockinfo/AnnPdfOpen.aspx?Pname=61153e05-9dd1-4ada-8cce-6544a59bf22d.pdf
2026-01-24 10:43:33.703202 | VIP Industries Ltd- | 403 Client Error: Forbidden for url: https://www.bseindia.com/stockinfo/AnnPdfOpen.aspx?Pname=398935cf-ac6d-4361-9d7e-83ea63ab750d.pdf
2026-01-24 10:43:34.031414 | eClerx Services Ltd | 403 Client Error: Forbidden for url: https://www.bseindia.com/stockinfo/AnnPdfOpen.aspx?Pname=4d52c8ae-c999-49fb-bc0e-d582bf0fce9d.pdf
2026-01-24 10:43:34.325382 | Prestige Estates Projects Ltd | 403 Client Error: Forbidden for url: https://www.bseindia.com/stockinfo/AnnPdfOpen.aspx?Pname=b9cceed8-5ef3-4e79-8447-c5a895a7130c.pdf
2026-01-24 10:43:34.655431 | Jyothy Labs Ltd | 403 Client Error: Forbidden for url: https://www.bseindia.com/stockinfo/AnnPdfOpen.aspx?Pname=887802e8-a9e6-483a-b90f-f5215c01af3b.pdf
2026-01-24 10:43:34.977756 | NRB Bearings Ltd | 403 Client Error: Forbidden for url: https://www.bseindia.com/stockinfo/AnnPdfOpen.aspx?Pname=5cec3358-6366-443c-aefa-503995720e25.pdf
2026-01-24 10:43:35.296266 | Surya Roshni Ltd | 403 Client Error: Forbidden for url: https://www.bseindia.com/stockinfo/AnnPdfOpen.aspx?Pname=c416eb9c-2275-470b-a35a-608f3ee51356.pdf
2026-01-24 10:43:35.650346 | Vindhya Telelinks Ltd | 403 Client Error: Forbidden for url: https://www.bseindia.com/stockinfo/AnnPdfOpen.aspx?Pname=6e0711f8-1293-4d86-9466-d6f5e778cfc8.pdf
2026-01-24 10:43:35.965676 | Route Mobile Ltd | 403 Client Error: Forbidden for url: https://www.bseindia.com/stockinfo/AnnPdfOpen.aspx?Pname=d046a2bb-5026-461a-b157-fb9694ab77cb.pdf
2026-01-24 10:43:36.246148 | Andrew Yule & Company Ltd | 403 Client Error: Forbidden for url: https://www.bseindia.com/stockinfo/AnnPdfOpen.aspx?Pname=5cd080e8-f588-4f8d-857b-c4b83bd1d87c.pdf
2026-01-24 10:43:36.619484 | Kaynes Technology India Ltd | 403 Client Error: Forbidden for url: https://www.bseindia.com/stockinfo/AnnPdfOpen.aspx?Pname=06e72163-a49d-4b50-99bb-99c17c98778a.pdf
2026-01-24 10:43:36.929282 | Time Technoplast Ltd | 403 Client Error: Forbidden for url: https://www.bseindia.com/stockinfo/AnnPdfOpen.aspx?Pname=59571fca-3043-4d56-9161-0c9f89394f5d.pdf
2026-01-24 10:43:37.247238 | Universal Cables Ltd | 403 Client Error: Forbidden for url: https://www.bseindia.com/stockinfo/AnnPdfOpen.aspx?Pname=3538673a-3020-45a0-8342-796458b151fe.pdf
2026-01-24 10:43:37.550276 | VST Tillers Tractors Ltd- | 403 Client Error: Forbidden for url: https://www.bseindia.com/stockinfo/AnnPdfOpen.aspx?Pname=be2c06bf-b17c-4ce3-b44f-5b0c55a9e075.pdf
2026-01-24 10:43:37.851745 | Asahi India Glass Ltd | 403 Client Error: Forbidden for url: https://www.bseindia.com/stockinfo/AnnPdfOpen.aspx?Pname=5c63639c-b3fa-477c-ad10-8a77c9c0dd5c.pdf
2026-01-24 10:43:38.165292 | Quint Digital Ltd | 403 Client Error: Forbidden for url: https://www.bseindia.com/stockinfo/AnnPdfOpen.aspx?Pname=9bfb1fad-c492-4311-86df-cd68ea5c3f14.pdf
2026-01-24 10:43:38.475320 | Astra Microwave Products Ltd | 403 Client Error: Forbidden for url: https://www.bseindia.com/stockinfo/AnnPdfOpen.aspx?Pname=9c47900f-4564-46cf-837a-97c604a46874.pdf
2026-01-24 10:43:38.805346 | One Mobikwik Systems Ltd | 403 Client Error: Forbidden for url: https://www.bseindia.com/stockinfo/AnnPdfOpen.aspx?Pname=afbbd645-c438-4b72-9faf-611b6857b350.pdf
2026-01-24 10:43:39.090208 | Uniphos Enterprises Ltd | 403 Client Error: Forbidden for url: https://www.bseindia.com/stockinfo/AnnPdfOpen.aspx?Pname=e799f8ee-a361-473c-a216-e9108164afa0.pdf
2026-01-24 10:43:39.412902 | Paradeep Phosphates Ltd | 403 Client Error: Forbidden for url: https://www.bseindia.com/stockinfo/AnnPdfOpen.aspx?Pname=b7c65c68-2c1d-4d0d-827b-9004f20ce7b8.pdf
2026-01-24 10:43:39.741359 | Jyoti Structures Ltd | 403 Client Error: Forbidden for url: https://www.bseindia.com/stockinfo/AnnPdfOpen.aspx?Pname=019e2d63-30fc-468f-83c3-58bbb03310fc.pdf
2026-01-24 10:43:40.088881 | Zee Entertainment Enterprises Ltd | 403 Client Error: Forbidden for url: https://www.bseindia.com/stockinfo/AnnPdfOpen.aspx?Pname=8f649a00-923c-4fc8-9588-99104df015a8.pdf
2026-01-24 10:43:40.410036 | Harsha Engineers International Ltd | 403 Client Error: Forbidden for url: https://www.bseindia.com/stockinfo/AnnPdfOpen.aspx?Pname=7c4167cb-9a50-4bea-acbd-1baf17435934.pdf
2026-01-24 10:43:40.742624 | BLS E-Services Ltd | 403 Client Error: Forbidden for url: https://www.bseindia.com/stockinfo/AnnPdfOpen.aspx?Pname=8d7578e3-c456-4e06-9877-9660cfdbe06f.pdf
2026-01-24 10:43:41.066002 | Suryoday Small Finance Bank Ltd | 403 Client Error: Forbidden for url: https://www.bseindia.com/stockinfo/AnnPdfOpen.aspx?Pname=a4a51cad-5bd5-4f29-8b3e-6c02b4c6661f.pdf
2026-01-24 10:43:41.382064 | Multi Commodity Exchange of India Ltd | 403 Client Error: Forbidden for url: https://www.bseindia.com/stockinfo/AnnPdfOpen.aspx?Pname=50f99e0a-bd98-43a2-a05d-5bd9f14ddafe.pdf
2026-01-24 10:43:41.711979 | Finolex Industries Ltd | 403 Client Error: Forbidden for url: https://www.bseindia.com/stockinfo/AnnPdfOpen.aspx?Pname=f9ad97e4-3b07-47b6-9653-516dd8e61dc3.pdf
2026-01-24 10:43:42.025105 | Honda India Power Products Ltd | 403 Client Error: Forbidden for url: https://www.bseindia.com/stockinfo/AnnPdfOpen.aspx?Pname=79509d30-737d-4ca2-9382-fe7fbb0b79a9.pdf
2026-01-24 10:43:42.354682 | Gokul Agro Resources Ltd | 403 Client Error: Forbidden for url: https://www.bseindia.com/stockinfo/AnnPdfOpen.aspx?Pname=24cfc4b7-2344-4c81-85bd-6c44369920ae.pdf
2026-01-24 10:43:42.679052 | AIA Engineering Ltd | 403 Client Error: Forbidden for url: https://www.bseindia.com/stockinfo/AnnPdfOpen.aspx?Pname=cf46e8c1-e6cf-45af-93a0-dd2c91967b11.pdf
2026-01-24 10:43:42.981614 | Mac Charles India Ltd | 403 Client Error: Forbidden for url: https://www.bseindia.com/stockinfo/AnnPdfOpen.aspx?Pname=6fc15a7d-7062-4357-90a0-a79136df8c98.pdf
2026-01-24 10:43:43.278622 | Music Broadcast Ltd | 403 Client Error: Forbidden for url: https://www.bseindia.com/stockinfo/AnnPdfOpen.aspx?Pname=f95f1b1b-5ea3-4ff3-834f-acb2ea21d65b.pdf
2026-01-24 10:43:43.574323 | ISGEC Heavy Engineering Ltd | 403 Client Error: Forbidden for url: https://www.bseindia.com/stockinfo/AnnPdfOpen.aspx?Pname=283207c2-9b92-4ba0-97d4-1a0538af9e8d.pdf
2026-01-24 10:43:43.923224 | HFCL Ltd | 403 Client Error: Forbidden for url: https://www.bseindia.com/stockinfo/AnnPdfOpen.aspx?Pname=beaeb530-986f-42a5-91f0-4dede052a114.pdf
2026-01-24 10:43:44.325024 | Aether Industries Ltd | 403 Client Error: Forbidden for url: https://www.bseindia.com/stockinfo/AnnPdfOpen.aspx?Pname=c3c87a4b-e082-46df-bb1f-74d8561f2019.pdf
2026-01-24 10:43:44.646435 | Shipping Corporation of India Land and Assets Ltd | 403 Client Error: Forbidden for url: https://www.bseindia.com/stockinfo/AnnPdfOpen.aspx?Pname=762a40ab-0623-49f3-961d-525e4bdd24fc.pdf
2026-01-24 10:43:44.940965 | Premier Energies Ltd | 403 Client Error: Forbidden for url: https://www.bseindia.com/stockinfo/AnnPdfOpen.aspx?Pname=cb158087-82af-475e-b737-890f3dbe6d0a.pdf
2026-01-24 10:43:45.243868 | Themis Medicare Ltd | 403 Client Error: Forbidden for url: https://www.bseindia.com/stockinfo/AnnPdfOpen.aspx?Pname=2c84d33f-a55e-4eba-8dbe-dced5ee34ed6.pdf
2026-01-24 10:43:45.620581 | Gujarat Themis Biosyn Ltd | 403 Client Error: Forbidden for url: https://www.bseindia.com/stockinfo/AnnPdfOpen.aspx?Pname=2b98484a-f698-48fb-951f-743c94c33554.pdf
2026-01-24 10:43:45.963249 | Medplus Health Services Ltd | 403 Client Error: Forbidden for url: https://www.bseindia.com/stockinfo/AnnPdfOpen.aspx?Pname=bb7b51a4-305f-4383-ab5c-895fe29ad9f3.pdf
2026-01-24 10:43:46.265660 | BLS International Services Ltd | 403 Client Error: Forbidden for url: https://www.bseindia.com/stockinfo/AnnPdfOpen.aspx?Pname=ad3d08d3-5d45-4d83-8022-6607127c8a9e.pdf
2026-01-24 10:43:46.555255 | Shipping Corporation of India Ltd | 403 Client Error: Forbidden for url: https://www.bseindia.com/stockinfo/AnnPdfOpen.aspx?Pname=4e6fb956-30fe-4dad-b2c7-d09c05779f9e.pdf
2026-01-24 10:43:46.846000 | Bikaji Foods International Ltd | 403 Client Error: Forbidden for url: https://www.bseindia.com/stockinfo/AnnPdfOpen.aspx?Pname=7733b137-388d-4e3e-bb30-e02f18a3dd6d.pdf
2026-01-24 10:43:47.173610 | Hindustan Oil Exploration Company Ltd | 403 Client Error: Forbidden for url: https://www.bseindia.com/stockinfo/AnnPdfOpen.aspx?Pname=ef658389-cc91-4a7e-a199-2ae20f2222b7.pdf
2026-01-24 10:43:47.472725 | APL Apollo Tubes Ltd | 403 Client Error: Forbidden for url: https://www.bseindia.com/stockinfo/AnnPdfOpen.aspx?Pname=4700b5fa-b5e9-4e88-98b1-18bd456e0384.pdf
2026-01-24 10:43:47.797231 | Apollo Micro Systems Ltd | 403 Client Error: Forbidden for url: https://www.bseindia.com/stockinfo/AnnPdfOpen.aspx?Pname=6153cea5-24ae-406e-bdf3-3489163c8996.pdf
2026-01-24 10:43:48.169561 | Rico Auto Industries Ltd | 403 Client Error: Forbidden for url: https://www.bseindia.com/stockinfo/AnnPdfOpen.aspx?Pname=a4362670-a4ed-4569-b764-e8d697b6da22.pdf
2026-01-24 10:43:48.501085 | Birla Corporation Ltd | 403 Client Error: Forbidden for url: https://www.bseindia.com/stockinfo/AnnPdfOpen.aspx?Pname=e058a3e1-86c8-4381-9f67-1773addedf5a.pdf
2026-01-24 10:43:48.825196 | Jash Engineering Ltd | 403 Client Error: Forbidden for url: https://www.bseindia.com/stockinfo/AnnPdfOpen.aspx?Pname=f926ce7c-f670-40d4-a20f-38366b062ebe.pdf
2026-01-24 10:43:49.155572 | Shivalik Bimetal Controls Ltd | 403 Client Error: Forbidden for url: https://www.bseindia.com/stockinfo/AnnPdfOpen.aspx?Pname=065dbda1-1b1c-4cf5-ac1c-66dd4172fb20.pdf
2026-01-24 10:43:49.508410 | Polyplex Corporation Ltd | 403 Client Error: Forbidden for url: https://www.bseindia.com/stockinfo/AnnPdfOpen.aspx?Pname=4cf58ce8-c872-407f-bbbd-c7254b88f45f.pdf
2026-01-24 10:43:49.837960 | DIVGI TORQTRANSFER SYSTEMS Ltd | 403 Client Error: Forbidden for url: https://www.bseindia.com/stockinfo/AnnPdfOpen.aspx?Pname=da5ff069-0066-438d-b572-2bd20ad14d07.pdf
2026-01-24 10:43:50.188532 | EPACK Durable Ltd | 403 Client Error: Forbidden for url: https://www.bseindia.com/stockinfo/AnnPdfOpen.aspx?Pname=a6585a8f-8b5c-48bd-99ef-95dd074b05b4.pdf
2026-01-24 10:43:50.539519 | Eureka Forbes Ltd | 403 Client Error: Forbidden for url: https://www.bseindia.com/stockinfo/AnnPdfOpen.aspx?Pname=652edd27-1ee6-49ce-983a-ab905b371546.pdf
2026-01-24 10:43:50.872204 | PNB Gilts Ltd | 403 Client Error: Forbidden for url: https://www.bseindia.com/stockinfo/AnnPdfOpen.aspx?Pname=b41b4f2e-af63-49e0-817c-864bfd3e17f8.pdf
2026-01-24 10:43:51.220411 | Spandana Sphoorty Financial Ltd | 403 Client Error: Forbidden for url: https://www.bseindia.com/stockinfo/AnnPdfOpen.aspx?Pname=f0be92ea-744b-4fab-b251-309e93099dfa.pdf
2026-01-24 10:43:51.579895 | KDDL Ltd- | 403 Client Error: Forbidden for url: https://www.bseindia.com/stockinfo/AnnPdfOpen.aspx?Pname=0d498ff2-eeb5-45e2-98ca-cd9f0c365123.pdf
2026-01-24 10:43:51.923625 | Fineotex Chemical Ltd | 403 Client Error: Forbidden for url: https://www.bseindia.com/stockinfo/AnnPdfOpen.aspx?Pname=7f3f12a4-5df8-4dea-97bb-58adfd5f07db.pdf
2026-01-24 10:43:52.238844 | AAVAS Financiers Ltd | 403 Client Error: Forbidden for url: https://www.bseindia.com/stockinfo/AnnPdfOpen.aspx?Pname=4dd56552-eca2-4507-963d-7a6f63869bf6.pdf
2026-01-24 10:43:52.615001 | Jagran Prakashan Ltd | 403 Client Error: Forbidden for url: https://www.bseindia.com/stockinfo/AnnPdfOpen.aspx?Pname=d6c64d3b-e37a-4c87-bbc2-33eaf8ab0802.pdf
2026-01-24 10:43:52.956183 | IRB Infrastructure Developers Ltd | 403 Client Error: Forbidden for url: https://www.bseindia.com/stockinfo/AnnPdfOpen.aspx?Pname=bd4013d9-9cd0-4c20-a886-5abc9dbe2554.pdf
2026-01-24 10:43:53.294483 | Dilip Buildcon Ltd | 403 Client Error: Forbidden for url: https://www.bseindia.com/stockinfo/AnnPdfOpen.aspx?Pname=22480432-8c02-454f-afec-dae7b0464aa2.pdf
2026-01-24 10:43:53.657600 | Mrs. Bectors Food Specialities Ltd | 403 Client Error: Forbidden for url: https://www.bseindia.com/stockinfo/AnnPdfOpen.aspx?Pname=cb788051-cee0-4ae6-bbf4-5588d95fb730.pdf
2026-01-24 10:43:53.997986 | Housing & Urban Development Corporation Ltd | 403 Client Error: Forbidden for url: https://www.bseindia.com/stockinfo/AnnPdfOpen.aspx?Pname=0c8114d6-4cea-47c8-be51-323fbc58f785.pdf
2026-01-24 10:43:54.377234 | Uttam Sugar Mills Ltd | 403 Client Error: Forbidden for url: https://www.bseindia.com/stockinfo/AnnPdfOpen.aspx?Pname=12eb2bcf-dd41-4556-84f9-5b5b7e274f5e.pdf
2026-01-24 10:43:54.760114 | Jindal Worldwide Ltd | 403 Client Error: Forbidden for url: https://www.bseindia.com/stockinfo/AnnPdfOpen.aspx?Pname=0e452254-ab2b-4b53-8c4b-30412cb7a65c.pdf
2026-01-24 10:43:55.088741 | IIFL Capital Services Ltd | 403 Client Error: Forbidden for url: https://www.bseindia.com/stockinfo/AnnPdfOpen.aspx?Pname=ca44332b-e253-4ae4-a1cc-bd554858cad4.pdf
2026-01-24 10:43:55.475897 | Ethos Ltd | 403 Client Error: Forbidden for url: https://www.bseindia.com/stockinfo/AnnPdfOpen.aspx?Pname=b3e90f25-38ef-4f72-b912-797e94157aec.pdf
2026-01-24 10:43:55.807694 | Titagarh Rail Systems Ltd | 403 Client Error: Forbidden for url: https://www.bseindia.com/stockinfo/AnnPdfOpen.aspx?Pname=eecc06ab-92f3-47d5-9744-5ee148448c25.pdf
2026-01-24 10:43:56.119379 | Gokaldas Exports Ltd | 403 Client Error: Forbidden for url: https://www.bseindia.com/stockinfo/AnnPdfOpen.aspx?Pname=80c010ac-c004-443c-8ccb-86fe1f02694e.pdf
2026-01-24 10:43:56.432733 | IRCON International Ltd | 403 Client Error: Forbidden for url: https://www.bseindia.com/stockinfo/AnnPdfOpen.aspx?Pname=f6bd8f08-2ce0-4d7e-818b-ca293690cd1c.pdf
2026-01-24 10:43:56.801699 | Nirlon Ltd | 403 Client Error: Forbidden for url: https://www.bseindia.com/stockinfo/AnnPdfOpen.aspx?Pname=15ca5c69-ed9d-48a9-bd10-deb898aad53a.pdf
2026-01-24 10:43:57.115197 | Max Financial Services Ltd | 403 Client Error: Forbidden for url: https://www.bseindia.com/stockinfo/AnnPdfOpen.aspx?Pname=02b5f0ed-d9bd-4afc-b9e7-ced993451f08.pdf
2026-01-24 10:43:57.485534 | Brainbees Solutions Ltd | 403 Client Error: Forbidden for url: https://www.bseindia.com/stockinfo/AnnPdfOpen.aspx?Pname=6e4e9a4b-565d-45f7-be72-9360c20f7f9f.pdf
2026-01-24 10:43:57.823835 | Global Health Ltd | 403 Client Error: Forbidden for url: https://www.bseindia.com/stockinfo/AnnPdfOpen.aspx?Pname=b0467cf8-d609-4ec3-8852-312242b2a206.pdf
2026-01-24 10:43:58.111700 | Banco Products (India) Ltd- | 403 Client Error: Forbidden for url: https://www.bseindia.com/stockinfo/AnnPdfOpen.aspx?Pname=5fdc968e-524b-4491-876e-fbacfc5dfa4f.pdf
2026-01-24 10:43:58.454618 | Steel Authority of India Ltd | 403 Client Error: Forbidden for url: https://www.bseindia.com/stockinfo/AnnPdfOpen.aspx?Pname=858fc948-3a73-401a-9a91-57d85b662b6b.pdf
2026-01-24 10:43:58.753329 | Steel Authority of India Ltd | 403 Client Error: Forbidden for url: https://www.bseindia.com/stockinfo/AnnPdfOpen.aspx?Pname=168fef2a-0bfc-4578-aa42-a4c96254ab53.pdf
2026-01-24 10:43:59.077645 | Urja Global Ltd | 403 Client Error: Forbidden for url: https://www.bseindia.com/stockinfo/AnnPdfOpen.aspx?Pname=37364af7-66ea-48b9-90b6-1f5573af3585.pdf
2026-01-24 10:43:59.401213 | Aptech Ltd | 403 Client Error: Forbidden for url: https://www.bseindia.com/stockinfo/AnnPdfOpen.aspx?Pname=b57eaef4-b1fb-4f41-bddd-06f660b5413f.pdf
2026-01-24 10:43:59.773939 | G R Infraprojects Ltd | 403 Client Error: Forbidden for url: https://www.bseindia.com/stockinfo/AnnPdfOpen.aspx?Pname=440b7ed6-7307-480c-824c-a6648f2e0ab9.pdf
2026-01-24 10:44:00.078506 | Pondy Oxides & Chemicals Ltd | 403 Client Error: Forbidden for url: https://www.bseindia.com/stockinfo/AnnPdfOpen.aspx?Pname=e0dac5a2-d760-4c40-af58-228c72e85774.pdf
2026-01-24 10:44:00.415886 | Renaissance Global Ltd | 403 Client Error: Forbidden for url: https://www.bseindia.com/stockinfo/AnnPdfOpen.aspx?Pname=d6376b51-365c-4e81-836a-7796d58a51b0.pdf
2026-01-24 10:44:00.721497 | Rushil Decor Ltd | 403 Client Error: Forbidden for url: https://www.bseindia.com/stockinfo/AnnPdfOpen.aspx?Pname=f0a05330-fceb-4a5d-b7cb-be1d45b1b72d.pdf
2026-01-24 10:44:01.018991 | Black Box Ltd | 403 Client Error: Forbidden for url: https://www.bseindia.com/stockinfo/AnnPdfOpen.aspx?Pname=924e18bd-5c0d-454b-867e-e7bf5a93b08a.pdf
2026-01-24 10:44:01.304516 | Jai Balaji Industries Ltd | 403 Client Error: Forbidden for url: https://www.bseindia.com/stockinfo/AnnPdfOpen.aspx?Pname=a1322ec2-1396-4b5d-a837-605a99cc5e1e.pdf
2026-01-24 10:44:01.625445 | Sharda Motor Industries Ltd | 403 Client Error: Forbidden for url: https://www.bseindia.com/stockinfo/AnnPdfOpen.aspx?Pname=ab7ed8dd-cf86-4eaa-b6ee-e68578420f6a.pdf
2026-01-24 10:44:01.946752 | Hindustan Foods Ltd | 403 Client Error: Forbidden for url: https://www.bseindia.com/stockinfo/AnnPdfOpen.aspx?Pname=36232fb4-d20b-4ff1-a909-337c4520fd0d.pdf
2026-01-24 10:44:02.279401 | Somany Ceramics Ltd | 403 Client Error: Forbidden for url: https://www.bseindia.com/stockinfo/AnnPdfOpen.aspx?Pname=81ee2a21-9f87-48ff-9a52-453f7bf6babf.pdf
2026-01-24 10:44:02.609517 | TVS Srichakra Ltd- | 403 Client Error: Forbidden for url: https://www.bseindia.com/stockinfo/AnnPdfOpen.aspx?Pname=910a81d9-9793-4408-a3e7-faba8f92f02b.pdf
2026-01-24 10:44:02.911755 | Metro Brands Ltd | 403 Client Error: Forbidden for url: https://www.bseindia.com/stockinfo/AnnPdfOpen.aspx?Pname=abdb259d-1c3d-4edb-9e20-0fa1898610e1.pdf
2026-01-24 10:44:03.252073 | Entero Healthcare Solutions Ltd | 403 Client Error: Forbidden for url: https://www.bseindia.com/stockinfo/AnnPdfOpen.aspx?Pname=e4a59666-970d-4cdb-87f9-7c4c7ef2594c.pdf
2026-01-24 10:44:03.608086 | Tamil Nadu Newsprint & Papers Ltd | 403 Client Error: Forbidden for url: https://www.bseindia.com/stockinfo/AnnPdfOpen.aspx?Pname=139d28fb-f221-451c-bacf-55c79165f664.pdf
2026-01-24 10:44:03.928345 | Manali Petrochemicals Ltd | 403 Client Error: Forbidden for url: https://www.bseindia.com/stockinfo/AnnPdfOpen.aspx?Pname=4f39bd7a-dc75-452f-9abb-6ef428952686.pdf
2026-01-24 10:44:04.244396 | Protean eGov Technologies Ltd | 403 Client Error: Forbidden for url: https://www.bseindia.com/stockinfo/AnnPdfOpen.aspx?Pname=39f795fb-34f6-4178-bdd3-6d79408df6bf.pdf
2026-01-24 10:44:04.552111 | KRN Heat Exchanger And Refrigeration Ltd | 403 Client Error: Forbidden for url: https://www.bseindia.com/stockinfo/AnnPdfOpen.aspx?Pname=a25307fa-3b94-41fa-8cc9-5ffdbe106a95.pdf
2026-01-24 10:44:04.854922 | Nandan Denim Ltd | 403 Client Error: Forbidden for url: https://www.bseindia.com/stockinfo/AnnPdfOpen.aspx?Pname=7f694539-6139-4823-b9be-841d36606174.pdf
2026-01-24 10:44:05.160378 | India Tourism Development Corporation Ltd | 403 Client Error: Forbidden for url: https://www.bseindia.com/stockinfo/AnnPdfOpen.aspx?Pname=d67a59e3-84a7-463f-af19-ba3495c9e022.pdf
2026-01-24 10:44:05.490748 | Vadilal Industries Ltd- | 403 Client Error: Forbidden for url: https://www.bseindia.com/stockinfo/AnnPdfOpen.aspx?Pname=decc5202-458f-4a89-bdfc-52538ce94c01.pdf
2026-01-24 10:44:05.827246 | Everest Industries Ltd | 403 Client Error: Forbidden for url: https://www.bseindia.com/stockinfo/AnnPdfOpen.aspx?Pname=de9df217-6c7b-40f6-ad33-a92364c7f2f8.pdf
2026-01-24 10:44:06.138168 | Gulshan Polyols Ltd | 403 Client Error: Forbidden for url: https://www.bseindia.com/stockinfo/AnnPdfOpen.aspx?Pname=1ab39028-6bbc-48e6-986b-8b3e777170b6.pdf
2026-01-24 10:44:06.443248 | Century Plyboards (India) Ltd- | 403 Client Error: Forbidden for url: https://www.bseindia.com/stockinfo/AnnPdfOpen.aspx?Pname=8d6d7a8a-e66f-485c-a7e0-f7a9f590a091.pdf
2026-01-24 10:44:06.754230 | Shanti Educational Initiatives Ltd | 403 Client Error: Forbidden for url: https://www.bseindia.com/stockinfo/AnnPdfOpen.aspx?Pname=e533b42e-e825-4282-99da-e5087d257c54.pdf
2026-01-24 10:44:07.070475 | Gujarat Industries Power Company Ltd | 403 Client Error: Forbidden for url: https://www.bseindia.com/stockinfo/AnnPdfOpen.aspx?Pname=4d990eff-70f0-442f-a514-e24198359d41.pdf
2026-01-24 10:44:07.406302 | Bhansali Engineering Polymers Ltd- | 403 Client Error: Forbidden for url: https://www.bseindia.com/stockinfo/AnnPdfOpen.aspx?Pname=49c0c91b-b93e-4e44-9509-b994ee7bc94d.pdf
2026-01-24 10:44:07.751846 | Shilpa Medicare Ltd | 403 Client Error: Forbidden for url: https://www.bseindia.com/stockinfo/AnnPdfOpen.aspx?Pname=7c90af08-25c6-4005-bf7d-e82923440c89.pdf
2026-01-24 10:44:08.065042 | Jai Corp Ltd | 403 Client Error: Forbidden for url: https://www.bseindia.com/stockinfo/AnnPdfOpen.aspx?Pname=a3c7119c-4ad3-425b-be95-562efb5b22a4.pdf
2026-01-24 10:44:08.409060 | Datamatics Global Services Ltd | 403 Client Error: Forbidden for url: https://www.bseindia.com/stockinfo/AnnPdfOpen.aspx?Pname=969f7aaf-196c-40f9-8f06-ce2ef94f9df1.pdf
2026-01-24 10:44:08.722381 | Tamilnadu Petroproducts Ltd | 403 Client Error: Forbidden for url: https://www.bseindia.com/stockinfo/AnnPdfOpen.aspx?Pname=34bae708-f913-4ce2-90a9-8ee7ef6e01d8.pdf
2026-01-24 10:44:09.037236 | Sandur Manganese & Iron Ores Ltd | 403 Client Error: Forbidden for url: https://www.bseindia.com/stockinfo/AnnPdfOpen.aspx?Pname=57e0a11e-34fd-410c-bdd6-d2efa2e4e9fc.pdf
2026-01-24 10:44:09.343305 | Garden Reach Shipbuilders & Engineers Ltd | 403 Client Error: Forbidden for url: https://www.bseindia.com/stockinfo/AnnPdfOpen.aspx?Pname=7d2f2194-0709-427c-8baf-c42ece7ac816.pdf
2026-01-24 10:44:09.646664 | Tatva Chintan Pharma Chem Ltd | 403 Client Error: Forbidden for url: https://www.bseindia.com/stockinfo/AnnPdfOpen.aspx?Pname=9fea4dc6-9c8c-471f-9b80-c24998ac94e5.pdf
2026-01-24 10:44:09.966181 | TeamLease Services Ltd | 403 Client Error: Forbidden for url: https://www.bseindia.com/stockinfo/AnnPdfOpen.aspx?Pname=b3f98fb5-5b19-4656-ac31-b25c1229939e.pdf
2026-01-24 10:44:10.279637 | Oil India Ltd | 403 Client Error: Forbidden for url: https://www.bseindia.com/stockinfo/AnnPdfOpen.aspx?Pname=9a614176-9daa-4bac-acca-b0fcee2f1b20.pdf
2026-01-24 10:44:10.620245 | Keystone Realtors Ltd | 403 Client Error: Forbidden for url: https://www.bseindia.com/stockinfo/AnnPdfOpen.aspx?Pname=613ac1f1-9f60-4d69-8669-080c1c46cd6f.pdf
2026-01-24 10:44:10.939397 | Hikal Ltd | 403 Client Error: Forbidden for url: https://www.bseindia.com/stockinfo/AnnPdfOpen.aspx?Pname=df33797c-ed11-4282-8afb-583df74894d2.pdf
2026-01-24 10:44:11.253794 | Choice International Ltd | 403 Client Error: Forbidden for url: https://www.bseindia.com/stockinfo/AnnPdfOpen.aspx?Pname=993b1b52-f648-4a7e-83f6-8c2afe7089ed.pdf
2026-01-24 10:44:11.568198 | Responsive Industries Ltd | 403 Client Error: Forbidden for url: https://www.bseindia.com/stockinfo/AnnPdfOpen.aspx?Pname=e0c211cb-7c7c-417f-985a-291241f217e3.pdf
2026-01-24 10:44:11.892798 | Kitex Garments Ltd | 403 Client Error: Forbidden for url: https://www.bseindia.com/stockinfo/AnnPdfOpen.aspx?Pname=4648b80b-76e7-4002-8a3a-c15e94c72aa1.pdf
2026-01-24 10:44:12.203424 | Subros Ltd | 403 Client Error: Forbidden for url: https://www.bseindia.com/stockinfo/AnnPdfOpen.aspx?Pname=e38aad91-d59b-4b42-a47f-05ed5e8cc867.pdf
2026-01-24 10:44:12.511326 | Ujaas Energy Ltd | 403 Client Error: Forbidden for url: https://www.bseindia.com/stockinfo/AnnPdfOpen.aspx?Pname=e3ed0ef9-90ac-4a8f-ba5f-dcaa9ab0f164.pdf
2026-01-24 10:44:12.850632 | Tega Industries Ltd | 403 Client Error: Forbidden for url: https://www.bseindia.com/stockinfo/AnnPdfOpen.aspx?Pname=65a9d67e-20f4-4af8-b037-abc3f753a876.pdf
2026-01-24 10:44:13.159527 | Godawari Power and Ispat Ltd | 403 Client Error: Forbidden for url: https://www.bseindia.com/stockinfo/AnnPdfOpen.aspx?Pname=7ae2b3d4-4594-4245-9f11-d73fff071e6a.pdf
2026-01-24 10:44:13.490230 | MTAR Technologies Ltd | 403 Client Error: Forbidden for url: https://www.bseindia.com/stockinfo/AnnPdfOpen.aspx?Pname=57f631d4-3e4f-4808-80e8-7fd368363a60.pdf
2026-01-24 10:44:13.813296 | Force Motors Ltd- | 403 Client Error: Forbidden for url: https://www.bseindia.com/stockinfo/AnnPdfOpen.aspx?Pname=a176a481-166a-4822-9bd6-ba1e40492c8f.pdf
2026-01-24 10:44:14.127348 | Cohance Lifesciences Ltd | 403 Client Error: Forbidden for url: https://www.bseindia.com/stockinfo/AnnPdfOpen.aspx?Pname=5fe04785-5fff-43b6-845d-59a1986d1959.pdf
2026-01-24 10:44:14.480208 | Orchid Pharma Ltd | 403 Client Error: Forbidden for url: https://www.bseindia.com/stockinfo/AnnPdfOpen.aspx?Pname=ed82e477-40ea-409f-ab81-3bf7d69908ae.pdf
2026-01-24 10:44:14.898371 | Nahar Capital and Financial Services Ltd | 403 Client Error: Forbidden for url: https://www.bseindia.com/stockinfo/AnnPdfOpen.aspx?Pname=6c203e77-72e6-44e3-9610-3206838bd217.pdf
2026-01-24 10:44:15.202387 | Sangam India Ltd | 403 Client Error: Forbidden for url: https://www.bseindia.com/stockinfo/AnnPdfOpen.aspx?Pname=104f11b0-d77c-4e45-967c-e8a1984cd51a.pdf
2026-01-24 10:44:15.514470 | Zaggle Prepaid Ocean Services Ltd | 403 Client Error: Forbidden for url: https://www.bseindia.com/stockinfo/AnnPdfOpen.aspx?Pname=3dfe3c79-e113-4c1b-8ca8-d5fae1810217.pdf
2026-01-24 10:44:15.811998 | Ramkrishna Forgings Ltd | 403 Client Error: Forbidden for url: https://www.bseindia.com/stockinfo/AnnPdfOpen.aspx?Pname=a41f0fb5-d226-4154-8810-258a922329b3.pdf
2026-01-24 10:44:16.143167 | Bansal Wire Industries Ltd | 403 Client Error: Forbidden for url: https://www.bseindia.com/stockinfo/AnnPdfOpen.aspx?Pname=d063c2c0-7493-4a29-b47c-09c0e84e7c0b.pdf
2026-01-24 10:44:16.500061 | Jyoti CNC Automation Ltd | 403 Client Error: Forbidden for url: https://www.bseindia.com/stockinfo/AnnPdfOpen.aspx?Pname=c6e7f7e9-2a0f-443b-8358-94ef1ff64f62.pdf
2026-01-24 10:44:16.821773 | SG Mart Ltd | 403 Client Error: Forbidden for url: https://www.bseindia.com/stockinfo/AnnPdfOpen.aspx?Pname=d130b3c5-e186-4d3c-81b7-9acb778d5b80.pdf
2026-01-24 10:44:17.116580 | Max Estates Ltd | 403 Client Error: Forbidden for url: https://www.bseindia.com/stockinfo/AnnPdfOpen.aspx?Pname=79e0c88b-0303-41e2-b9d0-c669e0b6dcb4.pdf
2026-01-24 10:44:17.444678 | Alicon Castalloy Ltd | 403 Client Error: Forbidden for url: https://www.bseindia.com/stockinfo/AnnPdfOpen.aspx?Pname=39e78df8-7e1c-4f75-8d69-197c8a066069.pdf
2026-01-24 10:44:17.787621 | Nahar Spinning Mills Ltd | 403 Client Error: Forbidden for url: https://www.bseindia.com/stockinfo/AnnPdfOpen.aspx?Pname=23a4a986-774c-4247-a4d9-3c3f6bede59b.pdf
2026-01-24 10:44:18.123170 | National Standard (India) Ltd | 403 Client Error: Forbidden for url: https://www.bseindia.com/stockinfo/AnnPdfOpen.aspx?Pname=88ae5216-b3cb-4c43-b351-0f7afb33ea1d.pdf
2026-01-24 10:44:18.455337 | Ddev Plastiks Industries Ltd | 403 Client Error: Forbidden for url: https://www.bseindia.com/stockinfo/AnnPdfOpen.aspx?Pname=86667af3-f028-4ff9-979e-42f9d9eaf01b.pdf
2026-01-24 10:44:18.781570 | Ambika Cotton Mills Ltd | 403 Client Error: Forbidden for url: https://www.bseindia.com/stockinfo/AnnPdfOpen.aspx?Pname=d7970ac9-46bd-49e4-ba3a-1c3ec76a36bf.pdf
2026-01-24 10:44:19.068608 | Race Eco Chain Ltd | 403 Client Error: Forbidden for url: https://www.bseindia.com/stockinfo/AnnPdfOpen.aspx?Pname=9bcfba3f-74e6-4251-bb7a-fab3ebea5a99.pdf
2026-01-24 10:44:19.377102 | BCL Industries Ltd- | 403 Client Error: Forbidden for url: https://www.bseindia.com/stockinfo/AnnPdfOpen.aspx?Pname=e8558ea1-c5e1-4c72-bcfd-4dd33202c0e2.pdf
2026-01-24 10:44:19.704668 | OnMobile Global Ltd | 403 Client Error: Forbidden for url: https://www.bseindia.com/stockinfo/AnnPdfOpen.aspx?Pname=59ed42ca-0bf8-4868-a6ff-d46441b8bc77.pdf
2026-01-24 10:44:20.014241 | Anjani Portland Cement Ltd- | 403 Client Error: Forbidden for url: https://www.bseindia.com/stockinfo/AnnPdfOpen.aspx?Pname=335e7b51-4554-4c9d-abf5-4fd8ccdde63f.pdf
2026-01-24 10:44:20.337226 | Sun TV Network Ltd | 403 Client Error: Forbidden for url: https://www.bseindia.com/stockinfo/AnnPdfOpen.aspx?Pname=b6467a49-adcf-4b71-9128-6ccef17b13dd.pdf
2026-01-24 10:44:20.683706 | SG Finserve Ltd | 403 Client Error: Forbidden for url: https://www.bseindia.com/stockinfo/AnnPdfOpen.aspx?Pname=17213449-dfd4-4b02-89e2-bb805d044a9f.pdf
2026-01-24 10:44:21.065784 | Sandhar Technologies Ltd | 403 Client Error: Forbidden for url: https://www.bseindia.com/stockinfo/AnnPdfOpen.aspx?Pname=31d844f3-b9f4-414f-a9b7-1a47ee911577.pdf
2026-01-24 10:44:21.370191 | Texmaco Rail & Engineering Ltd | 403 Client Error: Forbidden for url: https://www.bseindia.com/stockinfo/AnnPdfOpen.aspx?Pname=8da58a01-ad39-4723-8c54-09847c369584.pdf
2026-01-24 10:44:21.653790 | Heranba Industries Ltd | 403 Client Error: Forbidden for url: https://www.bseindia.com/stockinfo/AnnPdfOpen.aspx?Pname=c01c7a50-30e2-4200-b5ca-cdbd76f71274.pdf
2026-01-24 10:44:21.977195 | Star Health and Allied Insurance Company Ltd | 403 Client Error: Forbidden for url: https://www.bseindia.com/stockinfo/AnnPdfOpen.aspx?Pname=c02901d2-813f-44b4-bbc9-4fe57675cfdb.pdf
2026-01-24 10:44:22.276468 | Nuvama Wealth Management Ltd | 403 Client Error: Forbidden for url: https://www.bseindia.com/stockinfo/AnnPdfOpen.aspx?Pname=e91e6278-a3f0-4f47-81cf-4f6c2dff71a1.pdf
2026-01-24 10:44:22.649649 | Likhitha Infrastructure Ltd | 403 Client Error: Forbidden for url: https://www.bseindia.com/stockinfo/AnnPdfOpen.aspx?Pname=0af394d2-4122-4512-8273-7b95c60b44d1.pdf
2026-01-24 10:44:22.975140 | Exicom Tele-Systems Ltd | 403 Client Error: Forbidden for url: https://www.bseindia.com/stockinfo/AnnPdfOpen.aspx?Pname=4af75ec2-9f07-4392-be71-94a85854b433.pdf
2026-01-24 10:44:23.304066 | Coforge Ltd | 403 Client Error: Forbidden for url: https://www.bseindia.com/stockinfo/AnnPdfOpen.aspx?Pname=0f8fd330-0e79-4b82-95ac-cc7395551655.pdf
2026-01-24 10:44:23.634978 | India Nippon Electricals Ltd | 403 Client Error: Forbidden for url: https://www.bseindia.com/stockinfo/AnnPdfOpen.aspx?Pname=2edafdd1-4320-49a3-baca-88573d6c4e91.pdf
2026-01-24 10:44:23.985666 | Mazagon Dock Shipbuilders Ltd | 403 Client Error: Forbidden for url: https://www.bseindia.com/stockinfo/AnnPdfOpen.aspx?Pname=4dd453be-1eec-4f2d-b48f-e0b2bf601372.pdf
2026-01-24 10:44:24.291038 | NACL Industries Ltd | 403 Client Error: Forbidden for url: https://www.bseindia.com/stockinfo/AnnPdfOpen.aspx?Pname=4a510cde-d82b-4dfa-8dcc-978090e02406.pdf
2026-01-24 10:44:24.574206 | Juniper Hotels Ltd | 403 Client Error: Forbidden for url: https://www.bseindia.com/stockinfo/AnnPdfOpen.aspx?Pname=037bb2c9-7fbd-4af2-b898-c810d1c41ac7.pdf
2026-01-24 10:44:24.871885 | Nahar Polyfilms Ltd | 403 Client Error: Forbidden for url: https://www.bseindia.com/stockinfo/AnnPdfOpen.aspx?Pname=ecdba44d-20ba-49f4-a8d0-e4af8edb3049.pdf
2026-01-24 10:44:25.152745 | Aarti Pharmalabs Ltd | 403 Client Error: Forbidden for url: https://www.bseindia.com/stockinfo/AnnPdfOpen.aspx?Pname=a000c6b6-a023-48de-82f0-2d6d61f899bf.pdf
2026-01-24 10:44:25.485413 | Engineers India Ltd | 403 Client Error: Forbidden for url: https://www.bseindia.com/stockinfo/AnnPdfOpen.aspx?Pname=28d0fb44-bae6-4dfc-aa6a-801c359a39a5.pdf
2026-01-24 10:44:25.790124 | Mastek Ltd | 403 Client Error: Forbidden for url: https://www.bseindia.com/stockinfo/AnnPdfOpen.aspx?Pname=b3551440-2e0f-4e3e-b9b3-fe4688149f70.pdf
2026-01-24 10:44:26.100367 | Ashapura Minechem Ltd | 403 Client Error: Forbidden for url: https://www.bseindia.com/stockinfo/AnnPdfOpen.aspx?Pname=40b1637a-94d3-4f8e-ae8c-21c9eb798f4e.pdf
2026-01-24 10:44:26.403279 | Hindustan Copper Ltd | 403 Client Error: Forbidden for url: https://www.bseindia.com/stockinfo/AnnPdfOpen.aspx?Pname=eeb516eb-8668-4371-8b50-f33ca311cc64.pdf
2026-01-24 10:44:26.751238 | KRBL Ltd | 403 Client Error: Forbidden for url: https://www.bseindia.com/stockinfo/AnnPdfOpen.aspx?Pname=55475180-7f42-40b7-b1cb-21fde50d87b4.pdf
2026-01-24 10:44:27.073346 | United Drilling Tools Ltd | 403 Client Error: Forbidden for url: https://www.bseindia.com/stockinfo/AnnPdfOpen.aspx?Pname=6724b8bc-178f-416b-8593-76822b1bcf0a.pdf
2026-01-24 10:44:27.381565 | Amrutanjan Health Care Ltd- | 403 Client Error: Forbidden for url: https://www.bseindia.com/stockinfo/AnnPdfOpen.aspx?Pname=fb48fa0d-31fc-4c1f-8ebf-aed12e05b19c.pdf
2026-01-24 10:44:27.701692 | J. Kumar Infraprojects Ltd | 403 Client Error: Forbidden for url: https://www.bseindia.com/stockinfo/AnnPdfOpen.aspx?Pname=20183bd4-c1de-4d56-bdf5-5d71a9bade68.pdf
2026-01-24 10:44:28.040503 | Jupiter Wagons Ltd | 403 Client Error: Forbidden for url: https://www.bseindia.com/stockinfo/AnnPdfOpen.aspx?Pname=ec17cbd9-7bab-4895-af5a-e918369da5d3.pdf
2026-01-24 10:44:28.326493 | Affle 3I Ltd | 403 Client Error: Forbidden for url: https://www.bseindia.com/stockinfo/AnnPdfOpen.aspx?Pname=61b4db2e-def6-4544-806e-351d845f20b9.pdf
2026-01-24 10:44:28.659539 | Balmer Lawrie & Company Ltd | 403 Client Error: Forbidden for url: https://www.bseindia.com/stockinfo/AnnPdfOpen.aspx?Pname=962d1562-9b7c-40da-9d2e-b1cb97fc174f.pdf
2026-01-24 10:44:28.986010 | Dhani Services Ltd | 403 Client Error: Forbidden for url: https://www.bseindia.com/stockinfo/AnnPdfOpen.aspx?Pname=7807dc44-d370-4976-82fc-100f28d1460f.pdf
2026-01-24 10:44:29.308926 | Agarwal Industrial Corporation Ltd | 403 Client Error: Forbidden for url: https://www.bseindia.com/stockinfo/AnnPdfOpen.aspx?Pname=4e9958c8-dac8-4e41-82da-db36aa3475c0.pdf
2026-01-24 10:44:29.602751 | Onesource Specialty Pharma Ltd | 403 Client Error: Forbidden for url: https://www.bseindia.com/stockinfo/AnnPdfOpen.aspx?Pname=fe8bd206-b566-42e6-bc1a-e66f5fe78d41.pdf
2026-01-24 10:44:29.931398 | Natco Pharma Ltd | 403 Client Error: Forbidden for url: https://www.bseindia.com/stockinfo/AnnPdfOpen.aspx?Pname=df85f2c9-9cdc-44c8-af9a-f9ea55e90d23.pdf
2026-01-24 10:44:30.235990 | Kaveri Seed Company Ltd | 403 Client Error: Forbidden for url: https://www.bseindia.com/stockinfo/AnnPdfOpen.aspx?Pname=2009b068-b68e-489e-81a0-bdb4e86aa75f.pdf
2026-01-24 10:44:30.565613 | Skipper Ltd | 403 Client Error: Forbidden for url: https://www.bseindia.com/stockinfo/AnnPdfOpen.aspx?Pname=27884945-e198-4752-a792-ea4ebfe7f288.pdf
2026-01-24 10:44:30.875007 | Olectra Greentech Ltd | 403 Client Error: Forbidden for url: https://www.bseindia.com/stockinfo/AnnPdfOpen.aspx?Pname=f2459b27-d32b-4176-8993-d0932e1c97da.pdf
2026-01-24 10:44:31.235718 | Aditya Birla Fashion and Retail Ltd | 403 Client Error: Forbidden for url: https://www.bseindia.com/stockinfo/AnnPdfOpen.aspx?Pname=05fc2ee7-a84f-42b6-b505-4252365dda25.pdf
2026-01-24 10:44:31.518093 | Glenmark Pharmaceuticals Ltd | 403 Client Error: Forbidden for url: https://www.bseindia.com/stockinfo/AnnPdfOpen.aspx?Pname=9a3b7d1f-6dd2-4c69-b12f-63e42c535acd.pdf
2026-01-24 10:44:31.832403 | Petronet LNG Ltd | 403 Client Error: Forbidden for url: https://www.bseindia.com/stockinfo/AnnPdfOpen.aspx?Pname=be09bdf0-2e72-4eab-b077-110332bff996.pdf
2026-01-24 10:44:32.168092 | Baazar Style Retail Ltd | 403 Client Error: Forbidden for url: https://www.bseindia.com/stockinfo/AnnPdfOpen.aspx?Pname=847843e2-34bf-41d6-8610-e2b3a79dc31b.pdf
2026-01-24 10:44:32.480305 | Chaman Lal Setia Exports Ltd- | 403 Client Error: Forbidden for url: https://www.bseindia.com/stockinfo/AnnPdfOpen.aspx?Pname=3fbf4cfb-9329-495d-9e76-44dc01b37439.pdf
2026-01-24 10:44:32.808006 | Cigniti Technologies Ltd | 403 Client Error: Forbidden for url: https://www.bseindia.com/stockinfo/AnnPdfOpen.aspx?Pname=be0e014a-c166-4186-84f6-1a86fcda257b.pdf
2026-01-24 10:44:33.128590 | NIIT Ltd | 403 Client Error: Forbidden for url: https://www.bseindia.com/stockinfo/AnnPdfOpen.aspx?Pname=47bbd4fd-09cf-4888-a2b8-28a1b180f423.pdf
2026-01-24 10:44:33.448093 | Campus Activewear Ltd | 403 Client Error: Forbidden for url: https://www.bseindia.com/stockinfo/AnnPdfOpen.aspx?Pname=f5a14b86-a233-434e-b268-38a2555694c3.pdf
2026-01-24 10:44:33.763723 | Waaree Renewable Technologies Ltd | 403 Client Error: Forbidden for url: https://www.bseindia.com/stockinfo/AnnPdfOpen.aspx?Pname=c0ac68c0-9da9-431b-8719-e55283d3aafa.pdf
2026-01-24 10:44:34.079539 | Suzlon Energy Ltd | 403 Client Error: Forbidden for url: https://www.bseindia.com/stockinfo/AnnPdfOpen.aspx?Pname=62b817f7-99fb-45ab-94f8-c1dca5fee9d5.pdf
2026-01-24 10:44:34.388163 | RITES Ltd | 403 Client Error: Forbidden for url: https://www.bseindia.com/stockinfo/AnnPdfOpen.aspx?Pname=d57beaad-9e18-4158-9bb0-65a888368eca.pdf
2026-01-24 10:44:34.681657 | Tarsons Products Ltd | 403 Client Error: Forbidden for url: https://www.bseindia.com/stockinfo/AnnPdfOpen.aspx?Pname=8a75d172-d4c5-4e6f-97da-e8845949fe8e.pdf
2026-01-24 10:44:35.027036 | Electronics Mart India Ltd | 403 Client Error: Forbidden for url: https://www.bseindia.com/stockinfo/AnnPdfOpen.aspx?Pname=a23ada1f-e6fd-45e5-a3c2-4c9a86a76598.pdf
2026-01-24 10:44:35.337859 | JTL Industries Ltd | 403 Client Error: Forbidden for url: https://www.bseindia.com/stockinfo/AnnPdfOpen.aspx?Pname=983d543f-1b81-45c2-89c2-c2cf85c15439.pdf
2026-01-24 10:44:35.738033 | Le Travenues Technology Ltd | 403 Client Error: Forbidden for url: https://www.bseindia.com/stockinfo/AnnPdfOpen.aspx?Pname=aa165507-5f1e-4792-9875-72aa508bcb2b.pdf
2026-01-24 10:44:36.022210 | ESAF Small Finance Bank Ltd | 403 Client Error: Forbidden for url: https://www.bseindia.com/stockinfo/AnnPdfOpen.aspx?Pname=a898e1ac-a8fc-4e40-8282-950c322af5e5.pdf
2026-01-24 10:44:36.312537 | Caplin Point Laboratories Ltd | 403 Client Error: Forbidden for url: https://www.bseindia.com/stockinfo/AnnPdfOpen.aspx?Pname=c980d7ba-778e-41c1-ac32-797090e2ce19.pdf
2026-01-24 10:44:36.631711 | Medi Assist Healthcare Services Ltd | 403 Client Error: Forbidden for url: https://www.bseindia.com/stockinfo/AnnPdfOpen.aspx?Pname=0561f755-e8bb-4373-99b3-0d6b4744ec4a.pdf
2026-01-24 10:44:36.915868 | RBL Bank Ltd | 403 Client Error: Forbidden for url: https://www.bseindia.com/stockinfo/AnnPdfOpen.aspx?Pname=2ede9ad6-c217-46e7-b6d4-befb012e3e98.pdf
2026-01-24 10:44:37.249045 | Uniparts India Ltd | 403 Client Error: Forbidden for url: https://www.bseindia.com/stockinfo/AnnPdfOpen.aspx?Pname=6a6a318f-0ce5-4e4f-8e53-066d772c8a0b.pdf
2026-01-24 10:44:37.550904 | Savita Oil Technologies Ltd | 403 Client Error: Forbidden for url: https://www.bseindia.com/stockinfo/AnnPdfOpen.aspx?Pname=7161e1ce-1b09-4edf-8447-e08fe7375ce8.pdf
2026-01-24 10:44:37.875866 | Gujarat State Petronet Ltd | 403 Client Error: Forbidden for url: https://www.bseindia.com/stockinfo/AnnPdfOpen.aspx?Pname=9330e1c3-bdd4-48e9-a517-743c3c1a5258.pdf
2026-01-24 10:44:38.190069 | NIIT Learning Systems Ltd | 403 Client Error: Forbidden for url: https://www.bseindia.com/stockinfo/AnnPdfOpen.aspx?Pname=7f25ee90-8cd4-4001-ae4b-ddb7cf0997d9.pdf
2026-01-24 10:44:38.563252 | Borosil Renewables Ltd | 403 Client Error: Forbidden for url: https://www.bseindia.com/stockinfo/AnnPdfOpen.aspx?Pname=c4f62cf5-fd12-40a2-9075-2b1ec6ad67cd.pdf
2026-01-24 10:44:38.939239 | Sterling Tools Ltd- | 403 Client Error: Forbidden for url: https://www.bseindia.com/stockinfo/AnnPdfOpen.aspx?Pname=83996b5e-38a9-4fe2-9588-79c6374334a6.pdf
2026-01-24 10:44:39.348335 | Power Mech Projects Ltd | 403 Client Error: Forbidden for url: https://www.bseindia.com/stockinfo/AnnPdfOpen.aspx?Pname=63230863-54ef-42b1-aa64-3a6419a9e6e1.pdf
2026-01-24 10:44:39.714041 | PG Electroplast Ltd | 403 Client Error: Forbidden for url: https://www.bseindia.com/stockinfo/AnnPdfOpen.aspx?Pname=9635c974-b916-44a9-b5a0-aa101a3adba5.pdf
2026-01-24 10:44:40.096818 | Garware Hi-Tech Films Ltd | 403 Client Error: Forbidden for url: https://www.bseindia.com/stockinfo/AnnPdfOpen.aspx?Pname=52695347-6196-4f17-a1e9-287e2d5f8856.pdf
2026-01-24 10:44:40.496220 | Karnataka Bank Ltd | 403 Client Error: Forbidden for url: https://www.bseindia.com/stockinfo/AnnPdfOpen.aspx?Pname=a49d555b-73f3-4039-b32f-7ca775364fd8.pdf
2026-01-24 10:44:40.870046 | Gujarat Gas Ltd | 403 Client Error: Forbidden for url: https://www.bseindia.com/stockinfo/AnnPdfOpen.aspx?Pname=68532916-eda8-43de-a453-9676a49f3fda.pdf
2026-01-24 10:44:41.229520 | DOMS Industries Ltd | 403 Client Error: Forbidden for url: https://www.bseindia.com/stockinfo/AnnPdfOpen.aspx?Pname=0d6444d7-d9f3-46be-90e3-3b0f39f9270f.pdf
2026-01-24 10:44:41.587682 | Aarti Drugs Ltd | 403 Client Error: Forbidden for url: https://www.bseindia.com/stockinfo/AnnPdfOpen.aspx?Pname=08d66d37-7ffd-42a1-8b18-8dc84cb78a50.pdf
2026-01-24 10:44:41.977581 | Landmark Cars Ltd | 403 Client Error: Forbidden for url: https://www.bseindia.com/stockinfo/AnnPdfOpen.aspx?Pname=9890c526-4b8f-480e-9e97-5acfb9279258.pdf
2026-01-24 10:44:42.371481 | Gujarat Mineral Development Corporation Ltd | 403 Client Error: Forbidden for url: https://www.bseindia.com/stockinfo/AnnPdfOpen.aspx?Pname=6a494553-ba1a-41df-8e3d-7677d8f1088e.pdf
2026-01-24 10:44:42.736490 | Lux Industries Ltd | 403 Client Error: Forbidden for url: https://www.bseindia.com/stockinfo/AnnPdfOpen.aspx?Pname=18b59b42-dc9e-4e56-a645-b453c1cc9369.pdf
2026-01-24 10:44:43.079807 | Magellanic Cloud Ltd | 403 Client Error: Forbidden for url: https://www.bseindia.com/stockinfo/AnnPdfOpen.aspx?Pname=2748bd97-fc92-474c-8605-e81a8fc38fd3.pdf
2026-01-24 10:44:43.417017 | Kamdhenu Ltd | 403 Client Error: Forbidden for url: https://www.bseindia.com/stockinfo/AnnPdfOpen.aspx?Pname=e6814413-01ca-4db6-a1bc-19988c1fbcaf.pdf
2026-01-24 10:44:43.821048 | Hexa Tradex Ltd | 403 Client Error: Forbidden for url: https://www.bseindia.com/stockinfo/AnnPdfOpen.aspx?Pname=412a3221-f3ec-455f-9a3f-b23c58f29ee3.pdf
2026-01-24 10:44:44.227517 | MMTC Ltd | 403 Client Error: Forbidden for url: https://www.bseindia.com/stockinfo/AnnPdfOpen.aspx?Pname=af85b9b7-2626-4fc8-ae81-d8c7e6514262.pdf
2026-01-24 10:44:44.723164 | Hinduja Global Solutions Ltd | 403 Client Error: Forbidden for url: https://www.bseindia.com/stockinfo/AnnPdfOpen.aspx?Pname=ffa6fe3c-1c61-40a2-ba59-727727219c76.pdf
2026-01-24 10:44:45.110725 | Kewal Kiran Clothing Ltd | 403 Client Error: Forbidden for url: https://www.bseindia.com/stockinfo/AnnPdfOpen.aspx?Pname=42df13fd-6987-42e9-92ff-75a96137f158.pdf
2026-01-24 10:44:45.491175 | Pitti Engineering Ltd- | 403 Client Error: Forbidden for url: https://www.bseindia.com/stockinfo/AnnPdfOpen.aspx?Pname=80e1c263-bde5-480e-9995-c0272d0793e4.pdf
2026-01-24 10:44:45.838888 | Gopal Snacks Ltd | 403 Client Error: Forbidden for url: https://www.bseindia.com/stockinfo/AnnPdfOpen.aspx?Pname=1596e136-d17e-4f8d-89b7-5314582fdaaf.pdf
2026-01-24 10:44:46.207384 | Sindhu Trade Links Ltd | 403 Client Error: Forbidden for url: https://www.bseindia.com/stockinfo/AnnPdfOpen.aspx?Pname=ebbb677c-cdd1-49ba-81a3-bc798923d869.pdf
2026-01-24 10:44:46.585653 | Unitech Ltd | 403 Client Error: Forbidden for url: https://www.bseindia.com/stockinfo/AnnPdfOpen.aspx?Pname=4cd67679-06e6-4b1b-95a6-78dec342cb4f.pdf
2026-01-24 10:44:46.947374 | 63 Moons Technologies Ltd | 403 Client Error: Forbidden for url: https://www.bseindia.com/stockinfo/AnnPdfOpen.aspx?Pname=b57283ef-4f48-4e5b-96e7-1f742de75af0.pdf
2026-01-24 10:44:47.327288 | Shalimar Paints Ltd- | 403 Client Error: Forbidden for url: https://www.bseindia.com/stockinfo/AnnPdfOpen.aspx?Pname=a7d0ebe6-b143-43d2-9d3a-deba61212f3b.pdf
2026-01-24 10:44:47.668090 | MSTC Ltd | 403 Client Error: Forbidden for url: https://www.bseindia.com/stockinfo/AnnPdfOpen.aspx?Pname=5602f1da-4034-4900-9172-52f5961288a4.pdf
2026-01-24 10:44:48.025641 | Sigachi Industries Ltd | 403 Client Error: Forbidden for url: https://www.bseindia.com/stockinfo/AnnPdfOpen.aspx?Pname=1ef6336c-7b5d-4fca-b7d1-37a4db15cab9.pdf
2026-01-24 10:44:48.418249 | Jagsonpal Pharmaceuticals Ltd | 403 Client Error: Forbidden for url: https://www.bseindia.com/stockinfo/AnnPdfOpen.aspx?Pname=64f9c133-060b-4a62-9ae4-e678583e3d52.pdf
2026-01-24 10:44:48.796399 | Ganesh Benzoplast Ltd | 403 Client Error: Forbidden for url: https://www.bseindia.com/stockinfo/AnnPdfOpen.aspx?Pname=7c63d629-8382-4145-b89a-1c466ec91f78.pdf
2026-01-24 10:44:49.134865 | Shree Renuka Sugars Ltd | 403 Client Error: Forbidden for url: https://www.bseindia.com/stockinfo/AnnPdfOpen.aspx?Pname=3f91a273-1ecc-46b8-b6a5-144ae898befc.pdf
2026-01-24 10:44:49.485753 | Allcargo Logistics Ltd | 403 Client Error: Forbidden for url: https://www.bseindia.com/stockinfo/AnnPdfOpen.aspx?Pname=2d302ede-8be6-4d07-9020-2ce2b4acd48d.pdf
2026-01-24 10:44:49.850647 | Sarda Energy & Minerals Ltd- | 403 Client Error: Forbidden for url: https://www.bseindia.com/stockinfo/AnnPdfOpen.aspx?Pname=624f0508-e1bc-4943-8f13-17442acd34b8.pdf
2026-01-24 10:44:50.232369 | Gujarat Alkalies and Chemicals Ltd | 403 Client Error: Forbidden for url: https://www.bseindia.com/stockinfo/AnnPdfOpen.aspx?Pname=8fa66a46-2f8f-40b3-88d6-010c18c461d1.pdf
2026-01-24 10:44:50.576752 | Gujarat State Fertilizers & Chemicals Ltd | 403 Client Error: Forbidden for url: https://www.bseindia.com/stockinfo/AnnPdfOpen.aspx?Pname=853115c1-a236-4013-99b8-e1ddfaf767b8.pdf
2026-01-24 10:44:50.934026 | Redtape Ltd | 403 Client Error: Forbidden for url: https://www.bseindia.com/stockinfo/AnnPdfOpen.aspx?Pname=44db32e7-9f07-4207-a24e-f3b7838ecb16.pdf
2026-01-24 10:44:51.308374 | SJVN Ltd | 403 Client Error: Forbidden for url: https://www.bseindia.com/stockinfo/AnnPdfOpen.aspx?Pname=6bda71fb-55ee-451e-b917-2392c43af146.pdf
2026-01-24 10:44:51.687943 | Apollo Pipes Ltd | 403 Client Error: Forbidden for url: https://www.bseindia.com/stockinfo/AnnPdfOpen.aspx?Pname=8c7c7527-3d1d-49b2-9520-3add669c158b.pdf
2026-01-24 10:44:52.066099 | Carysil Ltd | 403 Client Error: Forbidden for url: https://www.bseindia.com/stockinfo/AnnPdfOpen.aspx?Pname=403197ef-6670-4dc7-8ab7-1bef6f0e5e7e.pdf
2026-01-24 10:44:52.434098 | Star Cement Ltd | 403 Client Error: Forbidden for url: https://www.bseindia.com/stockinfo/AnnPdfOpen.aspx?Pname=ffdadd38-ac5b-4590-bc6c-7d80757a7d15.pdf
2026-01-24 10:44:52.763415 | Venus Pipes & Tubes Ltd | 403 Client Error: Forbidden for url: https://www.bseindia.com/stockinfo/AnnPdfOpen.aspx?Pname=bc79344b-1fc3-4a33-a85d-ff8d37324080.pdf
2026-01-24 10:44:53.101371 | Techno Electric & Engineering Company Ltd | 403 Client Error: Forbidden for url: https://www.bseindia.com/stockinfo/AnnPdfOpen.aspx?Pname=1605458b-b34f-436e-a64c-6f7ba2fb4870.pdf
2026-01-24 10:44:53.384619 | Supriya Lifescience Ltd | 403 Client Error: Forbidden for url: https://www.bseindia.com/stockinfo/AnnPdfOpen.aspx?Pname=dd7e40e1-eb93-4e3c-b2cb-4362e0621326.pdf
2026-01-24 10:44:53.693931 | Indostar Capital Finance Ltd | 403 Client Error: Forbidden for url: https://www.bseindia.com/stockinfo/AnnPdfOpen.aspx?Pname=7b285bbd-a0b3-478a-b5cb-fd9577f64857.pdf
2026-01-24 10:44:53.997376 | Acutaas Chemicals Ltd | 403 Client Error: Forbidden for url: https://www.bseindia.com/stockinfo/AnnPdfOpen.aspx?Pname=69937a71-1716-4b15-9c66-30c29c954ed5.pdf
2026-01-24 10:44:54.308606 | Amines & Plasticizers Ltd | 403 Client Error: Forbidden for url: https://www.bseindia.com/stockinfo/AnnPdfOpen.aspx?Pname=2212abfe-98f9-4e0a-a8c9-18f1cca696ca.pdf
2026-01-24 10:44:54.614053 | Jamna Auto Industries Ltd | 403 Client Error: Forbidden for url: https://www.bseindia.com/stockinfo/AnnPdfOpen.aspx?Pname=094b02b9-87e6-4416-8130-0bdaddc0983a.pdf
2026-01-24 10:44:54.930276 | Signatureglobal (India) Ltd | 403 Client Error: Forbidden for url: https://www.bseindia.com/stockinfo/AnnPdfOpen.aspx?Pname=82f91bc9-23e4-471a-83c2-e2e07f0be43a.pdf
2026-01-24 10:44:55.241829 | Honasa Consumer Ltd | 403 Client Error: Forbidden for url: https://www.bseindia.com/stockinfo/AnnPdfOpen.aspx?Pname=0be57a1d-5961-4a05-b20f-2cc0adf3cef2.pdf
2026-01-24 10:44:55.541463 | Gateway Distriparks Ltd | 403 Client Error: Forbidden for url: https://www.bseindia.com/stockinfo/AnnPdfOpen.aspx?Pname=fad3d1d3-06f7-4ac3-8eaa-625dc3f5b36c.pdf
2026-01-24 10:44:55.849683 | General Insurance Corporation of India | 403 Client Error: Forbidden for url: https://www.bseindia.com/stockinfo/AnnPdfOpen.aspx?Pname=6f1716e1-e50b-4e3f-8673-6f84c1f6e8ca.pdf
2026-01-24 10:44:56.193953 | Rhi Magnesita India Ltd | 403 Client Error: Forbidden for url: https://www.bseindia.com/stockinfo/AnnPdfOpen.aspx?Pname=6926a5df-3607-41c3-99b7-e3f5f0df38c4.pdf
2026-01-24 10:44:56.565323 | Dixon Technologies (India) Ltd | 403 Client Error: Forbidden for url: https://www.bseindia.com/stockinfo/AnnPdfOpen.aspx?Pname=9bcc4c8e-7802-4d9e-8829-5f589a8ddaa4.pdf
2026-01-24 10:44:56.888705 | Vinati Organics Ltd- | 403 Client Error: Forbidden for url: https://www.bseindia.com/stockinfo/AnnPdfOpen.aspx?Pname=0a201f01-75a7-475f-bed2-984dc07faf41.pdf
2026-01-24 10:44:57.208526 | Cupid Ltd- | 403 Client Error: Forbidden for url: https://www.bseindia.com/stockinfo/AnnPdfOpen.aspx?Pname=6ee58561-b508-486c-9d39-552b3e7d8105.pdf
2026-01-24 10:44:57.545272 | National Fertilizers Ltd | 403 Client Error: Forbidden for url: https://www.bseindia.com/stockinfo/AnnPdfOpen.aspx?Pname=f663b094-4727-459f-80b5-aa5182e2b3f7.pdf
2026-01-24 10:44:57.851531 | Vakrangee Ltd- | 403 Client Error: Forbidden for url: https://www.bseindia.com/stockinfo/AnnPdfOpen.aspx?Pname=0ada9929-3ea0-4619-83d2-a871d3713afe.pdf
2026-01-24 10:44:58.185218 | Hathway Cable & Datacom Ltd | 403 Client Error: Forbidden for url: https://www.bseindia.com/stockinfo/AnnPdfOpen.aspx?Pname=11b8d080-5396-4af7-a94a-32905560e55f.pdf
2026-01-24 10:55:45.125820 | Innova Captab Ltd | 403 Client Error: Forbidden for url: https://www.bseindia.com/stockinfo/AnnPdfOpen.aspx?Pname=6736f655-4b93-4b72-ad11-42fca1a72e1b.pdf
2026-01-24 10:55:50.447119 | Alembic Ltd | 403 Client Error: Forbidden for url: https://www.bseindia.com/stockinfo/AnnPdfOpen.aspx?Pname=c563fbb6-70b8-43c2-86e2-ebe3ffadb3d4.pdf
2026-01-24 10:55:55.768366 | Happiest Minds Technologies Ltd | 403 Client Error: Forbidden for url: https://www.bseindia.com/stockinfo/AnnPdfOpen.aspx?Pname=3632a2f2-4e90-4e59-adec-f241851d1bab.pdf
2026-01-24 10:57:33.754221 | Innova Captab Ltd | 403 Client Error: Forbidden for url: https://www.bseindia.com/stockinfo/AnnPdfOpen.aspx?Pname=6736f655-4b93-4b72-ad11-42fca1a72e1b.pdf
2026-01-24 10:57:39.092799 | Alembic Ltd | 403 Client Error: Forbidden for url: https://www.bseindia.com/stockinfo/AnnPdfOpen.aspx?Pname=c563fbb6-70b8-43c2-86e2-ebe3ffadb3d4.pdf
2026-01-24 10:57:44.426770 | Happiest Minds Technologies Ltd | 403 Client Error: Forbidden for url: https://www.bseindia.com/stockinfo/AnnPdfOpen.aspx?Pname=3632a2f2-4e90-4e59-adec-f241851d1bab.pdf
2026-01-24 10:57:49.786028 | Balkrishna Industries Ltd- | 403 Client Error: Forbidden for url: https://www.bseindia.com/stockinfo/AnnPdfOpen.aspx?Pname=340b63c6-cfb1-4928-9f8d-ffb87b3c98e9.pdf
2026-01-24 10:57:55.215839 | Shanthi Gears Ltd | 403 Client Error: Forbidden for url: https://www.bseindia.com/stockinfo/AnnPdfOpen.aspx?Pname=8df3a76f-b120-43e5-9c35-88cc969e9e86.pdf
2026-01-24 10:58:00.560465 | Sumitomo Chemical India Ltd | 403 Client Error: Forbidden for url: https://www.bseindia.com/stockinfo/AnnPdfOpen.aspx?Pname=ee0e8bd0-b332-4b69-b622-6272131d6332.pdf
2026-01-24 10:59:45.055817 | Innova Captab Ltd | 403 Client Error: Forbidden for url: https://www.bseindia.com/stockinfo/AnnPdfOpen.aspx?Pname=6736f655-4b93-4b72-ad11-42fca1a72e1b.pdf
2026-01-24 10:59:50.396379 | Alembic Ltd | 403 Client Error: Forbidden for url: https://www.bseindia.com/stockinfo/AnnPdfOpen.aspx?Pname=c563fbb6-70b8-43c2-86e2-ebe3ffadb3d4.pdf
2026-01-24 10:59:55.752161 | Happiest Minds Technologies Ltd | 403 Client Error: Forbidden for url: https://www.bseindia.com/stockinfo/AnnPdfOpen.aspx?Pname=3632a2f2-4e90-4e59-adec-f241851d1bab.pdf
2026-01-24 11:45:59.047551 | Sun Pharmaceutical Industries Ltd | 'charmap' codec can't encode character '\u2082' in position 166: character maps to <undefined>
